url,headline,source,headline_clean,label,headline_length_words,headline_length_chars
https://www.nbcnews.com/news/weather/heavy-rain-rare-flooding-dubai-middle-east-rcna148056,Record floods hit desert city Dubai,NBC,Record floods hit desert city Dubai,0,6,35
https://www.nbcnews.com/politics/2024-election/live-blog/trump-harris-presidential-election-live-updates-rcna172156/rcrd56341?canonicalCard=true,Blinken says he's 'profoundly disappointed' over contempt vote,NBC,Blinken says he's 'profoundly disappointed' over contempt vote,0,8,62
https://www.foxnews.com/lifestyle/this-day-history-august-22-british-invade-brooklyn-sea,"On this day in history, August 22, 1776, the British invade Brooklyn by sea",FoxNews,"On this day in history, August 22, 1776, the British invade Brooklyn by sea",1,14,75
https://www.foxnews.com/media/skipping-super-bowl-sit-down-twice-biden-continues-months-long-streak-avoiding-serious-news-interviews,"Skipping the Super Bowl sit down twice, Biden continues months long streak of avoiding serious interviews",FoxNews,"Skipping the Super Bowl sit down twice, Biden continues months long streak of avoiding serious interviews",1,16,105
https://www.foxnews.com/health/americans-need-more-sleep-less-stress-experts-say-gallup-poll-reveals-troubling-findings,"Americans need more sleep, less stress, experts say, as Gallup poll reveals troubling findings",FoxNews,"Americans need more sleep, less stress, experts say, as Gallup poll reveals troubling findings",1,14,94
https://www.foxnews.com/lifestyle/meet-american-who-inspired-nation-two-world-wars-christian-soldier-sgt-alvin-york.print,Meet the American who inspired the nation in two world wars: Christian soldier Sgt. Alvin York,FoxNews,Meet the American who inspired the nation in two world wars: Christian soldier Sgt. Alvin York,1,16,94
https://www.foxnews.com/lifestyle/wisconsin-father-son-thank-military-heroes,Wisconsin father son duo thank America’s military heroes from the ‘bottom of our heart’,FoxNews,Wisconsin father son duo thank America’s military heroes from the ‘bottom of our heart’,1,14,87
https://www.nbcnews.com/news/nbcblk/maya-rudolph-nabs-sixth-emmy-angela-basset-wins-first-creative-arts-em-rcna170125,Maya Rudolph nabs sixth Emmy and Angela Basset wins her first at Creative Arts Emmys,NBC,Maya Rudolph nabs sixth Emmy and Angela Basset wins her first at Creative Arts Emmys,0,15,84
https://www.foxnews.com/us/killer-mom-susan-smith-disciplined-behind-bars-weeks-before-parole-hearing,Killer mom Susan Smith disciplined behind bars weeks before parole hearing,FoxNews,Killer mom Susan Smith disciplined behind bars weeks before parole hearing,1,11,74
https://www.nbcnews.com/select/shopping/best-vacuums-pet-hair-ncna1304554,Every pet owner should own one of these vacuums to keep your home fur free,NBC,Every pet owner should own one of these vacuums to keep your home fur free,0,15,74
https://www.foxnews.com/media/top-5-friendliest-moments-kamala-harris-media-blitz-next-president-united-states.print,Top 5 friendliest moments from Kamala Harris' media blitz: 'The next president of the United States',FoxNews,Top 5 friendliest moments from Kamala Harris' media blitz: 'The next president of the United States',1,16,100
https://www.foxnews.com/entertainment/hilary-duff-how-i-met-your-father-series-sequel-hulu,Hilary Duff lands ‘How I Met Your Father’ series sequel role for Hulu,FoxNews,Hilary Duff lands ‘How I Met Your Father’ series sequel role for Hulu,1,13,69
https://www.foxnews.com/media/fox-news-channel-outdraws-msnbc-cnn-during-august-finish-cables-largest-audience,"Channel outdraws MSNBC, CNN during August to finish with cable’s largest audience",FoxNews,"Channel outdraws MSNBC, CNN during August to finish with cable’s largest audience",1,12,81
https://www.nbcnews.com/select/shopping/hungryroot-meal-delivery-service-ncna1296414,We tested more than a dozen meal delivery services these are the ones we recommend,NBC,We tested more than a dozen meal delivery services these are the ones we recommend,0,15,82
https://www.nbcnews.com/politics/2024-election/kamala-harris-talks-mcdonalds-gig-criticizing-trumps-economic-plans-rcna172763,Harris talks up McDonald's gig in criticizing Trump's economic plans,NBC,Harris talks up McDonald's gig in criticizing Trump's economic plans,0,10,68
https://www.nbcnews.com/news/world/iran-israel-retaliation-airstrike-damascus-embassy-rcna145979,"Iran vows retaliation on Israel after commanders' deaths, raising fears of war spiraling",NBC,"Iran vows retaliation on Israel after commanders' deaths, raising fears of war spiraling",0,13,88
https://www.nbcnews.com/news/us-news/victims-atlanta-area-spa-shootings-include-recently-married-mother-army-n1261430,"Victims in Atlanta area spa shootings include recently married mother, Army veteran",NBC,"Victims in Atlanta area spa shootings include recently married mother, Army veteran",0,12,83
https://www.nbcnews.com/select/shopping/grace-and-stella-eye-masks-rcna158309,Our editors' go to eye masks are 57% off during Prime Day,NBC,Our editors' go to eye masks are 57% off during Prime Day,0,12,57
https://www.foxnews.com/politics/democrats-harris-gop-nominee-2024,"Democrats concerned Harris couldn't beat a GOP nominee, even if Trump: report",FoxNews,"Democrats concerned Harris couldn't beat a GOP nominee, even if Trump: report",1,12,77
https://www.nbcnews.com/news/us-news/death-row-inmate-wrestled-guilt-addiction-execution-rcna175749,A death row inmate wrestled with guilt and addiction before his execution,NBC,A death row inmate wrestled with guilt and addiction before his execution,0,12,73
https://www.nbcnews.com/select/shopping/best-vitamin-e-skin-care-products-rcna103948,Is vitamin E the missing ingredient your skin needs? Here's what derms say.,NBC,Is vitamin E the missing ingredient your skin needs? Here's what derms say.,0,13,75
https://www.nbcnews.com/health/health-news/university-alabama-pauses-ivf-services-court-rules-embryos-are-childre-rcna139846,Three Alabama clinics pause IVF services after court rules that embryos are children,NBC,Three Alabama clinics pause IVF services after court rules that embryos are children,0,13,84
https://www.nbcnews.com/politics/donald-trump/key-takeaways-trump-indictment-jack-smith-2020-election-rcna97648,5 things to know about the special counsel's indictment of Donald Trump,NBC,5 things to know about the special counsel's indictment of Donald Trump,0,12,71
https://www.foxnews.com/lifestyle/day-history-1775-us-postal-system-established-ben-franklin,"On this day in history in 1775, US postal system established under Ben Franklin",FoxNews,"On this day in history in 1775, US postal system established under Ben Franklin",1,14,79
https://www.foxnews.com/politics/popular-pa-democratic-mayor-warns-trump-out-messaging-harris-fringes-hurting-parties,Popular PA Democratic mayor warns Trump is ‘out messaging’ Harris: 'I get more from Colbert',FoxNews,Popular PA Democratic mayor warns Trump is ‘out messaging’ Harris: 'I get more from Colbert',1,15,92
https://www.foxnews.com/media/cnns-christiane-amanpour-calls-out-boss-chris-licht-offers-stunning-rebuke-trump-town-hall,"CNN's Christiane Amanpour calls out boss Chris Licht, offers stunning rebuke of Trump town hall",FoxNews,"CNN's Christiane Amanpour calls out boss Chris Licht, offers stunning rebuke of Trump town hall",1,15,95
https://www.nbcnews.com/tech/internet/trump-shares-ai-generated-images-taylor-swift-fans-supporting-rcna167126,Trump shares AI generated images of Taylor Swift and her fans supporting him,NBC,Trump shares AI generated images of Taylor Swift and her fans supporting him,0,13,76
https://www.foxnews.com/us/new-jersey-couple-just-sitting-backyard-when-massive-object-falls-from-sky-out-nowhere.print,New Jersey couple just sitting in their backyard when massive object falls from sky 'out of nowhere',FoxNews,New Jersey couple just sitting in their backyard when massive object falls from sky 'out of nowhere',1,17,100
https://www.foxnews.com/us/watch-florida-police-officers-lift-car-off-man-trapped-underneath.print,WATCH: Florida police officers lift car off man trapped underneath 'somebody pull him out!',FoxNews,WATCH: Florida police officers lift car off man trapped underneath 'somebody pull him out!',1,14,91
https://www.nbcnews.com/tech/internet/internet-blackout-hits-gaza-israel-ramps-strikes-rcna122531,Near total internet and cellular blackout hits Gaza as Israel ramps up strikes,NBC,Near total internet and cellular blackout hits Gaza as Israel ramps up strikes,0,13,78
https://www.foxnews.com/politics/harris-proposes-hiking-corporate-tax-rate-reversing-trump-era-business-tax-cuts,"Harris proposes major corporate tax hike, reversing Trump era cuts",FoxNews,"Harris proposes major corporate tax hike, reversing Trump era cuts",1,10,66
https://www.nbcnews.com/politics/2024-election/gop-bob-casey-family-ties-pennsylvania-senate-race-rcna159748,GOP turns the spotlight on Sen. Bob Casey's family ties in key Pennsylvania race,NBC,GOP turns the spotlight on Sen. Bob Casey's family ties in key Pennsylvania race,0,14,80
https://www.nbcnews.com/news/us-news/delphi-murders-trial-richard-allen-what-know-rcna175789,Delphi murders trial: What we know about Richard Allen and the teens he was convicted of killing,NBC,Delphi murders trial: What we know about Richard Allen and the teens he was convicted of killing,0,17,96
https://www.nbcnews.com/news/world/north-korea-kim-jong-un-russia-vladimir-putin-ukraine-rcna104563,North Korea’s Kim Jong Un arrives in Russia for possible arms talks with Putin,NBC,North Korea’s Kim Jong Un arrives in Russia for possible arms talks with Putin,0,14,78
https://www.nbcnews.com/politics/2024-primary-elections/minnesota-house-results,Minnesota House Primary Election 2024 Live Results,NBC,Minnesota House Primary Election 2024 Live Results,0,7,50
https://www.foxnews.com/media/usc-student-recounts-disappointment-graduation-commencement-canceled-anti-israel-protests,USC student recounts disappointment after graduation commencement was canceled due to anti Israel protests,FoxNews,USC student recounts disappointment after graduation commencement was canceled due to anti Israel protests,1,14,106
https://www.foxnews.com/entertainment/cindy-williams-laverne-shirley-actress-dead-75,"Cindy Williams, 'Laverne & Shirley' actress, dead at 75",FoxNews,"Cindy Williams, 'Laverne & Shirley' actress, dead at 75",1,9,55
https://www.foxnews.com/entertainment/gwyneth-paltrow-brad-pitt-sent-really-beautiful-gift,Gwyneth Paltrow reveals ex Brad Pitt recently sent her ‘really beautiful’ gift,FoxNews,Gwyneth Paltrow reveals ex Brad Pitt recently sent her ‘really beautiful’ gift,1,12,78
https://www.foxnews.com/us/idaho-move-resurrect-firing-squad-makes-sense-quickest-surest-death-penalty-option-expert-says,"Idaho's move to resurrect firing squad 'makes sense' as 'quickest, surest' death penalty option, expert says",FoxNews,"Idaho's move to resurrect firing squad 'makes sense' as 'quickest, surest' death penalty option, expert says",1,16,108
https://www.foxnews.com/politics/biden-gives-word-response-when-asked-when-hell-debate-trump,Biden gives 3 word response when asked when he'll debate Trump,FoxNews,Biden gives 3 word response when asked when he'll debate Trump,1,11,62
https://www.nbcnews.com/select/shopping/best-digital-photo-frames-ncna1285876,"The best digital photo frames and smart art displays, according to a tech expert",NBC,"The best digital photo frames and smart art displays, according to a tech expert",0,14,80
https://www.nbcnews.com/politics/elections/abortion-rights-won-every-election-roe-v-wade-overturned-rcna99031,Abortion rights have won in every election since Roe v. Wade was overturned,NBC,Abortion rights have won in every election since Roe v. Wade was overturned,0,13,75
https://www.nbcnews.com/news/latino/goldman-environmental-prize-awarded-latina-organizer-fighting-air-poll-rcna149449,Goldman Environmental Prize awarded to Latina organizer fighting air pollution crisis,NBC,Goldman Environmental Prize awarded to Latina organizer fighting air pollution crisis,0,11,85
https://www.foxnews.com/entertainment/denise-richards-confesses-hell-charlie-sheen-addiction-struggles.print,Denise Richards confesses she went through 'hell and back' for Charlie Sheen during addiction struggles,FoxNews,Denise Richards confesses she went through 'hell and back' for Charlie Sheen during addiction struggles,1,15,103
https://www.nbcnews.com/sports/nfl/nfl-stadiums-experience-11-billion-climate-related-losses-2050-new-rep-rcna176083,"NFL stadiums could experience $11 billion in climate related losses by 2050, a new report finds",NBC,"NFL stadiums could experience $11 billion in climate related losses by 2050, a new report finds",0,16,95
https://www.nbcnews.com/news/world/kim-jong-un-vladimir-putin-meeting-russia-rcna104775,Kim and Putin meet at Russian spaceport for possible arms talks,NBC,Kim and Putin meet at Russian spaceport for possible arms talks,0,11,63
https://www.nbcnews.com/news/us-news/live-blog/columbia-protests-live-update-encampment-continue-college-negotiates-p-rcna149111,Campus protests: Pro Palestinian demonstrations spread as some schools crack down,NBC,Campus protests: Pro Palestinian demonstrations spread as some schools crack down,0,11,81
https://www.nbcnews.com/news/world/bangladesh-suspends-internet-28-killed-deadly-protests-government-jobs-rcna162665,Bangladesh security forces fire bullets and sound grenades as protests over government jobs escalate,NBC,Bangladesh security forces fire bullets and sound grenades as protests over government jobs escalate,0,14,100
https://www.nbcnews.com/tech/social-media/instagram-palestinian-journalists-digital-creators-document-gaza-strik-rcna123067,"On Instagram, Palestinian journalists and digital creators documenting Gaza strikes see surge in followers",NBC,"On Instagram, Palestinian journalists and digital creators documenting Gaza strikes see surge in followers",0,14,106
https://www.foxnews.com/media/trump-mocks-bidens-beach-naps-somebody-convinced-him-he-looks-great-bathing-suit.print,Trump mocks Biden's beach naps: 'somebody convinced him he looks great in a bathing suit',FoxNews,Trump mocks Biden's beach naps: 'somebody convinced him he looks great in a bathing suit',1,15,89
https://www.nbcnews.com/politics/supreme-court/supreme-court-weighs-challenge-biden-ban-untraceable-ghost-gun-kits-rcna174278,Supreme Court appears likely to uphold Biden plan to crack down on 'ghost gun' kits,NBC,Supreme Court appears likely to uphold Biden plan to crack down on 'ghost gun' kits,0,15,83
https://www.nbcnews.com/news/world/apple-opens-first-india-store-tim-cook-rcna80156,Apple opens first India store as fans take selfies with CEO Tim Cook,NBC,Apple opens first India store as fans take selfies with CEO Tim Cook,0,13,68
https://www.nbcnews.com/news/world/israeli-elections-trump-no-longer-centerpiece-netanyahu-s-bid-power-n1261605,Trump no longer centerpiece as Netanyahu again bids for power in Israel,NBC,Trump no longer centerpiece as Netanyahu again bids for power in Israel,0,12,71
https://www.nbcnews.com/news/world/hostages-released-hamas-israel-ceasefire-deal-thai-captives-egypt-rcna126380,24 hostages are released as Israel Hamas deal pauses Gaza fighting,NBC,24 hostages are released as Israel Hamas deal pauses Gaza fighting,0,11,66
https://www.nbcnews.com/news/us-news/hamas-israel-hostages-tell-loved-ones-stories-rcna119509,Hostages in Israel update: Families of loved ones taken by Hamas share their horrific stories,NBC,Hostages in Israel update: Families of loved ones taken by Hamas share their horrific stories,0,15,93
https://www.foxnews.com/lifestyle/amid-tornado-wedding-couple-forced-first-dance-basement-chaos-ensued,"Amid tornado, wedding couple forced to have first dance in basement: 'Chaos ensued'",FoxNews,"Amid tornado, wedding couple forced to have first dance in basement: 'Chaos ensued'",1,13,83
https://www.foxnews.com/us/rachel-morins-family-slams-biden-harris-silence-over-her-murder-allegedly-committed-illegal-migrant,Rachel Morin's family slams Biden Harris for silence over her murder allegedly committed by illegal migrant,FoxNews,Rachel Morin's family slams Biden Harris for silence over her murder allegedly committed by illegal migrant,1,16,107
https://www.nbcnews.com/select/shopping/grill-cleaning-supplies-brushes-scrapers-ncna1295310,The best way to clean your grill,NBC,The best way to clean your grill,0,7,32
https://www.foxnews.com/lifestyle/celine-dion-pennsylvania-man-fighting-stiff-person-syndrome-everything-have,"Like Celine Dion, Pennsylvania man is fighting Stiff Person Syndrome 'with everything I have’",FoxNews,"Like Celine Dion, Pennsylvania man is fighting Stiff Person Syndrome 'with everything I have’",1,14,93
https://www.nbcnews.com/science/environment/gulf-mexico-hot-hurricane-season-ominously-quiet-rcna168040,"The Gulf of Mexico is blazing hot, but hurricane season is ominously quiet",NBC,"The Gulf of Mexico is blazing hot, but hurricane season is ominously quiet",0,13,74
https://www.foxnews.com/politics/sheldon-whitehouse-doesnt-denounce-all-white-beach-club-his-family-belongs-to,Sheldon Whitehouse doesn't denounce super exclusive beach club his family belongs to,FoxNews,Sheldon Whitehouse doesn't denounce super exclusive beach club his family belongs to,1,12,84
https://www.foxnews.com/politics/lake-rips-biden-harris-double-whammy-policies-affecting-arizonans-driven-us-over-the-cliff,Lake rips Biden Harris 'double whammy' policies affecting Arizonans : 'Driven us over the cliff',FoxNews,Lake rips Biden Harris 'double whammy' policies affecting Arizonans : 'Driven us over the cliff',1,15,96
https://www.nbcnews.com/politics/national-security/biden-increases-criticism-israel-gaza-still-provides-military-aid-rcna141775,Biden admin carefully ups criticism of Israel but stops short of cutting off military aid,NBC,Biden admin carefully ups criticism of Israel but stops short of cutting off military aid,0,15,89
https://www.nbcnews.com/tech/social-media/brazils-suspension-x-hurting-stan-twitter-rcna169518,How Brazil's suspension of X is hurting 'stan Twitter',NBC,How Brazil's suspension of X is hurting 'stan Twitter',0,9,54
"https://www.foxnews.com/us/trump-assassination-attempt-suspects-former-neighbor-says-family-weird-kept-horse-house#&_intcmp=fnhpbt1,hp1bt","Trump assassination attempt suspect's former neighbor says family was 'weird,' kept a 'horse in the house'",FoxNews,"Trump assassination attempt suspect's former neighbor says family was 'weird,' kept a 'horse in the house'",1,16,106
https://www.nbcnews.com/politics/donald-trump/trump-fringe-online-claim-immigrants-eating-pets-debate-trump-rcna170759,How a fringe online claim about immigrants eating pets made its way to the debate stage,NBC,How a fringe online claim about immigrants eating pets made its way to the debate stage,0,16,87
https://www.nbcnews.com/select/shopping/best-bed-bath-awards-2023-rcna103452,We tried dozens of bed and bath essentials these are the best,NBC,We tried dozens of bed and bath essentials these are the best,0,12,61
https://www.nbcnews.com/select/shopping/dermatologists-skin-care-routine-ncna1303681,Five dermatologists share their everyday skin care routines,NBC,Five dermatologists share their everyday skin care routines,0,8,59
https://www.foxnews.com/lifestyle/meet-american-discovered-science-defines-two-genders-nettie-stevens-research-pioneer,"Meet the American who unlocked the science of gender, Nettie Stevens, female research pioneer",FoxNews,"Meet the American who unlocked the science of gender, Nettie Stevens, female research pioneer",1,14,93
https://www.nbcnews.com/science/environment/microplastics-found-fresh-snow-antarctica-rcna32862,Microplastics found in fresh snow on Antarctica,NBC,Microplastics found in fresh snow on Antarctica,0,7,47
https://www.foxnews.com/media/nearly-two-thirds-americans-believe-illegal-immigration-real-crisis-not-media-narrative-poll,"Nearly two thirds of Americans believe illegal immigration is real crisis, not a media narrative: poll",FoxNews,"Nearly two thirds of Americans believe illegal immigration is real crisis, not a media narrative: poll",1,16,102
https://www.nbcnews.com/select/shopping/best-gifts-music-lovers-ncna1300145,These gifts for music lovers will hit a high note every time,NBC,These gifts for music lovers will hit a high note every time,0,12,60
https://www.foxnews.com/politics/new-poll-shows-harris-trump-splitting-key-states,"New poll shows Harris, Trump splitting 2 key states",FoxNews,"New poll shows Harris, Trump splitting 2 key states",1,9,51
https://www.foxnews.com/media/ron-desantis-says-harris-has-no-role-hurricane-preparation-i-dont-have-time-political-games,Ron DeSantis says Harris has 'no role' in hurricane response: 'I don't have time for political games',FoxNews,Ron DeSantis says Harris has 'no role' in hurricane response: 'I don't have time for political games',1,17,101
https://www.nbcnews.com/news/world/israel-west-bank-palestinians-deadliest-year-united-nations-report-rcna54643,"2022 likely to be deadliest year for Palestinians in the occupied West Bank, U.N. says",NBC,"2022 likely to be deadliest year for Palestinians in the occupied West Bank, U.N. says",0,15,86
https://www.foxnews.com/politics/elizabeth-warren-warns-dems-stand-firm-tax-hikes-fight-looms-over-trump-era-cuts,Elizabeth Warren warns Dems to stand firm on tax hikes as fight looms over Trump era cuts,FoxNews,Elizabeth Warren warns Dems to stand firm on tax hikes as fight looms over Trump era cuts,1,17,89
https://www.foxnews.com/world/lebanon-explosions-dozens-wounded-after-pagers-detonate-state-media-report,"Lebanon explosions: Hezbollah apparently targeted as pagers detonate, several dead, thousands hurt",FoxNews,"Lebanon explosions: Hezbollah apparently targeted as pagers detonate, several dead, thousands hurt",1,12,98
https://www.nbcnews.com/select/shopping/best-hair-beard-trimmer-men-ncna1184431,These expert recommend beard trimmers are versatile and long lasting,NBC,These expert recommend beard trimmers are versatile and long lasting,0,10,68
https://www.foxnews.com/us/delphi-murders-cvs-employee-accused-killing-2-girls-own-worst-enemy-expert-says,"Delphi murders: Man charged with killing 2 girls is 'his own worst enemy,' expert says",FoxNews,"Delphi murders: Man charged with killing 2 girls is 'his own worst enemy,' expert says",1,15,86
https://www.foxnews.com/media/bill-maher-roasts-woke-presentism-magic-moral-time-machine-you-always-win,Bill Maher roasts woke 'presentism': 'A magic moral time machine' where you always win,FoxNews,Bill Maher roasts woke 'presentism': 'A magic moral time machine' where you always win,1,14,86
https://www.nbcnews.com/news/world/north-korea-kim-jong-un-nuclear-superpower-russia-ukraine-rcna174436,North Korea's Kim Jong Un wants to speed up becoming a nuclear superpower,NBC,North Korea's Kim Jong Un wants to speed up becoming a nuclear superpower,0,13,73
https://www.nbcnews.com/news/world/india-change-name-bharat-g20-dinner-invites-rcna103570,India or Bharat? Invites fuel speculation that the country could change its name,NBC,India or Bharat? Invites fuel speculation that the country could change its name,0,13,80
https://www.foxnews.com/travel/florida-woman-traveled-55-countries-cruise-ship-vacations-way-go,"Florida woman has traveled to 55 countries, says cruise ship vacations are the way to go",FoxNews,"Florida woman has traveled to 55 countries, says cruise ship vacations are the way to go",1,16,88
https://www.nbcnews.com/tech/senate-online-child-safety-hearing-what-to-know-rcna136239,"CEOs of TikTok, Meta, Snap and X to testify at Senate online child safety hearing. Here's what to know.",NBC,"CEOs of TikTok, Meta, Snap and X to testify at Senate online child safety hearing. Here's what to know.",0,19,103
https://www.foxnews.com/travel/travel-nfl-best-worst-tailgating-cities-your-wallet,Travel the NFL: Best and worst tailgating cities for your wallet,FoxNews,Travel the NFL: Best and worst tailgating cities for your wallet,1,11,64
https://www.nbcnews.com/politics/2024-election/obama-tells-men-trump-doesnt-represent-real-strength-rcna174283,Obama tells men Trump doesn't represent 'real strength',NBC,Obama tells men Trump doesn't represent 'real strength',0,8,55
https://www.nbcnews.com/tech/misinformation/armed-north-carolina-man-arrested-suspicion-making-threats-fema-worker-rcna175287,"Armed man arrested on suspicion of threatening FEMA workers, authorities say",NBC,"Armed man arrested on suspicion of threatening FEMA workers, authorities say",0,11,76
https://www.nbcnews.com/politics/justice-department/guy-reffitt-first-jan-6-rioter-go-trial-found-guilty-counts-rcna19041,"Guy Reffitt, first Jan. 6 rioter to go to trial, found guilty on all counts",NBC,"Guy Reffitt, first Jan. 6 rioter to go to trial, found guilty on all counts",0,15,75
https://www.foxnews.com/politics/trends-good-swing-county-gop-chair-calls-little-pennsylvania-itll-be-repeat-16.print,Trends are good in the swing county GOP chair calls ‘Little Pennsylvania’: It’ll ‘be a repeat of ‘16’,FoxNews,Trends are good in the swing county GOP chair calls ‘Little Pennsylvania’: It’ll ‘be a repeat of ‘16’,1,18,101
https://www.foxnews.com/health/halloween-costume-contact-lenses-scarier-cdc,Halloween costume contact lenses may be scarier than you think,FoxNews,Halloween costume contact lenses may be scarier than you think,1,10,62
https://www.nbcnews.com/weather/hurricanes/92-people-still-missing-north-carolina-hurricane-helene-governor-says-rcna175503,"92 people still missing in North Carolina after Hurricane Helene, governor says",NBC,"92 people still missing in North Carolina after Hurricane Helene, governor says",0,12,79
https://www.foxnews.com/politics/moms-for-liberty-takes-center-stage-again-2024-republican-presidential-race.print,Moms for Liberty takes center stage again in 2024 Republican presidential race,FoxNews,Moms for Liberty takes center stage again in 2024 Republican presidential race,1,12,78
https://www.foxnews.com/politics/biden-admin-takes-aim-hunters-latest-regulation-preventing-americans-from-hunting,Biden admin takes aim at hunters in latest regulation: 'Preventing Americans from hunting',FoxNews,Biden admin takes aim at hunters in latest regulation: 'Preventing Americans from hunting',1,13,90
https://www.nbcnews.com/news/world/russia-china-vladimir-putin-xi-jingpin-ukraine-rcna152749,Putin concludes China trip by emphasizing ties with Russia,NBC,Putin concludes China trip by emphasizing ties with Russia,0,9,58
https://www.foxnews.com/us/rachel-morin-murder-illegal-immigrant-from-el-salvador-charged-rape-killing-maryland-mom-5,"Rachel Morin murder: Illegal immigrant from El Salvador charged in rape, killing of Maryland mom of 5",FoxNews,"Rachel Morin murder: Illegal immigrant from El Salvador charged in rape, killing of Maryland mom of 5",1,17,101
https://www.nbcnews.com/politics/supreme-court/clarence-thomas-opinion-jack-smith-appointed-special-counsel-rcna161975,Clarence Thomas signaled how he might rule on a challenge to Trump special counsel. Would other justices follow?,NBC,Clarence Thomas signaled how he might rule on a challenge to Trump special counsel. Would other justices follow?,0,18,112
https://www.nbcnews.com/politics/donald-trump/trump-meeting-republicans-first-visit-capitol-hill-jan-6-rcna156779,Republicans host 'pep rally' with Trump in his first visit to Capitol Hill since Jan. 6 attack,NBC,Republicans host 'pep rally' with Trump in his first visit to Capitol Hill since Jan. 6 attack,0,17,94
https://www.foxnews.com/media/kamala-harris-asserts-her-presidency-will-not-continuation-bidens,Kamala Harris asserts her presidency 'will not be a continuation' of Biden's,FoxNews,Kamala Harris asserts her presidency 'will not be a continuation' of Biden's,1,12,76
https://www.foxnews.com/media/maher-rips-rappers-profanity-laced-tired-against-usa-sure-big-hit-queers-gaza-crowd,Maher rips rapper's profanity laced tirade against USA: ‘Sure it was a big hit with the Queers for Gaza crowd',FoxNews,Maher rips rapper's profanity laced tirade against USA: ‘Sure it was a big hit with the Queers for Gaza crowd',1,20,110
https://www.foxnews.com/politics/tim-walz-said-he-went-china-dozens-times-now-his-campaign-says-its-closer-15.print,"Tim Walz said he went to China 'dozens' of times, now his campaign says its 'closer to 15'",FoxNews,"Tim Walz said he went to China 'dozens' of times, now his campaign says its 'closer to 15'",1,18,90
https://www.foxnews.com/media/the-view-returns-glowing-endorsement-kamala-harris-flawless-campaign.print,'The View' returns with glowing endorsement of Kamala Harris' 'flawless' campaign,FoxNews,'The View' returns with glowing endorsement of Kamala Harris' 'flawless' campaign,1,11,81
https://www.foxnews.com/entertainment/rumer-willis-pregnant-expecting-baby-with-boyfriend-derek-richard-thomas,"Rumer Willis is pregnant, expecting baby with boyfriend Derek Richard Thomas",FoxNews,"Rumer Willis is pregnant, expecting baby with boyfriend Derek Richard Thomas",1,11,76
https://www.foxnews.com/world/hamas-billionaires-lifestyles-of-rich-terrorists,Hamas billionaires: Lifestyles of the rich and terrorists,FoxNews,Hamas billionaires: Lifestyles of the rich and terrorists,1,8,57
https://www.foxnews.com/politics/dnc-attendees-reject-popular-gop-accusation-of-convention-hypocrisy-apples-and-oranges,DNC attendees reject popular GOP accusation of convention hypocrisy: 'Apples and oranges',FoxNews,DNC attendees reject popular GOP accusation of convention hypocrisy: 'Apples and oranges',1,12,89
https://www.nbcnews.com/news/us-news/phoenix-ends-record-31-day-streak-110-degree-weather-rcna97458,Phoenix ends record 31 day streak of above 110 degree weather,NBC,Phoenix ends record 31 day streak of above 110 degree weather,0,11,61
https://www.nbcnews.com/news/latino/puerto-ricans-displaced-earthquakes-wait-safe-home-amid-roadblocks-delays-n1120941,"Puerto Ricans displaced by earthquakes wait for a safe home amid roadblocks, delays",NBC,"Puerto Ricans displaced by earthquakes wait for a safe home amid roadblocks, delays",0,13,83
https://www.nbcnews.com/politics/white-house/biden-netanyahu-call-rcna94687,Biden speaks with Netanyahu as White House prepares for Herzog meeting,NBC,Biden speaks with Netanyahu as White House prepares for Herzog meeting,0,11,70
https://www.foxnews.com/lifestyle/this-day-history-september-18-1870-old-faithful-geyser-wyoming-discovered-named.print,"On this day in history, September 18, 1870, Old Faithful geyser in Wyoming is documented and named",FoxNews,"On this day in history, September 18, 1870, Old Faithful geyser in Wyoming is documented and named",1,17,98
https://www.foxnews.com/politics/key-pa-region-sees-waitlist-trump-signs-lawmaker-says-voters-ready-reverse-dem-policies.print,Key Pennsylvania region sees ‘waitlist’ for Trump signs; lawmaker says voters ready to reverse Dem policies,FoxNews,Key Pennsylvania region sees ‘waitlist’ for Trump signs; lawmaker says voters ready to reverse Dem policies,1,16,107
https://www.foxnews.com/us/new-york-anti-israel-rally-un-features-sign-supporting-terror-group-hezbollah,New York anti Israel rally at UN features sign supporting terror group Hezbollah,FoxNews,New York anti Israel rally at UN features sign supporting terror group Hezbollah,1,13,80
https://www.foxnews.com/us/anti-israel-agitators-shut-down-traffic-disrupt-cities-all-across-us-demand-gaza-ceasefire,"Anti Israel agitators shut down traffic, disrupt cities all across US in demand for Gaza cease fire",FoxNews,"Anti Israel agitators shut down traffic, disrupt cities all across US in demand for Gaza cease fire",1,17,99
https://www.foxnews.com/health/four-texas-residents-connected-two-kidney-donations-different-cities-timed,Four Texas residents forever connected by two kidney donations in different cities: 'Superbly timed',FoxNews,Four Texas residents forever connected by two kidney donations in different cities: 'Superbly timed',1,14,100
https://www.foxnews.com/politics/obama-speech-secure-border-without-tearing-kids-from-parents-omits-somber-dhs-report-missing-migrants,Obama speech to secure border without 'tearing' kids from parents omits somber DHS report on missing migrants,FoxNews,Obama speech to secure border without 'tearing' kids from parents omits somber DHS report on missing migrants,1,17,109
https://www.foxnews.com/health/ask-doc-can-warming-feet-really-help-sleep-better,Ask a doctor: 'Can warming my feet really help me sleep better?',FoxNews,Ask a doctor: 'Can warming my feet really help me sleep better?',1,12,64
https://www.foxnews.com/sports/defiant-brittany-mahomes-doesnt-give-f-about-what-people-have-say-about-her,Defiant Brittany Mahomes doesn't 'give a f about what people have to say' about her,FoxNews,Defiant Brittany Mahomes doesn't 'give a f about what people have to say' about her,1,15,83
https://www.foxnews.com/politics/fox-news-poll-trump-leads-biden-georgia-receiving-just-over-50-support,"Poll: Trump leads Biden in Georgia, receiving just over 50% support",FoxNews,"Poll: Trump leads Biden in Georgia, receiving just over 50% support",1,11,67
https://www.nbcnews.com/news/world/us-china-climate-change-kerry-rcna94800,"As the world sizzles, U.S. and China try to restart vital climate talks",NBC,"As the world sizzles, U.S. and China try to restart vital climate talks",0,13,71
https://www.nbcnews.com/politics/congress/sen-bernie-sanders-opposes-giving-israel-10-billion-aid-rcna128102,Sen. Bernie Sanders opposes giving Israel $10 billion in aid,NBC,Sen. Bernie Sanders opposes giving Israel $10 billion in aid,0,10,60
https://www.nbcnews.com/politics/2024-election/georgia-election-board-votes-ballots-hand-counted-rcna172015,Georgia election board votes to require ballots be hand counted in November,NBC,Georgia election board votes to require ballots be hand counted in November,0,12,75
https://www.foxnews.com/entertainment/sydney-sweeney-tackles-glen-powell-affair-rumors-saturday-night-live,Sydney Sweeney tackles Glen Powell affair rumors on 'Saturday Night Live',FoxNews,Sydney Sweeney tackles Glen Powell affair rumors on 'Saturday Night Live',1,11,73
https://www.nbcnews.com/politics/2024-election/harris-democratic-convention-hot-ticket-rcna165249,"From a 'wake' to 'Mardi Gras': With Harris, the Democratic convention is a hot ticket",NBC,"From a 'wake' to 'Mardi Gras': With Harris, the Democratic convention is a hot ticket",0,15,85
https://www.foxnews.com/politics/baltimore-bridge-collapse-congressional-leaders-considering-federal-assistance,Baltimore bridge collapse: Congressional leaders considering federal assistance,FoxNews,Baltimore bridge collapse: Congressional leaders considering federal assistance,1,8,79
https://www.nbcnews.com/politics/congress/holding-photos-deceased-children-parents-lobby-congress-pass-online-sa-rcna136835,"Holding photos of their deceased children, parents lobby Congress to pass online safety legislation",NBC,"Holding photos of their deceased children, parents lobby Congress to pass online safety legislation",0,14,99
https://www.nbcnews.com/news/world/israels-knesset-votes-overwhelmingly-palestinian-statehood-netanyahu-p-rcna162466,Israel's Knesset votes overwhelmingly against Palestinian statehood as Netanyahu prepares for U.S. visit,NBC,Israel's Knesset votes overwhelmingly against Palestinian statehood as Netanyahu prepares for U.S. visit,0,13,104
https://www.nbcnews.com/pop-culture/celebrity/psych-star-dul-hill-hollywood-diversity-legacy-west-wing-n1232192,'Psych' star Dulé Hill on Hollywood diversity and the legacy of 'The West Wing',NBC,'Psych' star Dulé Hill on Hollywood diversity and the legacy of 'The West Wing',0,14,79
https://www.nbcnews.com/select/shopping/alpha-hydroxy-acids-ahas-ncna1234611,"Want smoother, glowier skin? Dermatologists swear by these AHA products",NBC,"Want smoother, glowier skin? Dermatologists swear by these AHA products",0,10,71
https://www.nbcnews.com/tech/tech-news/tiktok-ban-biden-government-college-state-federal-security-privacy-rcna63724,Biden signs TikTok ban for government devices amid security concerns,NBC,Biden signs TikTok ban for government devices amid security concerns,0,10,68
https://www.foxnews.com/live-news/georgia-school-shooting-september-5-2024,Apalachee High School shooting victims identified as details emerge about student suspect,FoxNews,Apalachee High School shooting victims identified as details emerge about student suspect,1,12,89
https://www.foxnews.com/us/northwestern-university-president-grew-spine-hit-house-committee-investigation-watchdog-group,Northwestern University president 'grew a spine' after hit with House committee investigation: watchdog group,FoxNews,Northwestern University president 'grew a spine' after hit with House committee investigation: watchdog group,1,14,109
https://www.nbcnews.com/news/nbcblk/historically-black-community-grapples-lasting-impacts-baltimore-bridge-rcna176143,A historically Black community grapples with lasting impacts after Baltimore bridge collapse,NBC,A historically Black community grapples with lasting impacts after Baltimore bridge collapse,0,12,92
https://www.foxnews.com/media/dems-data-extremely-bullish-trump-winning-harris-may-lose-six-swing-states-analyst.print,"Dems with data are 'extremely bullish' on Trump winning, Harris may lose six swing states: analyst",FoxNews,"Dems with data are 'extremely bullish' on Trump winning, Harris may lose six swing states: analyst",1,16,98
https://www.nbcnews.com/select/shopping/midea-u-air-conditioner-ncna1295404,The Midea U is my first air conditioner splurge,NBC,The Midea U is my first air conditioner splurge,0,9,47
https://www.nbcnews.com/politics/2024-election/live-blog/dnc-2024-live-updates-rcna165226#rcrd52465,DNC 2024 live updates: Democratic convention kicks off; Hillary Clinton addresses delegates,NBC,DNC 2024 live updates: Democratic convention kicks off; Hillary Clinton addresses delegates,0,12,91
https://www.foxnews.com/entertainment/taylor-swift-new-music-scared-seemingly-possessed-piano-during-eras-tour,Taylor Swift announces new music after being scared by seemingly possessed piano during Eras Tour,FoxNews,Taylor Swift announces new music after being scared by seemingly possessed piano during Eras Tour,1,15,97
https://www.foxnews.com/politics/kamala-harris-said-she-owns-glock-despite-history-backing-handgun-bans,"Kamala Harris claims she's got a gun, but Second Amendment supporters say good luck getting yours",FoxNews,"Kamala Harris claims she's got a gun, but Second Amendment supporters say good luck getting yours",1,16,97
https://www.nbcnews.com/news/asian-america/muslims-navigate-restrictions-second-pandemic-ramadan-rcna671,Muslims navigate restrictions in the second pandemic Ramadan,NBC,Muslims navigate restrictions in the second pandemic Ramadan,0,8,60
https://www.foxnews.com/food-drink/greek-yogurt-vs-regular-yogurt-is-one-better-than-other,Greek yogurt vs. regular yogurt: Is one 'better' for you than the other?,FoxNews,Greek yogurt vs. regular yogurt: Is one 'better' for you than the other?,1,13,72
https://www.foxnews.com/lifestyle/spicy-grilled-shrimp-olive-skewers-dinner-try-recipe,Spicy grilled shrimp and olive skewers for dinner: Try the recipe,FoxNews,Spicy grilled shrimp and olive skewers for dinner: Try the recipe,1,11,65
https://www.nbcnews.com/tech/tech-news/tiktok-says-disrupted-15-influence-operations-year-one-china-rcna153831,TikTok says it disrupted 15 influence operations this year including one from China,NBC,TikTok says it disrupted 15 influence operations this year including one from China,0,13,83
https://www.foxnews.com/lifestyle/gold-star-spouses-support-military-families,"On Gold Star Spouses Day, a time to remember, support military families",FoxNews,"On Gold Star Spouses Day, a time to remember, support military families",1,12,71
https://www.nbcnews.com/politics/congress/pelosi-plans-add-republican-rep-kinzinger-jan-6-committee-n1274955,Pelosi appoints Republican Rep. Kinzinger to Jan. 6 committee,NBC,Pelosi appoints Republican Rep. Kinzinger to Jan. 6 committee,0,9,61
https://www.foxnews.com/politics/judge-blocks-ny-ag-letitia-james-silence-pregnancy-centers-promote-abortion-pill-reversal.print,Judge blocks NY AG Letitia James from trying to silence pregnancy centers that promote abortion pill reversal,FoxNews,Judge blocks NY AG Letitia James from trying to silence pregnancy centers that promote abortion pill reversal,1,17,109
https://www.foxnews.com/politics/haitian-refugees-dont-understand-laws-lawmaker-says-amid-fatal-wreck-cultural-clashes,"Haitian refugees ‘don’t understand the laws,’ former lawmaker says amid fatal wreck, cultural clashes",FoxNews,"Haitian refugees ‘don’t understand the laws,’ former lawmaker says amid fatal wreck, cultural clashes",1,14,101
https://www.foxnews.com/opinion/civil-rights-movement-betrayed-progressive-ideology-bob-woodson.print,Bob Woodson: The Civil Rights Movement I was a part of has been betrayed by a twisted progressive ideology,FoxNews,Bob Woodson: The Civil Rights Movement I was a part of has been betrayed by a twisted progressive ideology,1,19,106
https://www.foxnews.com/us/what-scott-petersons-recent-court-win-means-his-years-long-quest-freedom.print,What Scott Peterson's recent court win could mean for his yearslong quest for freedom,FoxNews,What Scott Peterson's recent court win could mean for his yearslong quest for freedom,1,14,85
https://www.foxnews.com/media/x-melts-down-trump-musks-interview-space-immediately-crashes,X melts down after Trump Musk's interview 'Space' immediately crashes,FoxNews,X melts down after Trump Musk's interview 'Space' immediately crashes,1,10,69
https://www.foxnews.com/media/moms-liberty-co-founder-torches-splcs-extremist-label-not-going-stop.print,Moms for Liberty co founder torches SPLC's 'extremist' label: 'We're not going to stop',FoxNews,Moms for Liberty co founder torches SPLC's 'extremist' label: 'We're not going to stop',1,14,87
https://www.foxnews.com/entertainment/high-school-musical-joshua-bassett-absolutely-false-sex-assault-accusation,'High School Musical' star Joshua Bassett says he is 'sick' over 'absolutely false' sex assault accusation,FoxNews,'High School Musical' star Joshua Bassett says he is 'sick' over 'absolutely false' sex assault accusation,1,16,106
https://www.nbcnews.com/politics/2024-election/trump-signals-support-15-week-abortion-ban-rcna144213,Trump signals support for a national 15 week abortion ban,NBC,Trump signals support for a national 15 week abortion ban,0,10,57
https://www.foxnews.com/us/every-day-memorial-day-dover-air-force-base,Every day is Memorial Day at Dover Air Force Base,FoxNews,Every day is Memorial Day at Dover Air Force Base,1,10,49
https://www.foxnews.com/lifestyle/the-jefferson-bible-spotlights-complex-faith-remarkable-intellect-founding-father,"'The Jefferson Bible' spotlights complex faith, remarkable intellect of Founding Father",FoxNews,"'The Jefferson Bible' spotlights complex faith, remarkable intellect of Founding Father",1,11,87
https://www.foxnews.com/entertainment/gwyneth-paltrow-reflects-chris-martin-divorce,Gwyneth Paltrow reflects on Chris Martin split: ‘I never wanted to get divorced’,FoxNews,Gwyneth Paltrow reflects on Chris Martin split: ‘I never wanted to get divorced’,1,13,80
https://www.nbcnews.com/select/shopping/best-retinol-creams-serums-acne-wrinkles-ncna1244298,How to incorporate retinol into your skin care routine without irritating your skin,NBC,How to incorporate retinol into your skin care routine without irritating your skin,0,13,83
https://www.nbcnews.com/politics/national-security/china-wants-avoid-escalation-us-spy-chief-says-rcna73990,"China wants to avoid escalation with U.S., U.S. spy chief says",NBC,"China wants to avoid escalation with U.S., U.S. spy chief says",0,11,62
https://www.foxnews.com/us/idaho-prosecutors-reject-student-murders-suspects-longshot-bid-have-death-penalty-taken-off-table,Idaho prosecutors reject student murders suspect's longshot bid to have death penalty taken off table,FoxNews,Idaho prosecutors reject student murders suspect's longshot bid to have death penalty taken off table,1,15,101
https://www.nbcnews.com/news/us-news/months-after-ahmaud-arbery-death-georgia-governor-plans-sign-hate-n1232049,"Months after Ahmaud Arbery's death, Georgia governor plans to sign hate crimes bill into law",NBC,"Months after Ahmaud Arbery's death, Georgia governor plans to sign hate crimes bill into law",0,15,92
https://www.foxnews.com/lifestyle/meet-american-invented-buffalo-wing-disrupted-chicken-industry,"Meet the American who invented Buffalo wings, disrupted entire chicken industry",FoxNews,"Meet the American who invented Buffalo wings, disrupted entire chicken industry",1,11,79
https://www.nbcnews.com/tech/tech-news/chatgpt-ai-consciousness-rcna71777,What is consciousness? ChatGPT and advanced AI might redefine our answer,NBC,What is consciousness? ChatGPT and advanced AI might redefine our answer,0,11,72
https://www.foxnews.com/entertainment/taylor-swift-travis-kelce-turn-heads-blake-lively-ryan-reynolds-romantic-double-date-dinner.print,"Taylor Swift, Travis Kelce turn heads with Blake Lively, Ryan Reynolds at romantic double date dinner",FoxNews,"Taylor Swift, Travis Kelce turn heads with Blake Lively, Ryan Reynolds at romantic double date dinner",1,16,101
https://www.nbcnews.com/news/world/israel-new-war-goal-hezbollah-military-action-lebanon-gaza-rcna171417,"Israel sets new war goal, adding to signs of escalation with Hezbollah",NBC,"Israel sets new war goal, adding to signs of escalation with Hezbollah",0,12,70
https://www.nbcnews.com/news/world/israel-gaza-conflict-photos-rcna119327,Israel and Gaza conflict in photos,NBC,Israel and Gaza conflict in photos,0,6,34
https://www.nbcnews.com/politics/2024-election/harris-undergoes-60-minutes-grilling-trump-sits-rcna174415,Harris undergoes a '60 Minutes' grilling as Trump sits it out,NBC,Harris undergoes a '60 Minutes' grilling as Trump sits it out,0,11,61
https://www.nbcnews.com/news/world/helicopter-carrying-irans-president-suffers-hard-landing-state-tv-says-rcna152961,Iranian President Ebrahim Raisi is confirmed dead in helicopter crash,NBC,Iranian President Ebrahim Raisi is confirmed dead in helicopter crash,0,10,69
https://www.foxnews.com/us/lady-liberty-stands-tall-amid-lightning-strike-in-ny-harbor,Lady Liberty stands tall amid lightning strike in NY Harbor,FoxNews,Lady Liberty stands tall amid lightning strike in NY Harbor,1,10,59
https://www.foxnews.com/lifestyle/jack-carrs-take-1983-beirut-marine-barracks-terror-40-years-salvo-war,Jack Carr's take on the 1983 Beirut Marine barracks terror attack 40 years ago: 'Opening salvo in a new war',FoxNews,Jack Carr's take on the 1983 Beirut Marine barracks terror attack 40 years ago: 'Opening salvo in a new war',1,20,108
https://www.nbcnews.com/politics/2024-election/trump-somber-remembrance-heated-rhetoric-return-butler-rcna173637,"Trump mixes somber remembrance with heated rhetoric in his return to Butler, Pa.",NBC,"Trump mixes somber remembrance with heated rhetoric in his return to Butler, Pa.",0,13,80
https://www.nbcnews.com/select/shopping/best-sleep-gear-wellness-awards-ncna1304811,We tried dozens of sleep products to pick our 2023 award winners,NBC,We tried dozens of sleep products to pick our 2023 award winners,0,12,64
https://www.nbcnews.com/politics/2024-election/elon-musk-called-gov-josh-shapiro-steelers-game-investing-pennsylvania-rcna174508,Elon Musk called Gov. Josh Shapiro during the Steelers game to talk about investing in Pennsylvania,NBC,Elon Musk called Gov. Josh Shapiro during the Steelers game to talk about investing in Pennsylvania,0,16,99
https://www.nbcnews.com/politics/congress/retired-commander-oversaw-afghanistan-withdrawal-says-alone-bears-resp-rcna144094,Retired commander who oversaw Afghanistan withdrawal says he alone bears responsibility for airport attack,NBC,Retired commander who oversaw Afghanistan withdrawal says he alone bears responsibility for airport attack,0,14,106
https://www.nbcnews.com/politics/2024-election/bidens-improving-polling-trump-shaky-rcna143968,"Biden's case for re election is improving, but his polling against Trump is still shaky",NBC,"Biden's case for re election is improving, but his polling against Trump is still shaky",0,15,87
https://www.foxnews.com/world/iran-preparing-imminent-missile-attack-israel-us-says,Iran fires multiple missile strikes across Israel,FoxNews,Iran fires multiple missile strikes across Israel,1,7,49
https://www.nbcnews.com/politics/2024-election/biden-administration-hit-russia-sanctions-trying-manipulate-us-opinion-rcna169541,Biden administration hits Russia with sanctions over efforts to manipulate U.S. opinion ahead of the election,NBC,Biden administration hits Russia with sanctions over efforts to manipulate U.S. opinion ahead of the election,0,16,109
https://www.foxnews.com/politics/texas-gov-abbott-reveals-which-3-issues-trump-focus-debate,Texas Gov. Abbott reveals which 3 issues Trump should focus on during debate: 'Let Harris talk',FoxNews,Texas Gov. Abbott reveals which 3 issues Trump should focus on during debate: 'Let Harris talk',1,16,95
https://www.nbcnews.com/news/world/putin-visit-north-korea-kim-jong-un-rcna157463,Putin to visit North Korea starting Tuesday for talks with Kim Jong Un,NBC,Putin to visit North Korea starting Tuesday for talks with Kim Jong Un,0,13,70
https://www.nbcnews.com/politics/politics-news/pence-idea-overturning-election-results-un-american-n1272334,Pence: Idea of overturning election results is ‘un American’,NBC,Pence: Idea of overturning election results is ‘un American’,0,9,60
https://www.nbcnews.com/weather/hurricanes/debris-piles-remain-threat-hurricane-milto-rcna174685,"Despite last minute cleanup efforts, Helene's debris piles remain a threat during Hurricane Milton",NBC,"Despite last minute cleanup efforts, Helene's debris piles remain a threat during Hurricane Milton",0,14,98
https://www.foxnews.com/media/meghan-mccain-hostile-view-emotional-memoir,Meghan McCain blames hostile ‘View’ colleagues for her exit in emotional memoir,FoxNews,Meghan McCain blames hostile ‘View’ colleagues for her exit in emotional memoir,1,12,79
https://www.nbcnews.com/news/world/kenya-led-police-force-arrives-haiti-tackle-gang-violence-rcna158974,Kenya led police force arrives in Haiti to tackle gang violence,NBC,Kenya led police force arrives in Haiti to tackle gang violence,0,11,63
https://www.foxnews.com/media/bernie-sanders-says-harris-abandoning-far-left-policies-in-order-win-election,Bernie Sanders says Harris dropping far left policies 'in order to win the election',FoxNews,Bernie Sanders says Harris dropping far left policies 'in order to win the election',1,14,84
https://www.foxnews.com/food-drink/cake-democracy-sweet-combination-bestselling-author-freedom-treat,"Cake and democracy are a 'sweet' combination, says bestselling author: 'Freedom is a treat'",FoxNews,"Cake and democracy are a 'sweet' combination, says bestselling author: 'Freedom is a treat'",1,14,91
https://www.nbcnews.com/politics/justice-department/doj-charges-two-brothers-jan-6-assault-new-york-photographer-rcna170825,DOJ charges two brothers in Jan. 6 assault on a New York Times photographer,NBC,DOJ charges two brothers in Jan. 6 assault on a New York Times photographer,0,14,75
https://www.nbcnews.com/news/world/israel-hostage-rescue-cease-fire-deal-netanyahu-sinwar-rcna156250,Hostage rescue complicates U.S. push for a cease fire deal,NBC,Hostage rescue complicates U.S. push for a cease fire deal,0,10,58
https://www.nbcnews.com/investigations/us-preps-evacuate-americans-lebanon-fighting-israel-hezbollah-rcna159303,The U.S. readies to evacuate Americans from Lebanon if fighting between Israel and Hezbollah intensifies,NBC,The U.S. readies to evacuate Americans from Lebanon if fighting between Israel and Hezbollah intensifies,0,15,104
https://www.nbcnews.com/select/shopping/gaiam-balance-disc-wobble-cushion-ncna1244965,How one podcast producer improved her sitting posture for about $20,NBC,How one podcast producer improved her sitting posture for about $20,0,11,67
https://www.nbcnews.com/news/world/saudi-israel-normalization-closer-crown-prince-interview-fox-news-rcna111292,"‘Every day we get closer’ to normalization with Israel, Saudi crown prince says in rare interview",NBC,"‘Every day we get closer’ to normalization with Israel, Saudi crown prince says in rare interview",0,16,97
https://www.foxnews.com/politics/new-report-warns-bloodthirsty-venezuelan-gangs-footprint-remain-us-for-decades,New report warns bloodthirsty Venezuelan gang's footprint will remain in US ‘for decades',FoxNews,New report warns bloodthirsty Venezuelan gang's footprint will remain in US ‘for decades',1,13,89
https://www.nbcnews.com/news/world/russia-ukraine-war-putin-orban-moscow-peace-zelenskyy-rcna160398,Putin tells Hungary's Orbán he is ready to discuss 'nuances' of Ukraine conflict,NBC,Putin tells Hungary's Orbán he is ready to discuss 'nuances' of Ukraine conflict,0,13,80
https://www.nbcnews.com/news/latino/biden-administration-lifts-trump-era-restrictions-stalling-puerto-rico-hurricane-n1264672,Biden administration lifts Trump era restrictions stalling Puerto Rico hurricane aid,NBC,Biden administration lifts Trump era restrictions stalling Puerto Rico hurricane aid,0,11,84
https://www.nbcnews.com/politics/donald-trump/federal-judge-set-trump-trial-date-election-interference-case-rcna101669,Federal judge sets Trump trial date in election interference case,NBC,Federal judge sets Trump trial date in election interference case,0,10,65
https://www.nbcnews.com/news/latino/cuba-hundreds-take-streets-rare-protests-economic-crisis-deepens-rcna143871,"In Cuba, hundreds take to the streets in rare protests as economic crisis deepens",NBC,"In Cuba, hundreds take to the streets in rare protests as economic crisis deepens",0,14,81
https://www.nbcnews.com/politics/donald-trump/project-2025-winding-policy-work-months-criticism-trump-rcna164357,Project 2025 winding down policy work following criticism from Trump,NBC,Project 2025 winding down policy work following criticism from Trump,0,10,68
https://www.foxnews.com/opinion/epidemic-americas-modern-civil-rights-challenge,This epidemic is America's modern civil rights challenge,FoxNews,This epidemic is America's modern civil rights challenge,1,8,56
https://www.foxnews.com/politics/biden-admin-unveils-latest-crackdown-oil-gas-industry-un-climate-conference,Biden admin unveils latest crackdown on oil and gas industry at UN climate conference,FoxNews,Biden admin unveils latest crackdown on oil and gas industry at UN climate conference,1,14,85
https://www.nbcnews.com/news/world/israel-hezbollah-pagers-explosions-what-now-rcna171602,Why did Israel blow up Hezbollah pagers and walkie talkies and what might happen next?,NBC,Why did Israel blow up Hezbollah pagers and walkie talkies and what might happen next?,0,15,86
https://www.nbcnews.com/politics/donald-trump/trump-says-truth-social-indicted-classified-docs-probe-rcna79343,Trump indicted on 7 charges in classified docs probe,NBC,Trump indicted on 7 charges in classified docs probe,0,9,52
https://www.nbcnews.com/politics/donald-trump/trump-vows-free-jan-6-defendants-one-first-acts-elected-rcna142894,Trump vows to 'free' Jan. 6 defendants as one of his first acts if elected,NBC,Trump vows to 'free' Jan. 6 defendants as one of his first acts if elected,0,15,74
https://www.nbcnews.com/weather/hurricanes/live-blog/hurricane-milton-live-updates-rcna174425,Hurricane Milton: Monster storm re intensifies to Category 5 as Florida braces for direct hit,NBC,Hurricane Milton: Monster storm re intensifies to Category 5 as Florida braces for direct hit,0,15,93
https://www.foxnews.com/us/texas-human-trafficking-crash-leaves-two-migrants-dead-dozen-others-injured.print,"Texas human trafficking crash leaves two migrants dead, a dozen others injured",FoxNews,"Texas human trafficking crash leaves two migrants dead, a dozen others injured",1,12,78
https://www.nbcnews.com/news/asian-america/dave-min-congress-racist-slurs-vandalism-signs-rcna175317,Police arrest man after Korean American candidate's campaign signs appear spray painted with slurs,NBC,Police arrest man after Korean American candidate's campaign signs appear spray painted with slurs,0,14,98
https://www.nbcnews.com/politics/justice-department/trump-refuses-acknowledge-2020-loss-dodges-debate-question-jan-6-actio-rcna170540,Trump refuses to acknowledge his 2020 loss and dodges debate question about his Jan. 6 actions,NBC,Trump refuses to acknowledge his 2020 loss and dodges debate question about his Jan. 6 actions,0,16,94
https://www.nbcnews.com/news/world/european-countries-develop-new-ways-tackle-domestic-violence-during-coronavirus-n1174301,European countries develop new ways to tackle domestic violence during lockdowns,NBC,European countries develop new ways to tackle domestic violence during lockdowns,0,11,80
https://www.nbcnews.com/news/world/idf-rescues-four-hostages-gaza-rcna156160,"Israeli military rescues 4 hostages; more than 200 Palestinians killed, Gaza health officials say",NBC,"Israeli military rescues 4 hostages; more than 200 Palestinians killed, Gaza health officials say",0,14,97
https://www.nbcnews.com/select/shopping/target-circle-week-deals-july-2024-rcna160485,Target Circle Week has begun we found all the best deals to shop now,NBC,Target Circle Week has begun we found all the best deals to shop now,0,14,68
https://www.foxnews.com/politics/tens-thousands-illegal-immigrants-sexual-assault-homicide-convictions-roaming-us-streets.print,"Tens of thousands of illegal immigrants with sexual assault, murder convictions in US: ICE data",FoxNews,"Tens of thousands of illegal immigrants with sexual assault, murder convictions in US: ICE data",1,15,95
https://www.foxnews.com/politics/florida-gov-desantis-says-state-conduct-investigation-second-trump-assassination-attempt,Florida Gov. DeSantis says state will conduct investigation into second Trump assassination attempt,FoxNews,Florida Gov. DeSantis says state will conduct investigation into second Trump assassination attempt,1,13,99
https://www.nbcnews.com/politics/politics-news/secretary-state-blinken-says-spoke-paul-whelan-week-rcna138703,"Secretary of State Blinken says he spoke this week with Paul Whelan, former Marine imprisoned in Russia",NBC,"Secretary of State Blinken says he spoke this week with Paul Whelan, former Marine imprisoned in Russia",0,17,103
https://www.nbcnews.com/news/world/us-concerned-reports-north-korean-soldiers-fighting-for-russia-ukraine-rcna175640,"North Korean soldiers are training to fight for Russia, Ukraine says",NBC,"North Korean soldiers are training to fight for Russia, Ukraine says",0,11,68
https://www.foxnews.com/tech/watch-out-biggest-data-breaches-2024-so-far,"Watch out: Biggest data breaches of 2024, so far",FoxNews,"Watch out: Biggest data breaches of 2024, so far",1,9,48
https://www.nbcnews.com/news/nbcblk/best-natural-hair-products-cleansers-styling-treatments-n1097906,"The 12 best products for natural hair, according to hair stylists",NBC,"The 12 best products for natural hair, according to hair stylists",0,11,65
https://www.foxnews.com/travel/cedar-point-theme-park-unveils-record-breaking-tilt-roller-coaster-2025.print,Cedar Point theme park unveils record breaking 'tilt' roller coaster for 2025,FoxNews,Cedar Point theme park unveils record breaking 'tilt' roller coaster for 2025,1,12,77
https://www.foxnews.com/us/jewish-man-dies-apparent-assault-pro-palestinian-california-rally,Elderly Jewish man dies after confrontation with pro Palestinian protester at California rally,FoxNews,Elderly Jewish man dies after confrontation with pro Palestinian protester at California rally,1,13,94
https://www.nbcnews.com/select/shopping/best-advent-calendars-2021-ncna1283726,Legos? Wine? Makeup? Dog treats? These Advent calendars go above and beyond chocolate,NBC,Legos? Wine? Makeup? Dog treats? These Advent calendars go above and beyond chocolate,0,13,85
https://www.foxnews.com/lifestyle/maple-butter-offers-sweet-secret-taste-springtime-north-america,Maple butter offers a sweet and secret taste of springtime in North America,FoxNews,Maple butter offers a sweet and secret taste of springtime in North America,1,13,75
https://www.nbcnews.com/politics/2020-election/iran-targeting-u-s-state-voter-rolls-spreading-election-propaganda-n1245577,"Iran spreading election propaganda and targeting U.S. state voter rolls, officials say",NBC,"Iran spreading election propaganda and targeting U.S. state voter rolls, officials say",0,12,86
https://www.nbcnews.com/select/shopping/target-circle-week-announcement-oct-2024-rcna171322,Target just announced the next Target Circle Week here’s what you need to know,NBC,Target just announced the next Target Circle Week here’s what you need to know,0,14,78
https://www.nbcnews.com/politics/2024-election/federal-judge-blocks-alabama-voter-purge-program-rcna175808,Federal judge blocks Alabama's voter purge program ahead of election,NBC,Federal judge blocks Alabama's voter purge program ahead of election,0,10,68
https://www.nbcnews.com/politics/live-blog/jan-6-hearing-expect-top-trump-admin-aide-testifies-rcna35551,Jan. 6 hearing highlights: Cassidy Hutchinson gives explosive testimony about the Trump White House,NBC,Jan. 6 hearing highlights: Cassidy Hutchinson gives explosive testimony about the Trump White House,0,14,99
https://www.nbcnews.com/politics/elections/chuck-todd-will-biden-cost-harris-election-rcna175421,Chuck Todd: Will Biden cost Harris the election?,NBC,Chuck Todd: Will Biden cost Harris the election?,0,8,48
https://www.foxnews.com/media/egypt-warned-israel-attack-house-foreign-affairs-chairman-claims.print,"Egypt warned Israel of attack, House Foreign Affairs chairman claims",FoxNews,"Egypt warned Israel of attack, House Foreign Affairs chairman claims",1,10,68
https://www.nbcnews.com/tech/tech-news/hurricane-helene-disinformation-social-media-public-officials-response-rcna174305,Public officials urge halt to the spread of rampant disinformation around Hurricane Helene,NBC,Public officials urge halt to the spread of rampant disinformation around Hurricane Helene,0,13,90
https://www.foxnews.com/media/cnn-data-expert-says-harris-momentum-has-stalled-while-trump-more-popular-than-past-elections,CNN data expert says Harris' momentum has 'stalled' while Trump is more popular than in past elections,FoxNews,CNN data expert says Harris' momentum has 'stalled' while Trump is more popular than in past elections,1,17,102
https://www.foxnews.com/entertainment/taylor-swift-brushes-off-wardrobe-malfunction-stage-during-stockholm-eras-tour-stop,Taylor Swift brushes off wardrobe malfunction on stage during Stockholm Eras Tour stop,FoxNews,Taylor Swift brushes off wardrobe malfunction on stage during Stockholm Eras Tour stop,1,13,86
https://www.nbcnews.com/politics/2024-election/democratic-playbook-football-tim-walz-rcna168284,This year's Democratic playbook features a lot of football,NBC,This year's Democratic playbook features a lot of football,0,9,58
https://www.foxnews.com/politics/walzs-handling-blm-riots-strict-covid-rules-under-microscope-after-harris-vp-pick,"Walz's handling of BLM riots, strict COVID rules under microscope after Harris VP pick",FoxNews,"Walz's handling of BLM riots, strict COVID rules under microscope after Harris VP pick",1,14,86
https://www.foxnews.com/politics/harris-fires-up-major-swing-state-voters-first-campaign-rally-since-biden-quit-race,Harris repeats debunked claim Trump wants to 'ban' abortion during first campaign rally since Biden quit race,FoxNews,Harris repeats debunked claim Trump wants to 'ban' abortion during first campaign rally since Biden quit race,1,17,109
https://www.foxnews.com/entertainment/lori-loughlin-mossimo-giannulli-officially-plead-guilty-in-college-admissions-scandal-case,"Lori Loughlin, Mossimo Giannulli officially plead guilty in college admissions scandal case",FoxNews,"Lori Loughlin, Mossimo Giannulli officially plead guilty in college admissions scandal case",1,12,91
https://www.foxnews.com/media/medias-sudden-rejection-kamala-harris-border-czar-label.print,The media's sudden rejection of Kamala Harris' 'border czar' label,FoxNews,The media's sudden rejection of Kamala Harris' 'border czar' label,1,10,66
https://www.foxnews.com/world/pyongyang-media-dismisses-speculation-hamas-using-north-korean-weapons,Pyongyang media dismisses speculation of Hamas using North Korean weapons,FoxNews,Pyongyang media dismisses speculation of Hamas using North Korean weapons,1,10,73
https://www.foxnews.com/politics/pennsylvanians-offer-mixed-answers-where-harris-stands-key-issues-better-than-alternative.print,Pennsylvanians offer mixed answers on where Harris stands on key issues: 'Better than the alternative',FoxNews,Pennsylvanians offer mixed answers on where Harris stands on key issues: 'Better than the alternative',1,15,102
https://www.nbcnews.com/select/shopping/best-prepared-meal-delivery-services-ncna1295380,Take the guesswork out of what to make for dinner with these prepared meal delivery services,NBC,Take the guesswork out of what to make for dinner with these prepared meal delivery services,0,16,92
https://www.nbcnews.com/politics/justice-department/reality-trump-stefaniks-jan-6-hostages-guilty-pleas-convictions-rcna132859,The reality of Trump and Stefanik's Jan. 6 'hostages',NBC,The reality of Trump and Stefanik's Jan. 6 'hostages',0,9,53
https://www.foxnews.com/world/german-police-raid-homes-connected-hamas-pro-palestinian-groups.print,"German police raid homes connected to Hamas, pro Palestinian groups",FoxNews,"German police raid homes connected to Hamas, pro Palestinian groups",1,10,67
https://www.foxnews.com/politics/border-crisis-overwhelms-officials-communities-migrant-numbers-surging,"Border crisis overwhelming officials, communities as migrant numbers keep surging",FoxNews,"Border crisis overwhelming officials, communities as migrant numbers keep surging",1,10,81
https://www.nbcnews.com/select/shopping/best-cooking-gifts-home-chefs-ncna1283939,The best gifts for home chefs this holiday season,NBC,The best gifts for home chefs this holiday season,0,9,49
https://www.foxnews.com/politics/special-counsel-jack-smith-hits-back-judge-fundamentally-flawed-legal-premise-trump-documents-case,Special Counsel Jack Smith hits back at judge for 'fundamentally flawed legal premise' in Trump documents case,FoxNews,Special Counsel Jack Smith hits back at judge for 'fundamentally flawed legal premise' in Trump documents case,1,17,110
https://www.foxnews.com/sports/herschel-walker-says-obama-forgot-our-fight-right-vote-after-scolding-black-voters-against-harris,Herschel Walker says Obama 'forgot our fight for right to vote' after scolding Black voters against Harris,FoxNews,Herschel Walker says Obama 'forgot our fight for right to vote' after scolding Black voters against Harris,1,17,106
https://www.foxnews.com/media/harris-dodges-question-lowering-prices-describing-middle-class-roots-neighbors-proud-lawn.print,Harris dodges question on lowering prices by describing 'middle class' roots: Neighbors 'proud of their lawn',FoxNews,Harris dodges question on lowering prices by describing 'middle class' roots: Neighbors 'proud of their lawn',1,16,109
"https://www.foxnews.com/media/former-clinton-aide-paul-begala-warns-walls-closing-in-biden-campaign#&_intcmp=fnhptb_blue_BIDEN%20ON%20THE%20BRINK_1_1,hp1bt",Former Clinton aide Paul Begala warns 'walls are closing in' on Biden campaign,FoxNews,Former Clinton aide Paul Begala warns 'walls are closing in' on Biden campaign,1,13,78
https://www.foxnews.com/politics/gop-senator-demands-answers-biden-admin-confusing-regulation-could-crush-farming-families.print,GOP senator demands answers from Biden admin on 'confusing' regulation that could crush farming families,FoxNews,GOP senator demands answers from Biden admin on 'confusing' regulation that could crush farming families,1,15,104
https://www.foxnews.com/politics/casey-tied-chinese-firm-he-claimed-mccormick-led-company-invested-profit-off-fentanyl-crisis,Casey tied to Chinese firm he claimed McCormick led company invested in to 'profit' off fentanyl crisis,FoxNews,Casey tied to Chinese firm he claimed McCormick led company invested in to 'profit' off fentanyl crisis,1,17,103
https://www.foxnews.com/entertainment/paul-rudd-aaron-rogers-go-viral-taylor-swift-concert-camila-cabello-shawn-mendes-rekindle-romance,"Paul Rudd and Aaron Rodgers go viral at Taylor Swift concert, Camila Cabello and Shawn Mendes rekindle romance",FoxNews,"Paul Rudd and Aaron Rodgers go viral at Taylor Swift concert, Camila Cabello and Shawn Mendes rekindle romance",1,18,110
https://www.nbcnews.com/select/shopping/editors-picks-september-rcna118660,"25 items we tried and loved in September from Stanley, Dyson, Touchland and more",NBC,"25 items we tried and loved in September from Stanley, Dyson, Touchland and more",0,14,80
https://www.foxnews.com/food-drink/chocolate-ice-cream-vanilla-ice-cream-better-heres-cold-hard-truth.print,Chocolate ice cream vs. vanilla ice cream: Which dessert is 'better' for you? Here's the cold hard truth,FoxNews,Chocolate ice cream vs. vanilla ice cream: Which dessert is 'better' for you? Here's the cold hard truth,1,18,104
https://www.nbcnews.com/news/world/israel-hamas-war-gaza-city-evacuations-idf-rcna161299,Israel again orders residents to evacuate areas of Gaza City it once said were cleared of Hamas,NBC,Israel again orders residents to evacuate areas of Gaza City it once said were cleared of Hamas,0,17,95
https://www.nbcnews.com/politics/2024-election/donald-trump-plan-mandate-free-ivf-republicans-congress-opposition-rcna170327,Donald Trump's call to mandate free IVF coverage baffles Republicans in Congress,NBC,Donald Trump's call to mandate free IVF coverage baffles Republicans in Congress,0,12,80
https://www.foxnews.com/politics/lgbt-advocate-claims-house-hearing-detransitioning-not-real-thing,LGBT advocate claims in House hearing ‘detransitioning’ is not ‘a real thing’,FoxNews,LGBT advocate claims in House hearing ‘detransitioning’ is not ‘a real thing’,1,12,77
https://www.nbcnews.com/news/latino/puerto-rico-sees-more-pain-little-progress-three-years-after-n1240513,"On Hurricane Maria's third anniversary, Puerto Rico sees more pain and little progress",NBC,"On Hurricane Maria's third anniversary, Puerto Rico sees more pain and little progress",0,13,86
https://www.nbcnews.com/news/world/live-blog/live-updates-hamas-leader-yahya-sinwar-possibly-killed-gaza-rcna175922,Hamas issues defiant message after Sinwar's death; Israel says war will continue,NBC,Hamas issues defiant message after Sinwar's death; Israel says war will continue,0,12,80
https://www.nbcnews.com/politics/2024-election/live-blog/trump-harris-election-live-updates-rcna175179/rcrd60345?canonicalCard=true,Harris bashes Trump for calling himself 'the father of IVF',NBC,Harris bashes Trump for calling himself 'the father of IVF',0,10,59
https://www.foxnews.com/sports/nevada-womens-volleyball-captain-slams-trans-athletes-her-sport-team-decides-against-players-refusal.print,Nevada women's volleyball captain slams trans athletes in her sport as team decides against players’ refusal,FoxNews,Nevada women's volleyball captain slams trans athletes in her sport as team decides against players’ refusal,1,16,108
https://www.foxnews.com/media/msnbc-analyst-disturbing-dozens-american-flags-flown-pickup-trucks-trump-supporters,"NYT, MSNBC's Mara Gay: 'Disturbing' to see 'dozens of American flags' on trucks in Long Island",FoxNews,"NYT, MSNBC's Mara Gay: 'Disturbing' to see 'dozens of American flags' on trucks in Long Island",1,16,94
https://www.foxnews.com/food-drink/1-rum-cocktail-applebees-highlights-halloween-themed-drink-deals,$1 rum cocktail at Applebee's highlights Halloween themed drink deals,FoxNews,$1 rum cocktail at Applebee's highlights Halloween themed drink deals,1,10,69
https://www.nbcnews.com/select/shopping/apple-airtag-price-features-ncna1264938,How to order the new Apple AirTag,NBC,How to order the new Apple AirTag,0,7,33
https://www.foxnews.com/official-polls/fox-news-poll-harris-tops-trump-two-points,Poll: Harris tops Trump by two points,FoxNews,Poll: Harris tops Trump by two points,1,7,37
https://www.nbcnews.com/select/shopping/best-pots-indoor-plants-ncna1276079,"Indoor planters from The Sill, Bloomscape and more",NBC,"Indoor planters from The Sill, Bloomscape and more",0,8,50
https://www.foxnews.com/politics/trump-reveals-which-election-issue-bigger-deal-than-inflation-economy,Trump reveals which election issue is a 'bigger deal' than inflation and the economy,FoxNews,Trump reveals which election issue is a 'bigger deal' than inflation and the economy,1,14,84
https://www.foxnews.com/politics/top-senate-republican-crisscrosses-campaign-trail-make-break-moment-win-back-majority,A top Senate Republican crisscrosses campaign trail in 'make or break moment' to win back majority,FoxNews,A top Senate Republican crisscrosses campaign trail in 'make or break moment' to win back majority,1,16,98
https://www.foxnews.com/politics/kamala-harris-courts-disillusioned-arab-americans-over-jewish-groups.print,"Kamala Harris courts disillusioned Arab Americans over Jewish groups, records show",FoxNews,"Kamala Harris courts disillusioned Arab Americans over Jewish groups, records show",1,11,82
https://www.foxnews.com/politics/trump-leads-biden-among-hispanics-registered-voters-overall-poll,"Trump leads Biden among Hispanics, registered voters overall: poll",FoxNews,"Trump leads Biden among Hispanics, registered voters overall: poll",1,9,66
https://www.nbcnews.com/politics/2020-election/trump-s-election-fight-includes-over-30-lawsuits-it-s-n1248289,Trump's election fight includes over 50 lawsuits. It's not going well.,NBC,Trump's election fight includes over 50 lawsuits. It's not going well.,0,11,70
https://www.nbcnews.com/politics/supreme-court/trump-lawyer-backs-absolute-immunity-argument-supreme-court-rcna149406,"At Supreme Court, Trump lawyer backs away from absolute immunity argument",NBC,"At Supreme Court, Trump lawyer backs away from absolute immunity argument",0,11,73
https://www.nbcnews.com/politics/2024-election/live-blog/trump-harris-presidential-election-live-updates-rcna168470,Election 2024: Harris and Walz kick off bus tour in Georgia; Vance hits Pennsylvania and Wisconsin,NBC,Election 2024: Harris and Walz kick off bus tour in Georgia; Vance hits Pennsylvania and Wisconsin,0,16,98
https://www.foxnews.com/media/harris-mocked-taking-less-than-2-minutes-questions-after-18-days-this-best-kamala-could-do.print,Harris mocked for taking less than 2 minutes of questions after 18 days: 'This is the best Kamala could do?',FoxNews,Harris mocked for taking less than 2 minutes of questions after 18 days: 'This is the best Kamala could do?',1,20,108
https://www.nbcnews.com/politics/elections/florida-senate-passes-gop-bill-would-create-police-force-election-n1290951,Florida Senate passes GOP bill that would create police force for election crimes,NBC,Florida Senate passes GOP bill that would create police force for election crimes,0,13,81
https://www.nbcnews.com/politics/2024-election/doug-emhoff-acknowledges-reports-affair-first-marriage-rcna165033,Doug Emhoff acknowledges reports of an affair during his first marriage,NBC,Doug Emhoff acknowledges reports of an affair during his first marriage,0,11,71
https://www.foxnews.com/sports/lions-nifty-flea-flicker-leads-52-yard-touchdown-pass-from-jared-goff-sam-laporta,Lions' nifty flea flicker leads to 52 yard touchdown pass from Jared Goff to Sam LaPorta,FoxNews,Lions' nifty flea flicker leads to 52 yard touchdown pass from Jared Goff to Sam LaPorta,1,16,88
https://www.nbcnews.com/select/shopping/best-shampoo-for-damaged-hair-rcna128625,How to find the best shampoo to help repair damaged hair,NBC,How to find the best shampoo to help repair damaged hair,0,11,56
https://www.foxnews.com/politics/republicans-block-dem-backed-ivf-bill-revived-chuck-schumer,Republicans block Dem backed IVF bill revived by Chuck Schumer,FoxNews,Republicans block Dem backed IVF bill revived by Chuck Schumer,1,10,62
https://www.nbcnews.com/news/latino/puerto-rico-hit-5-0-quake-amid-ongoing-seismic-activity-n1123146,Puerto Rico hit by a 5.0 quake amid ongoing seismic activity,NBC,Puerto Rico hit by a 5.0 quake amid ongoing seismic activity,0,11,60
https://www.foxnews.com/us/girls-killed-delphi-murders-were-sacrificed-pagan-cult-ritual-defense-claims,"Girls killed in Delphi murders were sacrificed in pagan cult ritual, defense claims",FoxNews,"Girls killed in Delphi murders were sacrificed in pagan cult ritual, defense claims",1,13,83
https://www.nbcnews.com/politics/2024-election/live-blog/trump-harris-election-live-updates-rcna174214,Election 2024: Harris speaks in Phoenix after Obama's Pittsburgh rally; Biden slams Trump,NBC,Election 2024: Harris speaks in Phoenix after Obama's Pittsburgh rally; Biden slams Trump,0,13,89
https://www.nbcnews.com/politics/2024-election/facing-criticism-walled-harris-slowly-opens-door-media-interviews-rcna170152,"Facing criticism for being too walled off, Harris slowly opens the door to more media interviews",NBC,"Facing criticism for being too walled off, Harris slowly opens the door to more media interviews",0,16,96
https://www.nbcnews.com/politics/2024-election/matt-gaetz-florida-primary-kevin-mccarthy-revenge-tour-rcna167140,Matt Gaetz's primary is the last stop on Kevin McCarthy's revenge tour,NBC,Matt Gaetz's primary is the last stop on Kevin McCarthy's revenge tour,0,12,70
https://www.foxnews.com/entertainment/foo-fighters-drummer-taylor-hawkins-dead-at-50,Foo Fighters drummer Taylor Hawkins dead at 50,FoxNews,Foo Fighters drummer Taylor Hawkins dead at 50,1,8,46
https://www.foxnews.com/entertainment/sydney-sweeney-glad-mother-stopped-getting-breast-reduction-teen,Sydney Sweeney 'so glad' mother stopped her from getting breast reduction as a teen: 'They're my best friends',FoxNews,Sydney Sweeney 'so glad' mother stopped her from getting breast reduction as a teen: 'They're my best friends',1,18,110
https://www.nbcnews.com/tech/social-media/musk-uses-x-push-story-platforms-suspension-brazil-rcna169380,Elon Musk uses X to push his own story about the platform’s suspension in Brazil,NBC,Elon Musk uses X to push his own story about the platform’s suspension in Brazil,0,15,80
https://www.nbcnews.com/politics/donald-trump/tanya-chutkan-judge-assigned-trumps-election-case-rcna97852,"Who is Tanya Chutkan, the judge assigned to Trump’s election case?",NBC,"Who is Tanya Chutkan, the judge assigned to Trump’s election case?",0,11,66
https://foxnews.com/politics/harris-claims-trump-abortion-platform-makes-no-exception-moments-after-trump-says-opposite-absolute-lie,"Harris claims Trump abortion platform makes ‘no exception,’ moments after Trump says the opposite",FoxNews,"Harris claims Trump abortion platform makes ‘no exception,’ moments after Trump says the opposite",1,14,97
https://www.nbcnews.com/politics/2024-election/nikki-haley-ends-presidential-campaign-trump-gop-primary-rcna134811,"Nikki Haley ends presidential campaign with 'no regrets,' ceding GOP nomination to Trump",NBC,"Nikki Haley ends presidential campaign with 'no regrets,' ceding GOP nomination to Trump",0,13,88
https://www.foxnews.com/lifestyle/americas-veterans-heroes-get-support-bold-mt-kilimanjaro-climb-charity.print,America's veterans and heroes get support through bold Mt. Kilimanjaro climb for charity,FoxNews,America's veterans and heroes get support through bold Mt. Kilimanjaro climb for charity,1,13,88
https://www.foxnews.com/lifestyle/florida-beach-living-carefree-answer-caregiving-couple.print,Florida beach living is the carefree answer for one caregiving couple,FoxNews,Florida beach living is the carefree answer for one caregiving couple,1,11,69
https://www.nbcnews.com/news/world/hard-liner-raisi-s-engineered-iran-election-win-entrenches-conservative-n1271616,Iran's hard liners tighten grip with 'engineered' election,NBC,Iran's hard liners tighten grip with 'engineered' election,0,8,58
https://www.nbcnews.com/politics/supreme-court/supreme-court-rule-bidens-student-loan-forgiveness-plan-friday-rcna76874,Supreme Court kills Biden student loan relief plan,NBC,Supreme Court kills Biden student loan relief plan,0,8,50
https://www.nbcnews.com/news/world/israel-hamas-war-iran-hezbollah-lebanon-militant-group-rcna120092,What is Hezbollah? A look at the Iran backed militant group on the sidelines of the Israel Hamas war,NBC,What is Hezbollah? A look at the Iran backed militant group on the sidelines of the Israel Hamas war,0,19,100
https://www.nbcnews.com/news/investigations/are-russia-north-korea-planning-october-surprise-aids-trump-rcna153828,Are Russia and North Korea planning an 'October surprise' that aids Trump?,NBC,Are Russia and North Korea planning an 'October surprise' that aids Trump?,0,12,74
https://www.foxnews.com/politics/fox-news-power-rankings-front-runner-contenders-2024-gop-primary-field,Power Rankings: The frontrunner and contenders in the 2024 GOP primary field,FoxNews,Power Rankings: The frontrunner and contenders in the 2024 GOP primary field,1,12,76
https://www.nbcnews.com/tech/tiktoks-content-political-subjects-aligns-chinese-government-study-say-rcna130448,"TikTok’s content on some political subjects aligns with the Chinese government, study says",NBC,"TikTok’s content on some political subjects aligns with the Chinese government, study says",0,13,90
https://www.nbcnews.com/politics/jd-vance-midwest-heavy-generational-pitch-politics-desk-rcna162453,"JD Vance makes a Midwest heavy, generational pitch: From the Politics Desk",NBC,"JD Vance makes a Midwest heavy, generational pitch: From the Politics Desk",0,12,74
https://www.nbcnews.com/politics/2024-election/charlie-kirk-turning-point-donald-trump-christian-nationalism-rcna156565,Charlie Kirk once pushed a 'secular worldview.' Now he's fighting to make America Christian again.,NBC,Charlie Kirk once pushed a 'secular worldview.' Now he's fighting to make America Christian again.,0,15,98
https://www.nbcnews.com/news/world/india-g20-christian-church-attack-rcna103571,Religious violence reaches India’s capital as a Hindu mob swarms a church,NBC,Religious violence reaches India’s capital as a Hindu mob swarms a church,0,12,73
https://www.nbcnews.com/news/world/no-sign-israel-gaza-violence-abating-amid-calls-end-bloodshed-n1267548,Israel pounds Gaza with heavy strikes as conflict enters second week,NBC,Israel pounds Gaza with heavy strikes as conflict enters second week,0,11,68
https://www.foxnews.com/entertainment/eddie-van-halens-son-wolfgang-hits-back-david-lee-roth-singer-trashes-him-wild-rant,Eddie Van Halen's son Wolfgang hits back at David Lee Roth after singer trashes him in wild rant,FoxNews,Eddie Van Halen's son Wolfgang hits back at David Lee Roth after singer trashes him in wild rant,1,18,96
https://www.foxnews.com/world/idf-says-hamas-operative-other-terrorists-killed-carries-out-intelligence-based-strikes-gaza,"IDF says key Hamas operative killed in Gaza, following crippling strike on Hezbollah",FoxNews,"IDF says key Hamas operative killed in Gaza, following crippling strike on Hezbollah",1,13,84
https://www.foxnews.com/media/meta-claims-another-error-after-conservative-colleges-second-complaint-about-facebook-treatment,Meta claims another 'error' after conservative college's second complaint about Facebook treatment,FoxNews,Meta claims another 'error' after conservative college's second complaint about Facebook treatment,1,12,98
https://www.foxnews.com/politics/female-athlete-injured-transgender-player-slams-dem-lawmakers-who-dismissed-dangers.print,Female athlete injured by transgender player slams Dem lawmakers who dismissed dangers,FoxNews,Female athlete injured by transgender player slams Dem lawmakers who dismissed dangers,1,12,86
https://www.nbcnews.com/news/latino/cuba-exploded-protests-goes-us-embargo-pandemic-rcna1399,Cuba's protests rocked the entire island. Here's why people flooded the streets.,NBC,Cuba's protests rocked the entire island. Here's why people flooded the streets.,0,12,80
https://www.nbcnews.com/politics/donald-trump/major-setback-trump-appeals-court-ends-special-masters-review-seized-m-rcna59714,"In major setback for Trump, appeals court ends special master's review of seized Mar a Lago records",NBC,"In major setback for Trump, appeals court ends special master's review of seized Mar a Lago records",0,17,99
https://www.nbcnews.com/pop-culture/celebrity/liam-paynes-cause-death-confirmed-autopsy-report-polytrauma-rcna176183,Liam Payne’s cause of death confirmed in autopsy report: What is polytrauma?,NBC,Liam Payne’s cause of death confirmed in autopsy report: What is polytrauma?,0,12,76
https://www.nbcnews.com/politics/elections/desantis-signs-bill-creating-election-police-unit-florida-rcna25941,DeSantis signs bill creating election police unit in Florida,NBC,DeSantis signs bill creating election police unit in Florida,0,9,60
https://www.nbcnews.com/news/world/israel-hamas-war-gaza-rafah-ground-assault-evacuation-order-leaflets-rcna150811,'Where do we go?' Palestinians flee parts of Rafah after Israeli military order,NBC,'Where do we go?' Palestinians flee parts of Rafah after Israeli military order,0,13,79
https://www.nbcnews.com/select/shopping/best-chapped-lips-treatments-balms-ncna1138176,All lip balms aren't created equally. Here's what to know when treating chapped lips,NBC,All lip balms aren't created equally. Here's what to know when treating chapped lips,0,14,84
https://www.foxnews.com/tech/how-score-cheap-stuff-keep-resell,How to score cheap stuff (to keep or resell),FoxNews,How to score cheap stuff (to keep or resell),1,9,44
https://www.foxnews.com/politics/early-voting-begins-california-texas-5-other-states,"Early voting begins in California, Texas, 5 other states",FoxNews,"Early voting begins in California, Texas, 5 other states",1,9,56
https://www.foxnews.com/politics/doj-claims-cant-release-biden-hur-interview-due-threat-ai-deepfakes,DOJ claims it can't release Biden Hur interview due to threat of AI deepfakes,FoxNews,DOJ claims it can't release Biden Hur interview due to threat of AI deepfakes,1,14,77
https://www.nbcnews.com/tech/internet/-eyes-rafah-image-shared-millions-instagram-rcna154380,'All Eyes on Rafah' image shared by millions on Instagram following Israeli airstrike,NBC,'All Eyes on Rafah' image shared by millions on Instagram following Israeli airstrike,0,13,85
https://www.nbcnews.com/select/shopping/best-fathers-day-grilling-gifts-ncna1214766,Gifts for father figures who love to grill,NBC,Gifts for father figures who love to grill,0,8,42
https://www.nbcnews.com/select/shopping/best-roomba-robot-vacuum-ncna1242643,"The best Roomba robot vacuums for pet owners, large homes and more",NBC,"The best Roomba robot vacuums for pet owners, large homes and more",0,12,66
https://www.nbcnews.com/politics/congress/house-vote-condemn-biden-kamala-harris-others-2021-afghanistan-withdra-rcna172619,"House votes to condemn Biden, Harris and others over 2021 Afghanistan withdrawal",NBC,"House votes to condemn Biden, Harris and others over 2021 Afghanistan withdrawal",0,12,80
https://www.nbcnews.com/politics/donald-trump/full-list-trump-s-last-minute-pardons-commuted-sentences-n1254806,Full list of Trump's last minute pardons and commuted sentences,NBC,Full list of Trump's last minute pardons and commuted sentences,0,10,63
https://www.nbcnews.com/think/opinion/bolton-s-book-suggests-trump-corruption-runs-deep-worse-republicans-ncna1231814,Opinion Bolton's book is depressing on so many levels here's what hurts the most,NBC,Opinion Bolton's book is depressing on so many levels here's what hurts the most,0,14,80
https://www.foxnews.com/politics/trump-gets-big-post-debate-boost-new-poll-after-bidens-botched-performance,Trump gets big post debate boost in new polls after Biden's botched performance,FoxNews,Trump gets big post debate boost in new polls after Biden's botched performance,1,13,79
https://www.foxnews.com/sports/eagles-nick-sirianni-has-heated-spat-fans-after-close-win-vs-browns,Eagles' Nick Sirianni has heated spat with fans after close win vs Browns,FoxNews,Eagles' Nick Sirianni has heated spat with fans after close win vs Browns,1,13,73
https://www.foxnews.com/politics/newsoms-progressive-activism-debate-skills-among-vulnerabilities-potential-national-campaign-expert,"Newsom's progressive activism, debate skills among vulnerabilities in potential national campaign: expert",FoxNews,"Newsom's progressive activism, debate skills among vulnerabilities in potential national campaign: expert",1,12,105
https://www.foxnews.com/politics/supreme-court-allows-continued-regulation-ghost-guns,Supreme Court allows continued regulation of so called 'ghost guns',FoxNews,Supreme Court allows continued regulation of so called 'ghost guns',1,10,67
https://www.foxnews.com/politics/fraud-gov-desantis-calls-lia-thomas-biological-men-competing-womens-sports,"'That is a fraud': Gov. DeSantis calls out Lia Thomas, biological men competing in women's sports",FoxNews,"'That is a fraud': Gov. DeSantis calls out Lia Thomas, biological men competing in women's sports",1,16,97
https://www.foxnews.com/media/kamala-harris-ridiculed-post-roe-anniversary-recounts-rage-need-let-out-emotionally,"Kamala Harris ridiculed for post on Roe anniversary as she recounts rage, need to ‘let it all out’ emotionally",FoxNews,"Kamala Harris ridiculed for post on Roe anniversary as she recounts rage, need to ‘let it all out’ emotionally",1,19,110
https://www.nbcnews.com/politics/donald-trump/tight-circle-aides-trying-keep-trump-trouble-rcna78335,How a tight circle of aides is trying to keep Trump out of (more) trouble,NBC,How a tight circle of aides is trying to keep Trump out of (more) trouble,0,15,73
https://www.foxnews.com/politics/beyonce-gave-scotus-justice-ketanji-brown-jackson-concert-tickets-valued-nearly-4000-filing,"Beyoncé gave SCOTUS Justice Ketanji Brown Jackson concert tickets valued at nearly $4,000: report",FoxNews,"Beyoncé gave SCOTUS Justice Ketanji Brown Jackson concert tickets valued at nearly $4,000: report",1,14,97
https://www.foxnews.com/lifestyle/gargantuan-butcher-block-wavy-flag-quarter-ton-testament-power-patriotism,"'Gargantuan' butcher block wavy flag is a quarter ton testament to power of patriotism, land of opportunity",FoxNews,"'Gargantuan' butcher block wavy flag is a quarter ton testament to power of patriotism, land of opportunity",1,17,107
https://www.nbcnews.com/politics/politics-news/elected-official-connecticut-admits-entered-capitol-jan-6-attack-rcna54579,Elected official from Connecticut admits he entered Capitol during Jan. 6 attack,NBC,Elected official from Connecticut admits he entered Capitol during Jan. 6 attack,0,12,80
https://www.foxnews.com/media/dems-mocked-low-t-soy-boys-after-cnn-anchor-says-dnc-appeals-opposite-testosterone-laden-men,Dems mocked as ‘low T soy boys’ after CNN anchor says DNC appeals to opposite of 'testosterone laden men',FoxNews,Dems mocked as ‘low T soy boys’ after CNN anchor says DNC appeals to opposite of 'testosterone laden men',1,19,105
https://www.foxnews.com/media/eric-trump-condemns-ny-set-up-father-built-nyc-skyline-this-his-thanks,Eric Trump condemns NY 'set up': My father built NYC skyline and this is his thanks,FoxNews,Eric Trump condemns NY 'set up': My father built NYC skyline and this is his thanks,1,16,83
https://www.foxnews.com/us/georgia-school-shooter-fbi-radar-2023-possible-threat-online-remarks,Georgia school shooting suspect on FBI radar since 2023 as possible threat after online remarks,FoxNews,Georgia school shooting suspect on FBI radar since 2023 as possible threat after online remarks,1,15,95
https://www.foxnews.com/science/discovery-civil-war-map-antietam,Discovery of Civil War map sheds new light on Antietam’s bloody aftermath,FoxNews,Discovery of Civil War map sheds new light on Antietam’s bloody aftermath,1,12,73
https://www.nbcnews.com/news/world/hamas-says-hostage-guards-gaza-are-operating-new-instructions-rcna169276,Hamas says hostage guards in Gaza are operating under new instructions,NBC,Hamas says hostage guards in Gaza are operating under new instructions,0,11,70
https://www.foxnews.com/media/laura-ingraham-strategy-could-cost-democrats-dearly-november.print,LAURA INGRAHAM: This strategy could cost Democrats 'dearly' in November,FoxNews,LAURA INGRAHAM: This strategy could cost Democrats 'dearly' in November,1,10,71
https://www.foxnews.com/lifestyle/praying-rosary-understanding-tradition-helps-catholics-meditate-jesus-mother-mary,Praying the rosary: Understanding the tradition that helps Catholics meditate on Jesus and Mother Mary,FoxNews,Praying the rosary: Understanding the tradition that helps Catholics meditate on Jesus and Mother Mary,1,15,102
https://www.nbcnews.com/politics/politics-news/desantis-asks-students-remove-masks-he-says-are-doing-nothing-n1290693,"DeSantis chides students for wearing masks, tells them to 'stop with this Covid theater'",NBC,"DeSantis chides students for wearing masks, tells them to 'stop with this Covid theater'",0,14,88
https://www.foxnews.com/lifestyle/eye-spy-problem-california-doctor-removes-23-contact-lenses-womans-eye,Eye spy a big problem: California doctor removes 23 contact lenses from one woman’s eye,FoxNews,Eye spy a big problem: California doctor removes 23 contact lenses from one woman’s eye,1,15,87
https://www.nbcnews.com/nbc-out/out-politics-and-policy/groomer-pedophile-old-tropes-find-new-life-anti-lgbtq-movement-rcna23931,"'Groomer,' 'pro pedophile': Old tropes find new life in anti LGBTQ movement",NBC,"'Groomer,' 'pro pedophile': Old tropes find new life in anti LGBTQ movement",0,12,75
https://www.nbcnews.com/news/world/iran-blame-violence-killed-mahsa-amini-un-finds-rcna142504,"Iran to blame for violence that killed Mahsa Amini, U.N. finds",NBC,"Iran to blame for violence that killed Mahsa Amini, U.N. finds",0,11,62
https://www.nbcnews.com/news/world/israel-hamas-war-far-right-groups-tax-deductible-donations-aid-gaza-rcna162058,Far right groups blocking Gaza aid receive tax deductible gifts from U.S. and Israel,NBC,Far right groups blocking Gaza aid receive tax deductible gifts from U.S. and Israel,0,14,84
https://www.nbcnews.com/politics/2024-election/north-carolina-begins-voting-hurricane-devastation-complicates-casting-rcna175805,"As North Carolina begins voting, hurricane devastation complicates casting ballots",NBC,"As North Carolina begins voting, hurricane devastation complicates casting ballots",0,10,82
https://www.foxnews.com/politics/how-long-kamala-harris-honeymoon-polls-against-donald-trump-last,How long will the Kamala Harris honeymoon in the polls against Donald Trump last?,FoxNews,How long will the Kamala Harris honeymoon in the polls against Donald Trump last?,1,14,81
https://www.foxnews.com/sports/tony-bennett-blames-nil-retirement-calls-change-college-sports-emotional-conference.print,"Tony Bennett blames NIL for retirement, calls for 'change' in college sports in emotional conference",FoxNews,"Tony Bennett blames NIL for retirement, calls for 'change' in college sports in emotional conference",1,15,100
https://www.nbcnews.com/politics/2024-election/trump-damage-control-abortion-backlash-conservatives-rcna168922,Trump comes out against Florida's abortion rights ballot measure after conservative backlash,NBC,Trump comes out against Florida's abortion rights ballot measure after conservative backlash,0,12,92
https://www.foxnews.com/official-polls/fox-news-poll-harris-trump-dead-heat-pennsylvania,"Poll: Harris, Trump tied in Pennsylvania",FoxNews,"Poll: Harris, Trump tied in Pennsylvania",1,6,40
https://www.foxnews.com/world/german-bureaucrat-under-fire-trashing-british-wwii-hero-inspired-israeli-army,German bureaucrat under fire for trashing British WWII hero who inspired Israeli army,FoxNews,German bureaucrat under fire for trashing British WWII hero who inspired Israeli army,1,13,85
https://www.nbcnews.com/news/world/north-korea-calls-south-korea-hostile-state-constitution-change-rcna175865,"North Korea calls South Korea a ‘hostile state,’ indicating constitution change",NBC,"North Korea calls South Korea a ‘hostile state,’ indicating constitution change",0,11,79
https://www.nbcnews.com/select/shopping/how-to-clean-dogs-ears-rcna151711,"Yes, you need to clean your pet’s ears here’s how to do it the right way",NBC,"Yes, you need to clean your pet’s ears here’s how to do it the right way",0,16,72
https://www.foxnews.com/us/9-11-flight-phone-calls,"Heroism, bravery displayed on 9/11 by plane passengers who made phone calls from hijacked aircraft",FoxNews,"Heroism, bravery displayed on 9/11 by plane passengers who made phone calls from hijacked aircraft",1,15,98
https://www.foxnews.com/politics/biden-admin-backs-down-key-eco-regulations-supreme-court-ruling,Biden admin backs down on key eco regulations after Supreme Court ruling,FoxNews,Biden admin backs down on key eco regulations after Supreme Court ruling,1,12,72
https://www.nbcnews.com/news/world/banker-to-the-poor-microcredit-muhammad-yunus-bangladesh-prison-rcna141088,Nobel Peace laureate known as ‘banker to the poor’ faces jail in his home country,NBC,Nobel Peace laureate known as ‘banker to the poor’ faces jail in his home country,0,15,81
https://www.nbcnews.com/business/business-news/apple-sued-doj-antitrust-monopoly-biden-rcna144424,Apple sued by Biden administration over alleged iPhone 'monopoly power',NBC,Apple sued by Biden administration over alleged iPhone 'monopoly power',0,10,71
https://www.foxnews.com/politics/texas-dems-senate-ad-features-border-wall-he-once-blasted-racist,Texas Dem's Senate ad features border wall he once blasted as 'racist',FoxNews,Texas Dem's Senate ad features border wall he once blasted as 'racist',1,12,70
https://www.nbcnews.com/politics/supreme-court/biden-attacks-supreme-court-immunity-ruling-emboldening-lawless-presid-rcna159883,'I dissent': Biden attacks Supreme Court immunity ruling as emboldening a lawless president,NBC,'I dissent': Biden attacks Supreme Court immunity ruling as emboldening a lawless president,0,13,91
https://www.foxnews.com/media/cnn-saga-how-much-cash-jeff-zucker-network,CNN saga: How much cash did ousted boss Jeff Zucker get to leave network?,FoxNews,CNN saga: How much cash did ousted boss Jeff Zucker get to leave network?,1,14,73
https://www.nbcnews.com/politics/justice-department/former-west-virginia-lawmaker-derrick-evans-sentenced-storming-capitol-rcna34329,'Derrick Evans is in the Capitol!' he yelled. Derrick Evans has now been sentenced for storming the Capitol.,NBC,'Derrick Evans is in the Capitol!' he yelled. Derrick Evans has now been sentenced for storming the Capitol.,0,18,108
https://www.nbcnews.com/politics/2024-election/kamala-harris-tough-migration-pitch-border-points-shifting-national-mo-rcna172850,Kamala Harris' tough on migration pitch at the border points to a shifting national mood,NBC,Kamala Harris' tough on migration pitch at the border points to a shifting national mood,0,15,88
https://www.foxnews.com/official-polls/fox-news-poll-new-matchup-same-result-trump-bests-harris-one-point.print,"Poll: New matchup, same result Trump bests Harris by one point",FoxNews,"Poll: New matchup, same result Trump bests Harris by one point",1,11,62
https://www.nbcnews.com/news/latino/latinos-trump-rebrands-launch-latino-americans-trump-rcna155708,'Latinos for Trump' rebrands and is set to launch as 'Latino Americans for Trump',NBC,'Latinos for Trump' rebrands and is set to launch as 'Latino Americans for Trump',0,14,81
https://www.foxnews.com/politics/cattlemen-roast-vegan-nyc-mayor-cracking-down-food-part-climate-agenda,Cattlemen roast vegan NYC mayor for cracking down on food as part of climate agenda,FoxNews,Cattlemen roast vegan NYC mayor for cracking down on food as part of climate agenda,1,15,83
https://www.nbcnews.com/news/us-news/coronavirus-isolation-raises-concerns-domestic-violence-survivors-experts-say-n1165316,Coronavirus isolation raises concerns for domestic violence survivors,NBC,Coronavirus isolation raises concerns for domestic violence survivors,0,8,69
https://www.foxnews.com/politics/progressive-house-dems-made-secret-trip-cuba-discuss-human-rights-border-crisis.print,Progressive House Dems made secret 'human rights' trip to Cuba amid worsening border crisis at home,FoxNews,Progressive House Dems made secret 'human rights' trip to Cuba amid worsening border crisis at home,1,16,99
https://www.nbcnews.com/politics/2024-election/mark-cuban-says-wont-run-president-third-party-2024-rcna94153,Mark Cuban says he won't run for president with third party in 2024,NBC,Mark Cuban says he won't run for president with third party in 2024,0,13,67
https://www.foxnews.com/politics/georgia-doctors-speak-out-challenge-misinformation-states-abortion-law-death-amber-thurman.print,"Georgia doctors speak out to challenge misinformation on state's abortion law, death of Amber Thurman",FoxNews,"Georgia doctors speak out to challenge misinformation on state's abortion law, death of Amber Thurman",1,15,101
https://www.nbcnews.com/news/world/bahrain-becomes-second-arab-nation-recognize-israel-less-month-n1239894,Bahrain becomes second Arab nation to recognize Israel in less than a month,NBC,Bahrain becomes second Arab nation to recognize Israel in less than a month,0,13,75
https://www.nbcnews.com/select/shopping/fitbit-charge-6-review-rcna144998,I tested the Fitbit Charge 6 for weeks I love that it doesn’t overwhelm me with data,NBC,I tested the Fitbit Charge 6 for weeks I love that it doesn’t overwhelm me with data,0,17,84
https://www.nbcnews.com/politics/politics-news/mcconnell-says-he-would-absolutely-support-trump-2024-nominee-n1258911,McConnell says he would 'absolutely' support Trump as 2024 nominee,NBC,McConnell says he would 'absolutely' support Trump as 2024 nominee,0,10,66
https://www.foxnews.com/sports/senate-hopeful-sam-brown-tulsi-gabbard-show-support-nevada-womens-volleyball-team-amid-sjsu-trans-drama.print,"Senate hopeful Sam Brown, Tulsi Gabbard show support for Nevada women's volleyball team amid SJSU trans drama",FoxNews,"Senate hopeful Sam Brown, Tulsi Gabbard show support for Nevada women's volleyball team amid SJSU trans drama",1,17,109
https://www.foxnews.com/politics/biden-charge-country-second-straight-vacation-white-house-insists,"Biden is in charge of country on second straight vacation, White House insists",FoxNews,"Biden is in charge of country on second straight vacation, White House insists",1,13,78
https://www.nbcnews.com/politics/2024-election/sen-raphael-warnock-mark-robinson-white-supremacy-blackface-mlk-rcna172153,Sen. Raphael Warnock says embattled NC GOP candidate Mark Robinson is ‘white supremacy in blackface’,NBC,Sen. Raphael Warnock says embattled NC GOP candidate Mark Robinson is ‘white supremacy in blackface’,0,15,100
https://www.foxnews.com/health/family-selling-dream-home-fund-life-saving-treatment-daughter.print,Family selling dream home to fund life saving treatment for 5 year old daughter,FoxNews,Family selling dream home to fund life saving treatment for 5 year old daughter,1,14,79
https://www.nbcnews.com/select/shopping/best-cyber-monday-deals-2022-ncna1301406,"Cyber Monday deals are still live from brands like Yeti, FitBit, Amazon and more",NBC,"Cyber Monday deals are still live from brands like Yeti, FitBit, Amazon and more",0,14,80
https://www.nbcnews.com/news/world/iran-strikes-israeli-targets-rcna147407,Iran launches retaliatory attack on Israel that risks sparking regional war,NBC,Iran launches retaliatory attack on Israel that risks sparking regional war,0,11,75
https://www.foxnews.com/food-drink/make-cant-go-wrong-lobster-rolls-family-friends-weekend-easy-recipe,Make these 'can't go wrong' lobster rolls with family and friends this weekend: Try the easy recipe,FoxNews,Make these 'can't go wrong' lobster rolls with family and friends this weekend: Try the easy recipe,1,17,99
https://www.foxnews.com/us/tren-de-aragua-members-violent-venezuelan-migrant-gang-arrested-texas-hsi,Tren de Aragua members of violent Venezuelan migrant gang arrested in Texas: HSI,FoxNews,Tren de Aragua members of violent Venezuelan migrant gang arrested in Texas: HSI,1,13,80
https://www.nbcnews.com/politics/justice-department/oath-keepers-verdict-seditious-conspiracy-trial-rcna58415,"Two Oath Keepers, including founder, found guilty of seditious conspiracy in Jan. 6 case",NBC,"Two Oath Keepers, including founder, found guilty of seditious conspiracy in Jan. 6 case",0,14,88
https://www.nbcnews.com/tech/social-media/smartphones-youth-mental-health-jonathan-haidt-book-debate-rcna145928,"A new book has amplified fierce debate around teens, mental health and smartphones",NBC,"A new book has amplified fierce debate around teens, mental health and smartphones",0,13,82
https://www.foxnews.com/politics/kamala-harris-said-she-could-walk-into-home-legal-gun-owner-inspection,Kamala Harris once said police could pay surprise visits to legal gun owners' homes for safe storage checks,FoxNews,Kamala Harris once said police could pay surprise visits to legal gun owners' homes for safe storage checks,1,18,107
https://www.foxnews.com/sports/riley-gaines-rips-georgia-tech-president-remarks-lawmakers-why-didnt-you-protect-me,Riley Gaines rips Georgia Tech president in remarks to lawmakers: 'Why didn’t you protect me?',FoxNews,Riley Gaines rips Georgia Tech president in remarks to lawmakers: 'Why didn’t you protect me?',1,15,94
https://www.foxnews.com/media/fox-news-digital-thumps-cnn-ny-times-other-major-news-brands-key-metrics-during-second-quarter,"Digital thumps CNN, NY Times, other major brands in key metrics during second quarter",FoxNews,"Digital thumps CNN, NY Times, other major brands in key metrics during second quarter",1,14,85
https://www.foxnews.com/media/biden-reveals-meaning-come-to-jesus-expression-hot-mic-moment-following-sotu,Biden reveals meaning of 'come to Jesus' expression from hot mic moment following the SOTU,FoxNews,Biden reveals meaning of 'come to Jesus' expression from hot mic moment following the SOTU,1,15,90
https://www.foxnews.com/politics/biden-admin-faces-bipartisan-opposition-actions-allowing-potentially-diseased-beef-imports.print,Biden admin faces bipartisan backlash for allowing beef imports from Paraguay: ‘Cutting corners’,FoxNews,Biden admin faces bipartisan backlash for allowing beef imports from Paraguay: ‘Cutting corners’,1,13,96
https://www.foxnews.com/politics/pennsylvania-republicans-illegal-immigrant-remittance-fee-property-tax-relief,Pennsylvania Republicans seek to levy illegal immigrants' remittances to fund property tax relief,FoxNews,Pennsylvania Republicans seek to levy illegal immigrants' remittances to fund property tax relief,1,13,97
https://www.nbcnews.com/health/health-news/patients-scramble-treatments-hospitals-conserve-iv-fluids-storms-rcna174958,Patients scramble for treatments as hospitals conserve IV fluids after storms,NBC,Patients scramble for treatments as hospitals conserve IV fluids after storms,0,11,77
https://www.foxnews.com/politics/fox-news-power-rankings-harris-loses-her-lead-new-electorate-emerges,Power Rankings: Harris loses her lead and a new electorate emerges,FoxNews,Power Rankings: Harris loses her lead and a new electorate emerges,1,11,66
https://www.foxnews.com/politics/what-paying-your-fair-share-mean-jury-still-out-members-congress.print,What does paying your 'fair share' mean? The jury is still out for members of Congress.,FoxNews,What does paying your 'fair share' mean? The jury is still out for members of Congress.,1,16,87
https://www.nbcnews.com/news/world/north-korea-missiles-russia-ukraine-rcna123453,"North Korea has most likely sent missiles to Russia, South says",NBC,"North Korea has most likely sent missiles to Russia, South says",0,11,63
https://www.foxnews.com/entertainment/katy-perry-exits-american-idol,Katy Perry exits ‘American Idol’: ‘This is my last season’,FoxNews,Katy Perry exits ‘American Idol’: ‘This is my last season’,1,10,58
https://www.nbcnews.com/politics/2024-election/poll-half-voters-plan-cast-ballots-early-stark-partisan-divide-rcna175253,Poll: Half of voters plan to cast their ballots early with a stark partisan divide,NBC,Poll: Half of voters plan to cast their ballots early with a stark partisan divide,0,15,82
https://www.nbcnews.com/select/shopping/best-video-games-beginners-ncna1303300,The best video games for beginners to try this year,NBC,The best video games for beginners to try this year,0,10,51
https://www.nbcnews.com/news/us-news/new-fbi-stats-show-historic-declines-violent-crime-rate-murder-showing-rcna156573,"New FBI stats show 'historic' declines in violent crime rate, with murder showing sharpest drop",NBC,"New FBI stats show 'historic' declines in violent crime rate, with murder showing sharpest drop",0,15,95
https://www.nbcnews.com/politics/congress/mike-johnson-wont-commit-bringing-house-back-election-hurricane-relief-rcna174174,Mike Johnson won't commit to bringing House back before the election for more hurricane relief,NBC,Mike Johnson won't commit to bringing House back before the election for more hurricane relief,0,15,94
https://www.foxnews.com/opinion/happy-birthday-americas-first-presidential-centenarian,Happy birthday to America's first presidential centenarian,FoxNews,Happy birthday to America's first presidential centenarian,1,7,58
https://www.foxnews.com/media/biden-tells-the-view-confident-could-have-beaten-trump-loser,Biden tells 'The View' he was 'confident' he could have beaten Trump: 'He's a loser',FoxNews,Biden tells 'The View' he was 'confident' he could have beaten Trump: 'He's a loser',1,15,84
https://www.nbcnews.com/politics/politics-news/false-pet-claims-springfield-ohio-mayor-says-trump-visit-strain-rcna171558,"After false pet claims, Springfield mayor says Trump visit would be 'an extreme strain' on resources",NBC,"After false pet claims, Springfield mayor says Trump visit would be 'an extreme strain' on resources",0,16,100
https://www.foxnews.com/media/most-americans-hesitant-share-honest-opinions-key-political-issues-social-pressure-index,"Most Americans are hesitant to share their honest opinions on key political issues, Social Pressure Index says",FoxNews,"Most Americans are hesitant to share their honest opinions on key political issues, Social Pressure Index says",1,17,110
https://www.nbcnews.com/politics/donald-trump/trump-employee-told-fbi-former-president-ordered-staff-move-boxes-docu-rcna52019,A Trump employee told the FBI that the former president ordered staff to move boxes of documents at Mar a Lago,NBC,A Trump employee told the FBI that the former president ordered staff to move boxes of documents at Mar a Lago,0,21,110
https://www.nbcnews.com/politics/2024-election/trump-campaign-targets-haley-first-time-new-hampshire-airwaves-rcna132192,Trump campaign targets Nikki Haley for first time on New Hampshire airwaves,NBC,Trump campaign targets Nikki Haley for first time on New Hampshire airwaves,0,12,75
https://www.nbcnews.com/politics/national-security/china-russia-ai-divide-us-society-undermine-us-elections-power-rcna142880,"AI gives Russia, China new tools to divide U.S. society, undermine U.S. image, spies say",NBC,"AI gives Russia, China new tools to divide U.S. society, undermine U.S. image, spies say",0,15,88
https://www.nbcnews.com/select/shopping/best-eco-friendly-shoes-sustainable-ncna1190646,"How to shop for eco friendly shoes, according to experts",NBC,"How to shop for eco friendly shoes, according to experts",0,10,56
https://www.foxnews.com/politics/trump-announces-may-fundraising-following-massive-post-verdict-haul.print,Trump verdict fires up the donor class leading to massive May fundraising haul,FoxNews,Trump verdict fires up the donor class leading to massive May fundraising haul,1,13,78
https://www.nbcnews.com/news/latino/liza-colon-zayaz-tina-the-bear-rcna159806,"Liza Colón Zayas, who plays Tina in 'The Bear,' discusses her character's compelling backstory",NBC,"Liza Colón Zayas, who plays Tina in 'The Bear,' discusses her character's compelling backstory",0,14,94
https://www.nbcnews.com/politics/congress/benjamin-netanyahu-address-congress-speaker-mike-johnson-says-rcna153847,"Netanyahu to address Congress, House Speaker Mike Johnson says",NBC,"Netanyahu to address Congress, House Speaker Mike Johnson says",0,9,62
https://www.foxnews.com/politics/trump-harris-blasted-ignoring-exploding-budget-deficit-economists-plead-both-get-real,"Trump, Harris blasted for ignoring exploding budget deficit, as economists plead with both to 'get real'",FoxNews,"Trump, Harris blasted for ignoring exploding budget deficit, as economists plead with both to 'get real'",1,16,104
https://www.foxnews.com/politics/leader-race-looms-john-thune-takes-senate-map-storm-boost-gop-candidates,"As leader race looms, John Thune takes Senate map by storm to boost GOP candidates",FoxNews,"As leader race looms, John Thune takes Senate map by storm to boost GOP candidates",1,15,82
https://www.foxnews.com/entertainment/olivia-jade-giannulli-publicly-shamed-lori-loughlin-mossimo-giannulli-scandal,"Olivia Jade Giannulli recalls being 'publicly shamed' for Lori Loughlin, Mossimo Giannulli's scandal",FoxNews,"Olivia Jade Giannulli recalls being 'publicly shamed' for Lori Loughlin, Mossimo Giannulli's scandal",1,13,100
https://www.nbcnews.com/politics/2024-election/obama-endorses-harris-president-whirlwind-week-party-support-rcna163613,Obama endorses Harris for president in a whirlwind week of party support,NBC,Obama endorses Harris for president in a whirlwind week of party support,0,12,72
https://www.nbcnews.com/news/latino/anxious-cubans-brace-price-hikes-austerity-measures-rcna136627,Anxious Cubans brace for upcoming price hikes and austerity measures,NBC,Anxious Cubans brace for upcoming price hikes and austerity measures,0,10,68
https://www.nbcnews.com/politics/justice-department/trump-calls-judge-overseeing-jan-6-case-evil-person-rcna176112,Trump calls judge overseeing his Jan. 6 case 'the most evil person',NBC,Trump calls judge overseeing his Jan. 6 case 'the most evil person',0,12,67
https://www.foxnews.com/us/ivy-league-students-anti-israel-protests-spiral-actual-terror-organization-professor-warns,"Ivy League anti Israel agitators' protests spiral into 'actual terror organization,' professor warns",FoxNews,"Ivy League anti Israel agitators' protests spiral into 'actual terror organization,' professor warns",1,13,100
https://www.foxnews.com/us/florida-police-department-invites-public-to-homeless-veterans-funeral.print,Florida police department invites public to homeless veteran's funeral,FoxNews,Florida police department invites public to homeless veteran's funeral,1,9,70
https://www.foxnews.com/world/how-did-hezbollah-pager-explosions-happen-things-know,How did the Hezbollah pager explosions happen? 5 things to know,FoxNews,How did the Hezbollah pager explosions happen? 5 things to know,1,11,63
https://www.foxnews.com/media/cbs-60-minutes-airs-two-different-answers-from-vp-harris-same-question.print,CBS '60 Minutes' airs two different answers from VP Harris to the same question,FoxNews,CBS '60 Minutes' airs two different answers from VP Harris to the same question,1,14,79
https://www.foxnews.com/politics/trump-set-host-rally-bidens-home-state-hush-money-trial,Trump set to host rally in Biden's home state ahead of hush money trial,FoxNews,Trump set to host rally in Biden's home state ahead of hush money trial,1,14,71
https://www.nbcnews.com/politics/2024-election/trump-says-presidential-civilian-award-better-top-military-honor-whose-rcna166855,Trump says presidential civilian award is 'better' than top military honor whose recipients are 'dead' or 'hit' by bullets,NBC,Trump says presidential civilian award is 'better' than top military honor whose recipients are 'dead' or 'hit' by bullets,0,19,122
https://www.foxnews.com/opinion/victim-pre-title-ix-discrimination-fighting-protect-girls-sports,"I was a victim of pre Title IX discrimination, and I'm fighting to protect girls' sports",FoxNews,"I was a victim of pre Title IX discrimination, and I'm fighting to protect girls' sports",1,16,88
https://www.foxnews.com/media/democrats-privately-concerned-biden-campaign-doomed-worry-trump-win-blue-states-report.print,"Democrats privately concerned Biden campaign is 'doomed,' worry Trump may even win blue states: report",FoxNews,"Democrats privately concerned Biden campaign is 'doomed,' worry Trump may even win blue states: report",1,15,102
https://www.foxnews.com/entertainment/harrison-ford-loves-being-old-despite-challenges.print,Harrison Ford loves being old despite challenges: 'I don't want to be young again',FoxNews,Harrison Ford loves being old despite challenges: 'I don't want to be young again',1,14,82
https://www.foxnews.com/media/national-black-farmers-president-issues-dire-warning-biden-admin-heading-food-shortage,National Black Farmers president issues dire warning to Biden admin: 'We're heading for a food shortage',FoxNews,National Black Farmers president issues dire warning to Biden admin: 'We're heading for a food shortage',1,16,104
https://www.nbcnews.com/select/shopping/dry-skin-week-today-rcna135059,"Shop our dry skin essentials, as seen on TODAY",NBC,"Shop our dry skin essentials, as seen on TODAY",0,9,46
https://www.foxnews.com/media/wapo-columnist-called-sycophantic-defense-kamala-harris-refusing-see-reality,WaPo columnist called out for 'sycophantic' defense of Kamala Harris: 'Refusing to see reality',FoxNews,WaPo columnist called out for 'sycophantic' defense of Kamala Harris: 'Refusing to see reality',1,14,95
https://www.foxnews.com/sports/san-jose-state-womens-volleyballs-trans-player-raises-eyebrows-brutal-spike-vs-new-mexico.print,San Jose State women's volleyball's trans player raises eyebrows with brutal spike vs New Mexico,FoxNews,San Jose State women's volleyball's trans player raises eyebrows with brutal spike vs New Mexico,1,15,96
https://www.foxnews.com/lifestyle/this-day-history-dec-14-1977-saturday-night-fever-debuts-disco-era,"On this day in history, December 14, 1977, 'Saturday Night Fever' debuts, capturing disco era in America",FoxNews,"On this day in history, December 14, 1977, 'Saturday Night Fever' debuts, capturing disco era in America",1,17,104
https://www.nbcnews.com/news/world/violence-erupts-israeli-streets-gaza-conflict-intensifies-n1267189,Israeli ground forces join attacks on Gaza as conflict intensifies,NBC,Israeli ground forces join attacks on Gaza as conflict intensifies,0,10,66
https://www.nbcnews.com/select/shopping/best-teen-girl-gift-ideas-ncna1300001,"44 gift ideas for teen girls from UGG, Rare Beauty and more",NBC,"44 gift ideas for teen girls from UGG, Rare Beauty and more",0,12,59
https://www.nbcnews.com/select/shopping/best-portable-air-conditioner-ncna1297644,These are the best AC options if you can’t install a window unit (bonus: you can wheel them into any room you want),NBC,These are the best AC options if you can’t install a window unit (bonus: you can wheel them into any room you want),0,23,115
https://www.foxnews.com/media/sen-fetterman-hits-back-aoc-suggestion-bully-after-house-clash-absurd,Sen. Fetterman hits back at AOC's suggestion he's a bully after House clash: 'That's absurd',FoxNews,Sen. Fetterman hits back at AOC's suggestion he's a bully after House clash: 'That's absurd',1,15,92
https://www.foxnews.com/entertainment/tom-cruise-harrison-ford-charlize-theron-suffer-brutal-injuries-risking-their-bodies-on-set,"Tom Cruise, Harrison Ford, Charlize Theron suffer brutal injuries risking their bodies on set",FoxNews,"Tom Cruise, Harrison Ford, Charlize Theron suffer brutal injuries risking their bodies on set",1,14,93
https://www.nbcnews.com/business/consumer/peloton-recalls-22-million-exercise-bikes-safety-hazard-rcna83932,Peloton recalls 2.2 million exercise bikes over safety hazard,NBC,Peloton recalls 2.2 million exercise bikes over safety hazard,0,9,61
https://www.nbcnews.com/select/shopping/sustainable-eco-friendly-gift-ideas-ncna1284134,24 eco friendly gift ideas for everyone on your list,NBC,24 eco friendly gift ideas for everyone on your list,0,10,52
https://www.nbcnews.com/tech/taylor-swifts-eras-tour-miami-dnc-youth-voter-campaign-rcna176005,DNC uses final leg of Taylor Swift's Eras tour to energize young voters,NBC,DNC uses final leg of Taylor Swift's Eras tour to energize young voters,0,13,71
https://www.foxnews.com/politics/nra-leaders-knock-back-liberal-pols-working-exaggerate-our-death-havent-lost-beat,NRA leaders knock back liberal pols 'who want to exaggerate our death': 'We haven't lost a beat',FoxNews,NRA leaders knock back liberal pols 'who want to exaggerate our death': 'We haven't lost a beat',1,17,96
https://www.nbcnews.com/politics/2024-election/first-ballots-general-election-presidential-race-rcna170621,The first general election ballots of the presidential race are in the mail,NBC,The first general election ballots of the presidential race are in the mail,0,13,75
https://www.nbcnews.com/select/shopping/target-circle-loyalty-program-ncna1301043,Target Circle is free. Here’s why you should use it.,NBC,Target Circle is free. Here’s why you should use it.,0,10,52
https://www.nbcnews.com/news/world/press-freedom-chilled-kashmir-reporting-criminalized-rcna35132,Press freedom chilled in Kashmir as reporting is ‘criminalized’,NBC,Press freedom chilled in Kashmir as reporting is ‘criminalized’,0,9,63
https://www.nbcnews.com/select/shopping/what-we-bought-black-friday-cyber-monday-rcna126998,"Our editors spent over $2,300 on Black Friday and Cyber Monday here’s what we bought",NBC,"Our editors spent over $2,300 on Black Friday and Cyber Monday here’s what we bought",0,15,84
https://www.foxnews.com/politics/house-gop-demands-fec-probe-potentially-illegal-actblue-fundraising-dem-platform-hauls-harris-millions,House GOP demands FEC probe 'potentially illegal' ActBlue fundraising as Dem platform hauls Harris millions,FoxNews,House GOP demands FEC probe 'potentially illegal' ActBlue fundraising as Dem platform hauls Harris millions,1,15,107
https://www.nbcnews.com/news/world/putin-xi-meet-shanghai-cooperation-organization-rcna160297,Putin and Xi meet at Central Asian summit aimed at countering U.S.,NBC,Putin and Xi meet at Central Asian summit aimed at countering U.S.,0,12,66
https://www.nbcnews.com/news/world/cats-freedom-women-afghanistan-meryl-streep-says-rcna172391,"Cats have more freedom than women in Afghanistan, Meryl Streep says",NBC,"Cats have more freedom than women in Afghanistan, Meryl Streep says",0,11,67
https://www.nbcnews.com/politics/donald-trump/judge-denies-special-counsel-request-impose-gag-order-trump-false-clai-rcna154340,Judge denies special counsel's request to impose gag order on Trump over false claim about FBI raid,NBC,Judge denies special counsel's request to impose gag order on Trump over false claim about FBI raid,0,17,99
https://www.nbcnews.com/politics/congress/jan-6-panel-looks-trump-white-house-cassidy-hutchinson-testimony-rcna35550,'They're not here to hurt me': Former aide says Trump knew Jan. 6 crowd was armed,NBC,'They're not here to hurt me': Former aide says Trump knew Jan. 6 crowd was armed,0,16,81
https://www.foxnews.com/media/webpage-rated-kamala-harris-most-liberal-senator-2019-suddenly-disappears,Webpage that rated Kamala Harris the 'most liberal' senator in 2019 suddenly disappears,FoxNews,Webpage that rated Kamala Harris the 'most liberal' senator in 2019 suddenly disappears,1,13,87
https://www.foxnews.com/food-drink/brunch-served-try-dutch-baby-fried-eggs-maple-bacon-smoked-cheddar,"Brunch is served: Try this delicious Dutch baby with fried eggs, maple bacon and smoked cheddar",FoxNews,"Brunch is served: Try this delicious Dutch baby with fried eggs, maple bacon and smoked cheddar",1,16,95
https://www.foxnews.com/official-polls/fox-news-poll-87-consider-situation-southern-border-problem,Poll: 87% consider situation at southern border a problem,FoxNews,Poll: 87% consider situation at southern border a problem,1,9,57
https://www.foxnews.com/media/cnn-calls-out-harris-using-trumps-border-wall-campaign-ad-after-condemning-years,CNN calls out Harris for using Trump's border wall in campaign ad after condemning it for years,FoxNews,CNN calls out Harris for using Trump's border wall in campaign ad after condemning it for years,1,17,95
https://www.nbcnews.com/politics/justice-department/ex-national-guardsman-wanted-jan-6-charges-surrenders-fbi-manhunt-rcna124621,Ex National Guardsman wanted on Jan. 6 charges surrenders after FBI manhunt,NBC,Ex National Guardsman wanted on Jan. 6 charges surrenders after FBI manhunt,0,12,75
https://www.nbcnews.com/news/us-news/kanye-west-implies-he-plans-vote-donald-trump-2020-n1185346,Kanye West implies he plans to vote for Donald Trump in 2020,NBC,Kanye West implies he plans to vote for Donald Trump in 2020,0,12,60
https://www.foxnews.com/politics/historian-predicted-election-1984-reveals-likely-win-trump-harris-matchup,Historian who predicted almost every election since 1984 reveals who is likely to win in Trump Harris matchup,FoxNews,Historian who predicted almost every election since 1984 reveals who is likely to win in Trump Harris matchup,1,18,109
https://www.nbcnews.com/select/shopping/easyplant-self-watering-pots-ncna1296816,The Easyplant self watering pots keep my plants healthy,NBC,The Easyplant self watering pots keep my plants healthy,0,9,55
https://www.foxnews.com/media/cnn-brian-stelter-hunter-biden-disinformation-conference,"Brian Stelter defends media not covering Hunter Biden in 2020, says critics don't know 'how newsrooms work'",FoxNews,"Brian Stelter defends media not covering Hunter Biden in 2020, says critics don't know 'how newsrooms work'",1,17,107
https://www.foxnews.com/politics/judge-denies-hunter-bidens-motion-dismiss-federal-gun-case,Judge denies Hunter Biden's motion to dismiss federal gun case,FoxNews,Judge denies Hunter Biden's motion to dismiss federal gun case,1,10,62
https://www.nbcnews.com/politics/2024-election/harris-says-part-american-tradition-vps-not-criticize-president-rcna176160,Harris says it is part of the American tradition for VPs not to criticize the president,NBC,Harris says it is part of the American tradition for VPs not to criticize the president,0,16,87
https://www.nbcnews.com/news/world/israel-far-right-hostage-families-cease-fire-negotiation-rcna126486,Hostage deal exposes tensions between Israel’s far right and hostage families,NBC,Hostage deal exposes tensions between Israel’s far right and hostage families,0,11,77
https://www.foxnews.com/food-drink/honey-deuce-sales-us-open-revealed-cocktail-explodes-popularity,Honey Deuce sales at US Open revealed as cocktail explodes in popularity,FoxNews,Honey Deuce sales at US Open revealed as cocktail explodes in popularity,1,12,72
https://www.nbcnews.com/news/significance-hamas-chose-attack-israel-now-rcna119351,The significance of why Hamas chose to attack Israel now,NBC,The significance of why Hamas chose to attack Israel now,0,10,56
https://www.foxnews.com/world/israel-says-conducted-retaliatory-strikes-against-hezbollah-lebanon-struck-hamas-gaza.print,"Israel says it conducted retaliatory strikes against Hezbollah in Lebanon, struck Hamas in Gaza",FoxNews,"Israel says it conducted retaliatory strikes against Hezbollah in Lebanon, struck Hamas in Gaza",1,14,95
https://www.nbcnews.com/select/shopping/neck-stretchers-cervical-traction-rcna144537,Constant neck pain from watching your phone at a 90 degree angle? It might be time to try a neck stretcher,NBC,Constant neck pain from watching your phone at a 90 degree angle? It might be time to try a neck stretcher,0,21,106
https://www.nbcnews.com/politics/2024-election/desantis-florida-primary-night-losses-rcna167550,Ron DeSantis' political star is tarnished after key Florida primary night losses,NBC,Ron DeSantis' political star is tarnished after key Florida primary night losses,0,12,80
https://www.foxnews.com/us/alabama-executes-man-killed-5-drug-fueled-rampage.print,Alabama executes man who killed 5 in drug fueled rampage,FoxNews,Alabama executes man who killed 5 in drug fueled rampage,1,10,56
https://www.foxnews.com/politics/gop-rep-introduces-resolution-condemning-un-calling-americans-stop-eating-meat.print,GOP rep introduces resolution condemning UN for calling on Americans to stop eating meat,FoxNews,GOP rep introduces resolution condemning UN for calling on Americans to stop eating meat,1,14,88
https://www.foxnews.com/us/collapsed-francis-scott-key-bridge-detonated-help-free-ship-from-port-of-baltimore,Collapsed Francis Scott Key Bridge detonated to help free ship from Port of Baltimore,FoxNews,Collapsed Francis Scott Key Bridge detonated to help free ship from Port of Baltimore,1,14,85
https://www.foxnews.com/politics/why-biden-did-debate-throwdown-trump-agreed-risks-each-side,"Why Biden did the debate throwdown, Trump agreed, and the risks for each side",FoxNews,"Why Biden did the debate throwdown, Trump agreed, and the risks for each side",1,14,77
https://www.nbcnews.com/select/shopping/best-nintendo-switch-multiplayer-games-ncna1296017,The best expert recommended multiplayer Nintendo Switch games,NBC,The best expert recommended multiplayer Nintendo Switch games,0,8,61
https://www.foxnews.com/politics/kamala-harris-offers-vague-day-1-oval-office-plan-cnn-interview-a-number-things,Kamala Harris offers vague 'Day 1' Oval Office plan in CNN interview: 'A number of things',FoxNews,Kamala Harris offers vague 'Day 1' Oval Office plan in CNN interview: 'A number of things',1,16,90
https://www.foxnews.com/lifestyle/caregiving-spouse-good-times-bad-military-man-incredible-story,Caregiving for a spouse during good times and bad: One military man's incredible story,FoxNews,Caregiving for a spouse during good times and bad: One military man's incredible story,1,14,86
https://www.foxnews.com/entertainment/bruce-willis-diagnosed-aphasia-stepping-away-acting,"Bruce Willis diagnosed with aphasia, 'stepping away' from acting, family reveals",FoxNews,"Bruce Willis diagnosed with aphasia, 'stepping away' from acting, family reveals",1,11,80
https://foxnews.com/politics/trump-harris-trade-barbs-crime-during-first-presidential-debate-through-roof,"Trump, Harris trade barbs on crime during first presidential debate: 'Through the roof'",FoxNews,"Trump, Harris trade barbs on crime during first presidential debate: 'Through the roof'",1,13,87
https://www.foxnews.com/politics/desantis-admin-blocked-from-threatening-tv-stations-over-pro-abortion-ads,DeSantis admin blocked from threatening TV stations over pro abortion ads,FoxNews,DeSantis admin blocked from threatening TV stations over pro abortion ads,1,11,73
https://www.foxnews.com/lifestyle/app-crash-lent-leads-hallow-ceo-hear-god-saying-give-up-let-me-handle,"App crash during Lent leads Hallow CEO to hear God say, ‘Give up and let me handle it’",FoxNews,"App crash during Lent leads Hallow CEO to hear God say, ‘Give up and let me handle it’",1,18,86
https://www.foxnews.com/lifestyle/meet-american-who-created-bubble-gum-walter-diemer-home-kitchen-chemist-outwitted-scientists,"Meet the American who created bubble gum, Walter Diemer, home kitchen chemist outwitted scientists",FoxNews,"Meet the American who created bubble gum, Walter Diemer, home kitchen chemist outwitted scientists",1,14,98
https://www.foxnews.com/travel/france-2nd-mini-statue-liberty-nyc-july-washington-dc.print,"France is sending a new Statue of Liberty to the US for July 4, but this time it's mini",FoxNews,"France is sending a new Statue of Liberty to the US for July 4, but this time it's mini",1,19,87
https://www.foxnews.com/politics/voters-react-vance-non-answer-when-asked-trump-won-2020-election,Voters react to Vance 'non answer' when asked if Trump won 2020 election,FoxNews,Voters react to Vance 'non answer' when asked if Trump won 2020 election,1,13,72
https://www.foxnews.com/us/nashville-christian-school-shooter-fired-152-shots-massacre-plot-months-making-police-say,"Nashville Christian school shooter fired 152 shots in massacre plot months in making, police say",FoxNews,"Nashville Christian school shooter fired 152 shots in massacre plot months in making, police say",1,15,96
https://www.nbcnews.com/news/nbcblk/un-chief-calls-slavery-reparations-overcome-generations-discrimination-rcna145218,U.N. chief calls for slavery reparations to overcome ‘generations of discrimination’,NBC,U.N. chief calls for slavery reparations to overcome ‘generations of discrimination’,0,11,84
https://www.nbcnews.com/news/world/bts-k-pop-stars-military-service-south-korea-rcna52497,BTS stars to serve military duty in South Korea,NBC,BTS stars to serve military duty in South Korea,0,9,47
https://www.foxnews.com/media/howard-stern-hits-back-critics-calling-him-woke-i-think-thats-compliment,"Howard Stern hits back at critics calling him 'woke,' says he takes it as a compliment",FoxNews,"Howard Stern hits back at critics calling him 'woke,' says he takes it as a compliment",1,16,86
https://www.foxnews.com/politics/pat-sajak-staying-board-chair-conservative-hillsdale-college,Pat Sajak staying on as board chair of conservative Hillsdale College,FoxNews,Pat Sajak staying on as board chair of conservative Hillsdale College,1,11,69
https://www.foxnews.com/us/fbi-has-gained-access-thomas-matthew-crooks-phone-trump-assassination-attempt,FBI has gained access to Thomas Matthew Crooks' phone in Trump assassination attempt,FoxNews,FBI has gained access to Thomas Matthew Crooks' phone in Trump assassination attempt,1,13,84
https://www.nbcnews.com/select/shopping/hey-dewy-humidifier-review-ncna1303397,Allergies acting up? You may need a humidifier. Here's how to choose the best for your space,NBC,Allergies acting up? You may need a humidifier. Here's how to choose the best for your space,0,17,92
https://www.foxnews.com/world/cuba-protesters-demand-food-electricity-rubio-says-nation-verge-collapse-marxist-policies.print,"Cuba protesters demand food, electricity as Rubio says nation on ‘verge of collapse’ from Marxist policies",FoxNews,"Cuba protesters demand food, electricity as Rubio says nation on ‘verge of collapse’ from Marxist policies",1,16,106
https://www.nbcnews.com/select/shopping/walmart-holiday-deals-what-know-2024-rcna172203,Walmart’s first ever Holiday Deals event is coming here’s what you need to know,NBC,Walmart’s first ever Holiday Deals event is coming here’s what you need to know,0,14,79
https://www.foxnews.com/health/dementia-2-shocking-new-risk-factors-study-finds-total-14-list.print,"Dementia has 2 shocking new risk factors, study finds, with total of 14 now on list",FoxNews,"Dementia has 2 shocking new risk factors, study finds, with total of 14 now on list",1,16,83
https://www.nbcnews.com/politics/2024-election/ron-desantis-running-iowa-playbook-hoping-s-still-counts-rcna127175,Ron DeSantis is running the Iowa playbook and hoping that’s what still counts,NBC,Ron DeSantis is running the Iowa playbook and hoping that’s what still counts,0,13,77
https://www.foxnews.com/politics/vp-kamala-harris-could-name-one-5-democrats-her-running-mate,VP Kamala Harris could name one of these 5 Democrats as her running mate,FoxNews,VP Kamala Harris could name one of these 5 Democrats as her running mate,1,14,72
https://www.nbcnews.com/politics/2024-election/live-blog/election-2024-dnc-live-updates-rcna165227/rcrd52685?canonicalCard=true,Vance slams Beshear for comment on abortion: 'Disgusting',NBC,Vance slams Beshear for comment on abortion: 'Disgusting',0,8,57
https://www.nbcnews.com/politics/politics-news/secretary-state-antony-blinken-declines-identify-red-line-aid-israel-rcna151826,Secretary of State Antony Blinken declines to identify 'red line' for aid to Israel,NBC,Secretary of State Antony Blinken declines to identify 'red line' for aid to Israel,0,14,83
https://www.nbcnews.com/tech/social-media/meta-start-blocking-content-reaching-teens-facebook-instagram-rcna133027,Meta to start blocking some content from reaching teens on Facebook and Instagram,NBC,Meta to start blocking some content from reaching teens on Facebook and Instagram,0,13,81
https://www.foxnews.com/entertainment/bruce-willis-diagnosed-frontotemporal-dementia-following-aphasia-battle-family-says,"Bruce Willis diagnosed with frontotemporal dementia following aphasia battle, family says",FoxNews,"Bruce Willis diagnosed with frontotemporal dementia following aphasia battle, family says",1,11,89
https://www.foxnews.com/lifestyle/army-veteran-ability-walk-robotic-exoskeleton-paralysis,Army veteran regains ability to walk with robotic exoskeleton after paralysis: ‘Beyond words’,FoxNews,Army veteran regains ability to walk with robotic exoskeleton after paralysis: ‘Beyond words’,1,13,93
https://www.nbcnews.com/select/shopping/best-work-home-pants-men-ncna1266296,"The best men's work from home pants: Everlane, Bonobos and more",NBC,"The best men's work from home pants: Everlane, Bonobos and more",0,11,63
https://www.nbcnews.com/news/world/israels-netanyahu-faces-growing-pressure-gaza-plan-war-cabinet-rcna152953,Israel's Netanyahu faces growing pressure over Gaza plan from his own war Cabinet,NBC,Israel's Netanyahu faces growing pressure over Gaza plan from his own war Cabinet,0,13,81
https://www.foxnews.com/media/howard-stern-says-he-hates-anyone-votes-trump-they-stupid-i-have-no-respect-them.print,"Howard Stern says he 'hates' anyone that votes for Trump: 'They are stupid, I have no respect for them'",FoxNews,"Howard Stern says he 'hates' anyone that votes for Trump: 'They are stupid, I have no respect for them'",1,19,103
https://www.nbcnews.com/politics/elections/republicans-say-time-wake-call-abortion-rcna124118,Republicans say it's time for a wake up call on abortion. Again.,NBC,Republicans say it's time for a wake up call on abortion. Again.,0,12,64
https://www.foxnews.com/politics/harris-campaign-wont-give-details-type-gun-she-owns-last-time-she-went-range,"Harris campaign won't give details on type of gun she owns, last time she went to range",FoxNews,"Harris campaign won't give details on type of gun she owns, last time she went to range",1,17,87
https://www.foxnews.com/us/who-was-thomas-matthew-crooks-donald-trumps-attempted-assassin,Who was Thomas Matthew Crooks? What we know about Trump’s attempted assassin,FoxNews,Who was Thomas Matthew Crooks? What we know about Trump’s attempted assassin,1,12,76
https://www.nbcnews.com/news/us-news/man-charged-apparent-trump-plot-wrote-assassination-attempt-court-rcna172199,"Man charged in apparent Trump plot wrote 'This was an assassination attempt,' court filing shows",NBC,"Man charged in apparent Trump plot wrote 'This was an assassination attempt,' court filing shows",0,15,96
https://www.nbcnews.com/politics/justice-department/jan-6-defendant-arrested-obamas-home-guns-400-rounds-ammunition-van-rcna92094,Jan. 6 defendant arrested near Obama's home had guns and 400 rounds of ammunition in his van,NBC,Jan. 6 defendant arrested near Obama's home had guns and 400 rounds of ammunition in his van,0,17,92
https://www.foxnews.com/sports/taylor-swift-arrives-chiefs-ravens-week-1-opener,Taylor Swift arrives for Chiefs Ravens Week 1 opener,FoxNews,Taylor Swift arrives for Chiefs Ravens Week 1 opener,1,9,52
https://www.nbcnews.com/news/world/north-korea-fires-two-missiles-us-submarine-arrives-south-rcna96101,North Korea fires two missiles after U.S. submarine arrives in South,NBC,North Korea fires two missiles after U.S. submarine arrives in South,0,11,68
https://www.foxnews.com/health/two-women-heart-disease-had-fight-diagnosis-they-advocated-health,Two women with heart disease had to fight for a diagnosis. Here’s how they advocated for their health,FoxNews,Two women with heart disease had to fight for a diagnosis. Here’s how they advocated for their health,1,18,101
https://www.nbcnews.com/news/world/us-uk-8-countries-pausing-funding-unrwa-allegations-12-employees-part-rcna136030,"U.S., U.K. among 9 countries pausing funding to UNRWA amid allegations 12 employees were part of Oct. 7 attack",NBC,"U.S., U.K. among 9 countries pausing funding to UNRWA amid allegations 12 employees were part of Oct. 7 attack",0,19,110
https://www.foxnews.com/lifestyle/this-day-history-sept-23-1806-lewis-clark-return-st-louis-heroes,"On this day in history, September 23, 1806, Lewis and Clark return to St. Louis as heroes after journey",FoxNews,"On this day in history, September 23, 1806, Lewis and Clark return to St. Louis as heroes after journey",1,19,103
https://www.nbcnews.com/news/us-news/janet-jackson-tells-interviewer-heard-kamala-harris-not-black-echoing-rcna172121,"Janet Jackson tells interviewer she's heard Kamala Harris is not Black, echoing election disinformation",NBC,"Janet Jackson tells interviewer she's heard Kamala Harris is not Black, echoing election disinformation",0,14,103
https://www.foxnews.com/politics/new-poll-which-voter-group-fueling-trump-narrow-edge-over-harris-battleground.print,New poll reveals which voter group are fueling Trump to a narrow edge over Harris in battleground,FoxNews,New poll reveals which voter group are fueling Trump to a narrow edge over Harris in battleground,1,17,97
https://www.nbcnews.com/politics/2024-election/live-blog/harris-trump-presidential-election-live-updates-rcna171171/rcrd56013?canonicalCard=true,Trump says anybody who's Jewish 'is a fool' if they vote for a Democrat,NBC,Trump says anybody who's Jewish 'is a fool' if they vote for a Democrat,0,14,71
https://www.foxnews.com/politics/trump-warns-loses-presidential-immunity-so-will-crooked-joe-biden.print,"Trump warns that if he loses presidential immunity, so will 'crooked' Joe Biden",FoxNews,"Trump warns that if he loses presidential immunity, so will 'crooked' Joe Biden",1,13,79
https://www.foxnews.com/us/ice-captures-2-suspected-venezuelan-gang-members-connection-nypd-assault,ICE captures 2 suspected Venezuelan gang members in connection with NYPD assault,FoxNews,ICE captures 2 suspected Venezuelan gang members in connection with NYPD assault,1,12,80
https://www.nbcnews.com/news/world/trump-s-mideast-peace-plan-comes-under-surprise-attack-israeli-n1224686,Trump’s Mideast peace plan comes under surprise attack from settlers,NBC,Trump’s Mideast peace plan comes under surprise attack from settlers,0,10,68
https://www.nbcnews.com/news/world/israel-fury-biden-threat-weapons-rafah-attack-rcna151221,Israel fumes as Biden signals a harder line against a Rafah ground assault,NBC,Israel fumes as Biden signals a harder line against a Rafah ground assault,0,13,74
https://www.foxnews.com/entertainment/olivia-rodrigo-reunites-ex-joshua-bassett-drivers-license-inspiration.print,Olivia Rodrigo reunites with rumored ex Joshua Bassett for first time since breakup hit 'Drivers License',FoxNews,Olivia Rodrigo reunites with rumored ex Joshua Bassett for first time since breakup hit 'Drivers License',1,16,105
https://www.foxnews.com/sports/transgender-golfer-hailey-davidson-fires-back-massive-lie-hopes-earning-lpga-tour-card-increase.print,Transgender golfer Hailey Davidson fires back at 'massive lie' as hopes of earning LPGA Tour card increase,FoxNews,Transgender golfer Hailey Davidson fires back at 'massive lie' as hopes of earning LPGA Tour card increase,1,17,106
https://www.nbcnews.com/news/world/why-jerusalem-s-ancient-past-once-again-battleground-its-future-n1112861,How Jerusalem’s ancient past is the battleground for its future,NBC,How Jerusalem’s ancient past is the battleground for its future,0,10,63
https://www.nbcnews.com/health/health-care/it-s-hard-flee-your-domestic-abuser-during-coronavirus-lockdown-n1205641,It's hard to flee from your abuser during a coronavirus lockdown,NBC,It's hard to flee from your abuser during a coronavirus lockdown,0,11,64
https://www.foxnews.com/politics/biden-blames-european-trips-debate-flop-despite-long-huddle-camp-david-almost-fell-asleep-onstage.print,"Biden blames European trips for debate flop, despite long huddle at Camp David: 'Almost fell asleep onstage'",FoxNews,"Biden blames European trips for debate flop, despite long huddle at Camp David: 'Almost fell asleep onstage'",1,17,108
https://www.nbcnews.com/select/shopping/best-low-maintenance-plants-ncna1276969,Kill it at gardening without killing your plants the best low effort plants,NBC,Kill it at gardening without killing your plants the best low effort plants,0,13,75
https://www.foxnews.com/food-drink/7-sneaky-calorie-culprits-healthy-green-salad,7 sneaky calorie culprits that are creeping into your healthy green salad,FoxNews,7 sneaky calorie culprits that are creeping into your healthy green salad,1,12,73
https://www.nbcnews.com/politics/2024-election/trump-chicken-campaign-debate-harris-rcna172168,Democrats to dub Trump a 'chicken' to pressure him to debate Harris,NBC,Democrats to dub Trump a 'chicken' to pressure him to debate Harris,0,12,67
https://www.nbcnews.com/news/world/israel-hamas-war-hezbollah-lebanon-attacks-haifa-west-bank-al-jazeera-rcna172130,Israel and Hezbollah exchange heavy fire as fears of war mount,NBC,Israel and Hezbollah exchange heavy fire as fears of war mount,0,11,62
https://www.nbcnews.com/tech/misinformation/kamala-harris-deepfake-shared-musk-sparks-free-speech-debate-rcna164119,How Elon Musk and a Kamala Harris deepfake ad sparked a debate about free speech and parody,NBC,How Elon Musk and a Kamala Harris deepfake ad sparked a debate about free speech and parody,0,17,91
https://www.nbcnews.com/investigations/un-finds-clear-convincing-information-hostages-raped-gaza-rcna141789,U.N. finds 'clear and convincing' information that hostages have been raped in Gaza,NBC,U.N. finds 'clear and convincing' information that hostages have been raped in Gaza,0,13,83
https://www.foxnews.com/world/russia-fired-80-cruise-missile-ukraine-retaliation-kerch-bridge-explosion-officials,Russia fired more than 80 cruise missiles into Ukraine in 'retaliation' of Kerch Bridge explosion: officials,FoxNews,Russia fired more than 80 cruise missiles into Ukraine in 'retaliation' of Kerch Bridge explosion: officials,1,16,108
https://www.foxnews.com/media/biden-says-harris-handled-everything-from-foreign-policy-domestic-policy-under-his-administration.print,Biden says Harris handled 'everything from foreign policy to domestic policy' under his administration,FoxNews,Biden says Harris handled 'everything from foreign policy to domestic policy' under his administration,1,14,102
https://www.foxnews.com/politics/kamala-harris-packing-supreme-court-conservative-balance,Flashback: Kamala Harris was open to packing Supreme Court to shift balance away from conservatives,FoxNews,Flashback: Kamala Harris was open to packing Supreme Court to shift balance away from conservatives,1,15,99
https://www.foxnews.com/opinion/july-fourth-blessings-america-lessons-from-red-white-blue,"July Fourth blessings on America, with lessons from the red, white and blue",FoxNews,"July Fourth blessings on America, with lessons from the red, white and blue",1,13,75
https://www.foxnews.com/us/former-secret-service-agent-warns-agency-stretched-thin-new-responsibilities-lack-manpower,"Former Secret Service agent warns agency ‘stretched thin’ with new responsibilities, lack of manpower",FoxNews,"Former Secret Service agent warns agency ‘stretched thin’ with new responsibilities, lack of manpower",1,14,101
https://www.foxnews.com/media/bill-maher-shocked-msnbcs-softball-kamala-harris-interview-i-didnt-expect-them-rubbing-her-feet.print,Bill Maher shocked by MSNBC's softball Kamala Harris interview: I didn't expect them to be 'rubbing her feet',FoxNews,Bill Maher shocked by MSNBC's softball Kamala Harris interview: I didn't expect them to be 'rubbing her feet',1,18,109
https://www.nbcnews.com/news/world/nobel-laureate-muhammad-yunus-chosen-lead-bangladesh-protests-toppled-rcna165434,Nobel laureate Yunus will head Bangladesh’s interim government after unrest ousted Hasina,NBC,Nobel laureate Yunus will head Bangladesh’s interim government after unrest ousted Hasina,0,12,89
https://www.nbcnews.com/nbc-out/out-politics-and-policy/trump-false-claims-schools-transgender-surgeries-rcna170217,Trump repeats false claims that children are undergoing transgender surgery during the school day,NBC,Trump repeats false claims that children are undergoing transgender surgery during the school day,0,14,97
https://www.nbcnews.com/news/world/india-election-president-narendra-modi-bjp-us-american-support-rcna139717,Indian election: Prime Minister Modi's BJP seeks supporters in the U.S.,NBC,Indian election: Prime Minister Modi's BJP seeks supporters in the U.S.,0,11,71
https://www.nbcnews.com/select/shopping/best-vitamin-c-serums-ncna1262849,This vitamin C serum is the gold standard according to experts (but warning it smells like bacon water),NBC,This vitamin C serum is the gold standard according to experts (but warning it smells like bacon water),0,18,103
https://www.nbcnews.com/politics/2020-election/georgia-shatters-turnout-record-first-day-early-voting-n1243212,Georgia shatters turnout record for first day of early voting,NBC,Georgia shatters turnout record for first day of early voting,0,10,61
https://www.foxnews.com/politics/jockeying-begins-over-vances-senate-seat-after-trump-nominates-running-mate,Jockeying begins over Vance's Senate seat after Trump nominates running mate,FoxNews,Jockeying begins over Vance's Senate seat after Trump nominates running mate,1,11,76
https://www.nbcnews.com/news/world/flooding-beijing-china-rain-rcna97473,20 dead and 27 missing in flooding around Beijing after days of rain,NBC,20 dead and 27 missing in flooding around Beijing after days of rain,0,13,68
https://www.nbcnews.com/politics/2024-election/harris-seeks-recapture-obama-era-energy-rallies-pennsylvania-rcna174339,Harris seeks to recapture Obama era energy as he rallies for her in Pennsylvania,NBC,Harris seeks to recapture Obama era energy as he rallies for her in Pennsylvania,0,14,80
https://www.foxnews.com/politics/how-key-white-house-could-lie-suburban-georgia-county-the-epicenter,'The epicenter': How 'key' to White House could lie in suburban Georgia county,FoxNews,'The epicenter': How 'key' to White House could lie in suburban Georgia county,1,13,78
https://www.nbcnews.com/politics/white-house/student-debt-canceled-74k-borrowers-white-house-loan-forgiveness-rcna134635,White House cancels $5 billion in student debt for 74k borrowers,NBC,White House cancels $5 billion in student debt for 74k borrowers,0,11,64
https://www.foxnews.com/politics/heres-whats-in-senate-border-immigration-deal,5 key details in controversial Senate border deal,FoxNews,5 key details in controversial Senate border deal,1,8,49
https://www.foxnews.com/world/israeli-ministers-frustrated-over-us-idf-leak-lebanon-operation-report,"Israeli ministers frustrated over US, IDF leak on Lebanon operation: Report",FoxNews,"Israeli ministers frustrated over US, IDF leak on Lebanon operation: Report",1,11,75
https://www.nbcnews.com/politics/2024-election/abortion-rights-groups-seek-ballot-measures-9-states-2024-rcna125177,Abortion rights groups seek ballot measures in 9 more states in 2024,NBC,Abortion rights groups seek ballot measures in 9 more states in 2024,0,12,68
https://www.nbcnews.com/business/consumer/stanley-tumbler-quenchers-maker-sued-lead-claims-rcna139780,Stanley tumbler 'quenchers' maker is being sued over lead claims,NBC,Stanley tumbler 'quenchers' maker is being sued over lead claims,0,10,64
https://www.foxnews.com/politics/local-officials-face-off-against-georgias-elections-board-over-rule-could-shake-up-november,Local officials face off against Georgia's elections board over rule that could shake up November,FoxNews,Local officials face off against Georgia's elections board over rule that could shake up November,1,15,97
https://www.nbcnews.com/politics/2024-election/nikki-haley-makes-no-mention-slavery-asked-name-cause-civil-war-rcna131407,Nikki Haley backpedals amid criticism after omitting 'slavery' from Civil War causes,NBC,Nikki Haley backpedals amid criticism after omitting 'slavery' from Civil War causes,0,12,84
https://www.foxnews.com/sports/american-women-players-settle-suit-vs-us-soccer-for-24m,American women players settle suit vs. US Soccer for $24M,FoxNews,American women players settle suit vs. US Soccer for $24M,1,10,57
https://www.foxnews.com/lifestyle/travel-essentials-for-first-cruise,Don't set sail without these 17 cruise essentials,FoxNews,Don't set sail without these 17 cruise essentials,1,8,49
https://www.nbcnews.com/select/shopping/best-accessories-travel-awards-2024-rcna158329,We tested over 50 travel accessories for our first ever Travel Awards these are our favorites,NBC,We tested over 50 travel accessories for our first ever Travel Awards these are our favorites,0,16,93
https://www.nbcnews.com/politics/justice-department/intel-community-escapes-major-criticism-jan-6-committee-missing-forese-rcna62628,Intel community escapes major criticism by Jan. 6 committee for missing 'foreseeable' Capitol violence,NBC,Intel community escapes major criticism by Jan. 6 committee for missing 'foreseeable' Capitol violence,0,14,102
https://www.foxnews.com/media/more-parents-claim-colorado-school-district-forced-children-overnight-rooms-students-opposite-sex.print,More parents claim Colorado school district forced children into overnight rooms with students of opposite sex,FoxNews,More parents claim Colorado school district forced children into overnight rooms with students of opposite sex,1,16,110
https://www.foxnews.com/media/sharpton-warns-biden-team-too-cocky-about-beating-trump-tell-their-confidence-misplaced.print,Sharpton warns Biden team it's too cocky about beating Trump: 'I tell them their confidence is misplaced',FoxNews,Sharpton warns Biden team it's too cocky about beating Trump: 'I tell them their confidence is misplaced',1,17,105
https://www.foxnews.com/politics/dem-sen-bob-casey-slammed-by-gop-for-shifting-immigration-stances-complicit-in-the-crisis.print,Dem Sen. Bob Casey slammed by GOP for shifting immigration stances: 'Complicit in the crisis',FoxNews,Dem Sen. Bob Casey slammed by GOP for shifting immigration stances: 'Complicit in the crisis',1,15,93
https://www.foxnews.com/health/when-parent-must-care-parent-how-avoid-caregiving-burnout-according-experts,"When a parent must care for a parent: How to avoid caregiving burnout, according to experts",FoxNews,"When a parent must care for a parent: How to avoid caregiving burnout, according to experts",1,16,91
https://www.nbcnews.com/select/shopping/best-grooming-care-pet-awards-ncna1305982,We tried hundreds of pet care products these are the best.,NBC,We tried hundreds of pet care products these are the best.,0,11,58
https://www.foxnews.com/politics/tightest-race-since-2000-harris-trump-showdown-final-stretch-until-election-day,'Tightest race since 2000': Harris Trump showdown hits final stretch until Election Day,FoxNews,'Tightest race since 2000': Harris Trump showdown hits final stretch until Election Day,1,13,87
https://www.foxnews.com/media/black-farmers-sue-biden-administration-broken-debt-relief-promise-president-reneged-meeting,"Black farmers sue Biden administration over broken debt relief promise, say president reneged on meeting",FoxNews,"Black farmers sue Biden administration over broken debt relief promise, say president reneged on meeting",1,15,104
https://www.nbcnews.com/business/business-news/trump-media-stock-scrapes-new-52-week-low-heavy-trading-djt-lockup-lif-rcna172272,Trump Media plummets 10% as post lockup selloff picks up steam,NBC,Trump Media plummets 10% as post lockup selloff picks up steam,0,11,62
https://www.foxnews.com/us/lori-loughlin-college-admissions-scandal-judge-napolitano,"Judge Napolitano slams judges in college admissions scandal, says prosecutors 'gravely overreached'",FoxNews,"Judge Napolitano slams judges in college admissions scandal, says prosecutors 'gravely overreached'",1,12,99
https://www.nbcnews.com/news/asian-america/he-shot-everyone-he-saw-atlanta-spa-workers-recount-horrors-n1262928,He shot at ‘everyone he saw’: Atlanta spa workers recount horrors of shooting,NBC,He shot at ‘everyone he saw’: Atlanta spa workers recount horrors of shooting,0,13,77
https://www.foxnews.com/politics/swiss-billionaire-backed-environmental-groups-spent-big-targeting-millions-biden-voters,Swiss billionaire backed environmental groups spent big targeting millions of Biden voters,FoxNews,Swiss billionaire backed environmental groups spent big targeting millions of Biden voters,1,12,90
https://www.foxnews.com/sports/vandals-deface-tour-bus-womens-advocacy-group-anti-woman-messages,Vandals deface tour bus for women's advocacy group with 'anti woman messages',FoxNews,Vandals deface tour bus for women's advocacy group with 'anti woman messages',1,12,77
https://www.nbcnews.com/politics/politics-news/harvard-study-jan-6-rioters-top-motivation-clear-trump-rcna38794,New Harvard study reveals the primary motivation of Jan. 6 rioters: Trump,NBC,New Harvard study reveals the primary motivation of Jan. 6 rioters: Trump,0,12,73
https://www.foxnews.com/politics/trump-meets-everyday-americans-chick-fil-a-biden-fine-dines-clintons-billionaires-dc,"Trump meets everyday Americans at Chick fil A while Biden fine dines with Clintons, billionaires in DC",FoxNews,"Trump meets everyday Americans at Chick fil A while Biden fine dines with Clintons, billionaires in DC",1,17,102
https://www.foxnews.com/politics/trumps-first-campaign-event-since-second-assassination-attempt-town-hall-key-battleground,Trump's first campaign event since second assassination attempt to be town hall in key battleground,FoxNews,Trump's first campaign event since second assassination attempt to be town hall in key battleground,1,15,99
https://www.foxnews.com/politics/trump-greets-netanyahu-mar-a-lago-says-world-war-iii-could-happen-harris-wins,"Trump greets Netanyahu at Mar a Lago, says World War III could happen if Harris wins",FoxNews,"Trump greets Netanyahu at Mar a Lago, says World War III could happen if Harris wins",1,16,84
https://www.foxnews.com/us/remains-of-kansas-priest-who-died-in-korean-war-identified.print,Remains of Kansas Priest Who Died in Korean War Identified,FoxNews,Remains of Kansas Priest Who Died in Korean War Identified,1,10,58
https://www.foxnews.com/us/trial-delphi-indiana-murder-suspect-moved-may,"Trial for Delphi, Indiana murder suspect moved up to May",FoxNews,"Trial for Delphi, Indiana murder suspect moved up to May",1,10,56
https://www.foxnews.com/health/ellen-degeneres-osteoporosis-heres-what-know-painful-bone-condition.print,Ellen DeGeneres has osteoporosis: Here's what to know about the painful bone condition,FoxNews,Ellen DeGeneres has osteoporosis: Here's what to know about the painful bone condition,1,13,86
https://www.foxnews.com/us/los-angeles-hit-run-driver-who-plowed-into-mom-baby-stolen-car-murdered-after-light-sentence,Los Angeles hit and run driver who plowed into mom and baby in stolen car is murdered after light sentence,FoxNews,Los Angeles hit and run driver who plowed into mom and baby in stolen car is murdered after light sentence,1,20,106
https://www.foxnews.com/health/tips-adults-age-65-live-well-age-gerontologists,"11 tips for adults age 65 and over to ‘live well’ over time, according to gerontologists",FoxNews,"11 tips for adults age 65 and over to ‘live well’ over time, according to gerontologists",1,16,88
https://www.foxnews.com/politics/biden-host-virtual-meeting-governors-protect-womens-reproductive-health-abortion-ruling,Biden to host virtual meeting with governors to 'protect women's reproductive health' after abortion ruling,FoxNews,Biden to host virtual meeting with governors to 'protect women's reproductive health' after abortion ruling,1,15,107
https://www.foxnews.com/media/white-house-repeatedly-dodges-biden-thinks-netanyahu-obstacle-peace-not-answered-3-times,White House repeatedly dodges on if Biden thinks Netanyahu is an 'obstacle for peace:' 'Not answered 3 times',FoxNews,White House repeatedly dodges on if Biden thinks Netanyahu is an 'obstacle for peace:' 'Not answered 3 times',1,18,109
https://www.foxnews.com/lifestyle/meet-american-who-founded-pepperidge-farm.print,"Meet the American who founded Pepperidge Farm, baker and businessmom Margaret Rudkin",FoxNews,"Meet the American who founded Pepperidge Farm, baker and businessmom Margaret Rudkin",1,12,84
https://www.foxnews.com/politics/new-york-ag-case-against-nra-leader-faces-trial-court-again-rejects-gun-groups-claim-political-probe,New York AG case against NRA leader faces trial after court again rejects gun group's claim of political probe,FoxNews,New York AG case against NRA leader faces trial after court again rejects gun group's claim of political probe,1,19,110
https://www.foxnews.com/politics/north-korean-troops-now-fighting-russia-ukraine-seoul-says,"North Korean troops now fighting for Russia in Ukraine, Seoul says",FoxNews,"North Korean troops now fighting for Russia in Ukraine, Seoul says",1,11,66
https://www.nbcnews.com/politics/politics-news/capitol-riot-defendant-planned-kill-fbi-agents-investigated-unsealed-f-rcna62214,"Capitol riot defendant planned to kill FBI agents who investigated him, unsealed filing alleges",NBC,"Capitol riot defendant planned to kill FBI agents who investigated him, unsealed filing alleges",0,14,95
https://www.foxnews.com/media/woman-planet-fitness-photographing-trans-member-vows-keep-fighting-long-haul,Woman banned by Planet Fitness for photographing trans member vows to keep fighting: 'Here for the long haul',FoxNews,Woman banned by Planet Fitness for photographing trans member vows to keep fighting: 'Here for the long haul',1,18,109
https://www.nbcnews.com/politics/donald-trump/fulton-county-fani-willis-trump-appeals-court-reinstate-six-charges-rcna175776,Fulton County DA Fani Willis asks appeals court to reinstate six counts in Trump election case,NBC,Fulton County DA Fani Willis asks appeals court to reinstate six counts in Trump election case,0,16,94
https://www.nbcnews.com/politics/politics-news/pence-heckled-conservative-event-shouts-traitor-n1271332,Pence heckled at conservative event with shouts of 'traitor',NBC,Pence heckled at conservative event with shouts of 'traitor',0,9,60
https://www.nbcnews.com/politics/2022-election/illinois-new-york-primaries-test-post-roe-abortion-politics-rcna35570,Illinois governor's race shapes up as test of post Roe abortion politics,NBC,Illinois governor's race shapes up as test of post Roe abortion politics,0,12,72
https://www.nbcnews.com/news/world/south-korea-warning-shots-north-korean-soldiers-cross-border-rcna156491,South Korean troops fire warning shots after North Korean soldiers cross border,NBC,South Korean troops fire warning shots after North Korean soldiers cross border,0,12,79
https://www.nbcnews.com/politics/2024-election/kamala-harris-interview-tim-walz-cnn-biden-election-rcna168705,Kamala Harris defends her policy changes in first interview: 'My values have not changed',NBC,Kamala Harris defends her policy changes in first interview: 'My values have not changed',0,14,89
https://www.foxnews.com/lifestyle/weird-ways-burn-calories-health-experts-reveal-go-habits-dont-include-sweat-sessions-gym,Weird ways to burn calories: Health experts reveal habits that don't include sweat sessions at the gym,FoxNews,Weird ways to burn calories: Health experts reveal habits that don't include sweat sessions at the gym,1,17,102
https://www.nbcnews.com/news/world/canadian-prime-minister-justin-trudeau-announces-separation-wife-sophi-rcna97778,"Canadian PM Justin Trudeau announces separation from his wife, Sophie Grégoire Trudeau",NBC,"Canadian PM Justin Trudeau announces separation from his wife, Sophie Grégoire Trudeau",0,12,86
https://www.nbcnews.com/news/world/putin-fires-shoigu-defense-minister-russia-war-economy-ukraine-west-rcna151920,Man leading Russia’s war in Ukraine is out in a surprise shake up hinting at Putin’s focus,NBC,Man leading Russia’s war in Ukraine is out in a surprise shake up hinting at Putin’s focus,0,17,90
https://www.nbcnews.com/politics/elections/howard-poll-black-swing-state-voters-overwhelmingly-back-harris-rcna171467,"Black swing state voters overwhelmingly back Harris with key divides on age and gender, Howard poll shows",NBC,"Black swing state voters overwhelmingly back Harris with key divides on age and gender, Howard poll shows",0,17,105
https://www.nbcnews.com/politics/donald-trump/trump-mar-lago-search-warrant-property-receipt-show-agents-found-trove-rcna42793,"Trump Mar a Lago search warrant, property receipt show agents found trove of classified docs",NBC,"Trump Mar a Lago search warrant, property receipt show agents found trove of classified docs",0,15,92
https://www.nbcnews.com/weather/hurricanes/live-blog/hurricane-milton-live-updates-rcna174774,Hurricane Milton: At least 14 deaths confirmed after monster storm slams into Florida,NBC,Hurricane Milton: At least 14 deaths confirmed after monster storm slams into Florida,0,13,85
https://www.nbcnews.com/politics/justice-department/qanon-believer-chased-officer-capitol-sentenced-rcna61946,QAnon follower who led the mob that chased Police Officer Eugene Goodman on Jan. 6 sentenced to 5 years in prison,NBC,QAnon follower who led the mob that chased Police Officer Eugene Goodman on Jan. 6 sentenced to 5 years in prison,0,21,113
https://www.foxnews.com/lifestyle/meet-american-invented-video-games-ralph-baer-german-jew-fled-nazis-served-us-army-wwii,"Meet the American who invented video games, Ralph Baer, a German Jew who fled Nazis, served US Army in WWII",FoxNews,"Meet the American who invented video games, Ralph Baer, a German Jew who fled Nazis, served US Army in WWII",1,20,107
https://www.nbcnews.com/select/shopping/amazon-prime-day-2024-rcna149553,Amazon just announced Prime Day 2024 what to know,NBC,Amazon just announced Prime Day 2024 what to know,0,9,49
https://www.foxnews.com/travel/man-travels-world-cruise-ship-free-quitting-day-job-learned-much,Man travels the world on a cruise ship for free after quitting his day job: 'Have learned so much',FoxNews,Man travels the world on a cruise ship for free after quitting his day job: 'Have learned so much',1,19,98
https://www.nbcnews.com/politics/2024-election/kamala-harris-running-president-democratic-challengers-vp-biden-rcna162939,Kamala Harris is officially running for president. Will any Democrats challenge her?,NBC,Kamala Harris is officially running for president. Will any Democrats challenge her?,0,12,84
https://www.nbcnews.com/politics/2020-election/taylor-swift-endorses-joe-biden-president-n1242483,Taylor Swift endorses Joe Biden for President,NBC,Taylor Swift endorses Joe Biden for President,0,7,45
https://www.foxnews.com/us/pfeifer-fdny-9-11-terror-attacks-fdny-chief-groud-zero-heroes,"Nearly 20 years since 9/11 terror attacks, first FDNY chief on scene honors 'Ordinary Heroes'",FoxNews,"Nearly 20 years since 9/11 terror attacks, first FDNY chief on scene honors 'Ordinary Heroes'",1,15,93
https://www.foxnews.com/politics/pro-palestinian-protesters-taunt-harris-rallygoers-veep-supporter-hits-back-what-about-hamas.print,Pro Palestinian protesters taunt Harris rallygoers as veep supporter hits back: What ‘About Hamas?’,FoxNews,Pro Palestinian protesters taunt Harris rallygoers as veep supporter hits back: What ‘About Hamas?’,1,14,99
https://www.nbcnews.com/news/world/live-blog/israel-hamas-war-live-updates-rcna121849,U.S. intel says it has âhigh confidenceâ Israel didnât cause Gaza hospital blast,NBC,U.S. intel says it has âhigh confidenceâ Israel didnât cause Gaza hospital blast,0,13,86
"https://www.foxnews.com/opinion/biden-inhumane-open-border-policies-devastate-americans-illegal-immigrants#&_intcmp=hp1bt1_2,hp1bt","Biden’s inhumane open border policies devastate Americans, illegal immigrants",FoxNews,"Biden’s inhumane open border policies devastate Americans, illegal immigrants",1,9,77
https://www.nbcnews.com/news/world/israel-s-netanyahu-misses-deadline-form-new-government-n1266353,Israel's Netanyahu runs out of time to form a new government,NBC,Israel's Netanyahu runs out of time to form a new government,0,11,60
https://www.foxnews.com/politics/wisconsin-kicks-off-election-season-first-widely-available-absentee-ballots.print,Wisconsin kicks off election season with first widely available absentee ballots,FoxNews,Wisconsin kicks off election season with first widely available absentee ballots,1,11,80
https://www.foxnews.com/media/ketanji-brown-jackson-speaks-out-trump-immunity-decision-i-concerned,Ketanji Brown Jackson speaks out on Trump immunity decision: 'I was concerned',FoxNews,Ketanji Brown Jackson speaks out on Trump immunity decision: 'I was concerned',1,12,78
https://www.nbcnews.com/select/shopping/best-cooling-mattresses-sheets-pillows-ncna1231895,Get sweaty while you sleep? A cooling mattress can help.,NBC,Get sweaty while you sleep? A cooling mattress can help.,0,10,56
https://www.foxnews.com/lifestyle/mother-teresas-last-message-written-day-she-died-reveals-deep-faith-christ,"Mother Teresa's last message, written on day she died, reveals deep faith in Christ",FoxNews,"Mother Teresa's last message, written on day she died, reveals deep faith in Christ",1,14,83
https://www.foxnews.com/politics/biden-makes-surprise-appearance-white-house-briefing-says-he-may-ask-more-helene-response-money.print,"Biden makes surprise appearance at White House briefing, says he may ask for more Helene response money",FoxNews,"Biden makes surprise appearance at White House briefing, says he may ask for more Helene response money",1,17,103
https://www.nbcnews.com/select/shopping/best-wellness-awards-products-2024-rcna145182,Our staff tested hundreds of wellness products these are the best,NBC,Our staff tested hundreds of wellness products these are the best,0,11,65
https://www.nbcnews.com/news/asia/beijing-106-degrees-hottest-june-day-rcna90749,"Beijing sizzles at 106 degrees, hottest June day recorded in China's capital",NBC,"Beijing sizzles at 106 degrees, hottest June day recorded in China's capital",0,12,76
https://www.foxnews.com/health/alzheimers-dementia-diagnoses-vary-zip-code-study-finds,"Alzheimer’s and other dementia diagnoses can vary by zip code, new study finds",FoxNews,"Alzheimer’s and other dementia diagnoses can vary by zip code, new study finds",1,13,78
https://www.foxnews.com/sports/virginia-head-coach-tony-bennett-suddenly-retiring-just-weeks-before-season-starts,"Virginia head coach Tony Bennett suddenly retiring, just weeks before season starts",FoxNews,"Virginia head coach Tony Bennett suddenly retiring, just weeks before season starts",1,12,83
https://www.foxnews.com/politics/democratic-socialists-group-boasts-helped-make-walz-harris-running-mate-force-cannot-ignored.print,Democratic Socialists group boasts it helped make Walz Harris' running mate: 'Force that cannot be ignored',FoxNews,Democratic Socialists group boasts it helped make Walz Harris' running mate: 'Force that cannot be ignored',1,16,107
https://www.foxnews.com/politics/how-us-government-dole-out-aid-victims-hurricanes-milton-helene,"How US government will dole out aid to victims of Hurricanes Milton, Helene",FoxNews,"How US government will dole out aid to victims of Hurricanes Milton, Helene",1,13,75
https://www.foxnews.com/politics/crunch-time-harris-team-up-barack-michelle-obama-next-week-key-battlegrounds,Crunch time: Harris to team up with Barack and Michelle Obama next week in key battlegrounds,FoxNews,Crunch time: Harris to team up with Barack and Michelle Obama next week in key battlegrounds,1,16,92
https://www.foxnews.com/world/israeli-american-reservist-killed-hezbollah-missile-israel-idf-says,"Israeli American reservist killed by Hezbollah missile in Israel, IDF says",FoxNews,"Israeli American reservist killed by Hezbollah missile in Israel, IDF says",1,11,74
https://www.foxnews.com/entertainment/john-lennon-final-days-1980-music-dakota,"John Lennon’s final days were blissful as he thrived on music, book says: ‘You can feel this positive emotion'",FoxNews,"John Lennon’s final days were blissful as he thrived on music, book says: ‘You can feel this positive emotion'",1,19,110
https://www.foxnews.com/us/would-be-trump-assassin-wants-judge-cannon-recuse-herself-dismissing-document-case.print,Would be Trump assassin wants Judge Cannon to recuse herself for dismissing document case,FoxNews,Would be Trump assassin wants Judge Cannon to recuse herself for dismissing document case,1,14,89
https://www.nbcnews.com/news/world/iran-may-preparing-arm-russia-short-range-ballistic-missiles-rcna55101,Iran may be preparing to arm Russia with short range ballistic missiles,NBC,Iran may be preparing to arm Russia with short range ballistic missiles,0,12,71
https://www.foxnews.com/politics/republicans-tout-bipartisan-actions-striking-down-biden-climate-regulations,Senate Republicans tout bipartisan actions striking down Biden climate regulations,FoxNews,Senate Republicans tout bipartisan actions striking down Biden climate regulations,1,10,82
https://www.nbcnews.com/tech/security/us-microsoft-seize-100-websites-allegedly-used-russian-spies-rcna173784,U.S. and Microsoft seize over 100 websites allegedly used by Russian spies,NBC,U.S. and Microsoft seize over 100 websites allegedly used by Russian spies,0,12,74
https://www.nbcnews.com/politics/2024-election/obama-harris-outreach-black-men-rcna175297,"With Obama, 'All the Smoke' and 'huddle ups,' Harris ramps up outreach to Black men",NBC,"With Obama, 'All the Smoke' and 'huddle ups,' Harris ramps up outreach to Black men",0,15,83
https://www.nbcnews.com/politics/supreme-court/live-blog/trump-immunity-supreme-court-ruling-live-updates-rcna159539,"Trump has some immunity in D.C. election interference case, Supreme Court rules: Highlights",NBC,"Trump has some immunity in D.C. election interference case, Supreme Court rules: Highlights",0,13,91
https://www.foxnews.com/media/pence-declines-to-endorse-trump-wont-back-biden,"Pence declines to endorse Trump, won't back Biden",FoxNews,"Pence declines to endorse Trump, won't back Biden",1,8,49
https://www.nbcnews.com/science/science-news/hurricane-milton-storm-surge-florida-rcna174597,'Life threatening' storm surge likely as Hurricane Milton takes aim at Florida,NBC,'Life threatening' storm surge likely as Hurricane Milton takes aim at Florida,0,12,78
https://www.foxnews.com/travel/airport-tray-aesthetic-goes-viral-some-travelers-halt-security-checkpoints-photo-ops,'Airport tray aesthetic' goes viral as some travelers halt security checkpoints for photo ops,FoxNews,'Airport tray aesthetic' goes viral as some travelers halt security checkpoints for photo ops,1,14,93
https://www.nbcnews.com/politics/2024-election/white-dudes-rally-elect-first-female-president-rcna164208,'White dudes' rally to elect Kamala Harris as the first female president,NBC,'White dudes' rally to elect Kamala Harris as the first female president,0,12,72
https://www.nbcnews.com/politics/2024-election/harris-team-white-house-discussed-plans-distance-biden-rcna175948,Harris team and White House discussed plans for her to distance herself from Biden,NBC,Harris team and White House discussed plans for her to distance herself from Biden,0,14,82
https://www.nbcnews.com/politics/2024-election/biden-touts-pact-act-milestone-focuses-pitch-veterans-rcna153357,Biden touts PACT Act milestone as he focuses his pitch on veterans,NBC,Biden touts PACT Act milestone as he focuses his pitch on veterans,0,12,66
https://www.foxnews.com/lifestyle/americans-need-face-face-civil-discussions-folks-outside-bubble.print,Why Americans need more face to face civil discussions 'with folks outside their own bubble',FoxNews,Why Americans need more face to face civil discussions 'with folks outside their own bubble',1,15,92
https://www.foxnews.com/world/turkeys-erdogan-threatens-to-invade-israel-over-war-in-gaza-regional-tensions-grow,Turkey's Erdogan threatens to invade Israel over war in Gaza as regional tensions grow,FoxNews,Turkey's Erdogan threatens to invade Israel over war in Gaza as regional tensions grow,1,14,86
https://www.nbcnews.com/politics/2024-election/biden-campaign-florida-winnable-2024-rcna145863,Biden campaign says it sees Florida as 'winnable' in 2024,NBC,Biden campaign says it sees Florida as 'winnable' in 2024,0,10,57
https://www.foxnews.com/media/questions-bidens-age-dems-media-comedians-keep-piling-up-following-hur-report,"Questions of Biden's age among Dems, media, comedians keep piling up following Hur report",FoxNews,"Questions of Biden's age among Dems, media, comedians keep piling up following Hur report",1,14,89
https://www.foxnews.com/travel/travelers-face-new-penalty-exceeding-baggage-limit-trains,Travelers could face new penalty for exceeding baggage limit on trains,FoxNews,Travelers could face new penalty for exceeding baggage limit on trains,1,11,70
https://www.nbcnews.com/investigations/reporters-get-rare-glimpse-us-militarys-troubled-pier-system-gaza-rcna158833,Reporters get rare glimpse of the U.S. military's troubled pier system in Gaza,NBC,Reporters get rare glimpse of the U.S. military's troubled pier system in Gaza,0,13,78
https://www.nbcnews.com/politics/joe-biden/biden-press-ukraine-aid-beat-back-russian-invasion-speech-un-rcna105713,Biden presses allies for Ukraine aid to beat back Russian invasion in U.N. speech,NBC,Biden presses allies for Ukraine aid to beat back Russian invasion in U.N. speech,0,14,81
https://www.foxnews.com/media/jd-vance-change-heart-trump-politicians-shouldnt-try-hide-past-stances,JD Vance on his 'change of heart' for Trump: Politicians shouldn't 'try to hide' from their past stances,FoxNews,JD Vance on his 'change of heart' for Trump: Politicians shouldn't 'try to hide' from their past stances,1,18,104
https://www.foxnews.com/us/biden-award-medal-of-honor-korean-war-retired-georgia-colonel,Biden awards first Medal of Honor to Korean War hero,FoxNews,Biden awards first Medal of Honor to Korean War hero,1,10,52
https://www.nbcnews.com/politics/2022-election/catherine-cortez-masto-clinched-nevada-seat-senate-rcna56964,How Catherine Cortez Masto clinched the Nevada seat and the Senate,NBC,How Catherine Cortez Masto clinched the Nevada seat and the Senate,0,11,66
https://www.nbcnews.com/select/shopping/best-pet-products-amazon-ncna1303326,Treat your pets to these bestselling pet products on Amazon,NBC,Treat your pets to these bestselling pet products on Amazon,0,10,59
https://www.nbcnews.com/politics/donald-trump/idaho-man-charged-threatening-kill-trump-phone-calls-mar-lago-rcna172374,Idaho man charged with threatening to kill Trump in phone calls to Mar a Lago,NBC,Idaho man charged with threatening to kill Trump in phone calls to Mar a Lago,0,15,77
https://www.foxnews.com/media/blue-philly-working-class-voters-start-leaning-towards-trump-ahead-election-people-actually-love-him,Blue Philly working class voters start leaning toward Trump ahead of election: 'People actually love him',FoxNews,Blue Philly working class voters start leaning toward Trump ahead of election: 'People actually love him',1,16,105
https://www.nbcnews.com/politics/2022-election/abortion-rights-advocates-see-flurry-post-roe-victories-midterms-rcna56443,Abortion rights advocates see a flurry of post Roe victories in midterms,NBC,Abortion rights advocates see a flurry of post Roe victories in midterms,0,12,72
https://www.foxnews.com/media/cbs-stephen-colbert-takes-democratic-party-shilling-new-level-as-he-hosts-convo-glitzy-biden-fundraiser,CBS' Stephen Colbert takes Democratic Party shilling to new level as he hosts convo at glitzy Biden fundraiser,FoxNews,CBS' Stephen Colbert takes Democratic Party shilling to new level as he hosts convo at glitzy Biden fundraiser,1,18,110
https://www.foxnews.com/travel/national-museum-marine-corps-unveils-new-exhibits-honoring-soldiers-made-ultimate-sacrifice,"National Museum of the Marine Corps unveils new exhibits, honoring those 'who made the ultimate sacrifice'",FoxNews,"National Museum of the Marine Corps unveils new exhibits, honoring those 'who made the ultimate sacrifice'",1,16,106
https://www.foxnews.com/lifestyle/this-day-history-may-12-1965-rolling-stones-record-satisfaction-keith-richards-dreamed-riff,"On this day in history, May 12, 1965, Rolling Stones record 'Satisfaction' after Keith Richards dreamed a riff",FoxNews,"On this day in history, May 12, 1965, Rolling Stones record 'Satisfaction' after Keith Richards dreamed a riff",1,18,110
https://www.nbcnews.com/select/shopping/best-travel-tech-gadgets-amazon-rcna97967,Make room in your luggage for these travel tech gadgets,NBC,Make room in your luggage for these travel tech gadgets,0,10,55
https://www.foxnews.com/media/charlamagne-tha-god-praises-trump-ad-harris-supporting-funding-migrant-inmate-sex-changes-that-nuts.print,"Charlamagne Tha God praises Trump ad on Harris supporting funding migrant, inmate sex changes: 'That was nuts'",FoxNews,"Charlamagne Tha God praises Trump ad on Harris supporting funding migrant, inmate sex changes: 'That was nuts'",1,17,110
https://www.foxnews.com/politics/comedian-jim-gaffigan-takes-surprising-shot-harris-skipping-catholic-met-gala,Comedian Jim Gaffigan takes surprising shots at Harris for skipping 'Catholic Met Gala',FoxNews,Comedian Jim Gaffigan takes surprising shots at Harris for skipping 'Catholic Met Gala',1,13,87
https://www.foxnews.com/entertainment/jelly-roll-plans-ask-forgiveness-from-victims-armed-robbery-no-logic-what-i-did.print,Jelly Roll plans to seek forgiveness from victims of armed robbery: 'No logic to what I did',FoxNews,Jelly Roll plans to seek forgiveness from victims of armed robbery: 'No logic to what I did',1,17,92
https://www.nbcnews.com/politics/donald-trump/trump-spoke-fundraiser-jan-6-defendants-rcna90806,Trump spoke at a fundraiser for Jan. 6 defendants,NBC,Trump spoke at a fundraiser for Jan. 6 defendants,0,9,49
https://www.foxnews.com/travel/abandoned-luxury-hotel-florida-set-reopen-17-years,Abandoned luxury hotel in Florida will reopen after 17 years,FoxNews,Abandoned luxury hotel in Florida will reopen after 17 years,1,10,60
https://www.foxnews.com/opinion/david-marcus-kamala-harris-can-no-longer-hide-from-her-dangerous-stance-men-playing-girls-sports.print,DAVID MARCUS: Kamala Harris can no longer hide from her dangerous stance on men playing in girls' sports,FoxNews,DAVID MARCUS: Kamala Harris can no longer hide from her dangerous stance on men playing in girls' sports,1,18,104
https://www.nbcnews.com/news/world/everybody-scared-gaza-faces-threat-ground-invasion-tensions-run-high-i-rcna120346,"'Everybody is scared': As Gaza faces threat of ground invasion, tensions run high in Israel",NBC,"'Everybody is scared': As Gaza faces threat of ground invasion, tensions run high in Israel",0,15,91
https://www.foxnews.com/food-drink/tequila-more-than-shot-fun-facts-spirit,"Tequila is more than just a shot, plus other fun facts about this spirit",FoxNews,"Tequila is more than just a shot, plus other fun facts about this spirit",1,14,72
https://www.nbcnews.com/politics/donald-trump/trump-begs-georgia-secretary-state-overturn-election-results-remarkable-hourlong-n1252692,Trump begs Georgia secretary of state to overturn election results in remarkable hourlong phone call,NBC,Trump begs Georgia secretary of state to overturn election results in remarkable hourlong phone call,0,15,100
https://www.foxnews.com/media/trump-thrilled-harris-tapping-very-liberal-tim-walz-running-mate-shocking-pick,Trump 'thrilled' with Harris tapping 'very liberal' Tim Walz as running mate: 'Shocking pick',FoxNews,Trump 'thrilled' with Harris tapping 'very liberal' Tim Walz as running mate: 'Shocking pick',1,14,93
https://www.foxnews.com/politics/pence-preserving-sanctity-life-enthusiasm-republicans-midterms,Pence says the 'sanctity of life' will spark ‘renewed enthusiasm’ for Republicans in midterms,FoxNews,Pence says the 'sanctity of life' will spark ‘renewed enthusiasm’ for Republicans in midterms,1,14,93
https://www.foxnews.com/world/israeli-military-says-regular-infantry-armored-units-joining-limited-ground-operation-southern-lebanon.print,"Israeli military says regular infantry, armored units joining limited ground operation in southern Lebanon",FoxNews,"Israeli military says regular infantry, armored units joining limited ground operation in southern Lebanon",1,14,106
https://www.foxnews.com/politics/i-much-better-off-voters-back-trump-top-battleground-county,'I was much better off': These voters back Trump in top battleground county,FoxNews,'I was much better off': These voters back Trump in top battleground county,1,13,75
https://www.foxnews.com/politics/one-year-after-hezbollah-strikes-israel-reinforces-troops-questions-mount-over-limited-operation.print,"1 year after Hezbollah strikes, Israel reinforces troops and questions mount over ‘limited’ operation",FoxNews,"1 year after Hezbollah strikes, Israel reinforces troops and questions mount over ‘limited’ operation",1,14,101
https://www.foxnews.com/lifestyle/5-little-known-facts-thanksgiving-turkey-registered-dieticians,5 Thanksgiving turkey facts from registered dietitians,FoxNews,5 Thanksgiving turkey facts from registered dietitians,1,7,54
https://www.nbcnews.com/news/world/iranian-human-rights-activist-narges-mohammadi-wins-nobel-peace-prize-rcna119156,Jailed Iranian activist Narges Mohammadi wins Nobel Peace Prize for fight against oppression of women,NBC,Jailed Iranian activist Narges Mohammadi wins Nobel Peace Prize for fight against oppression of women,0,15,101
https://www.foxnews.com/lifestyle/new-york-city-man-lived-constitution-year-here-7-things-he-learned.print,New York City man 'lived' the Constitution for a year. Here are 7 things he learned,FoxNews,New York City man 'lived' the Constitution for a year. Here are 7 things he learned,1,16,83
https://www.foxnews.com/sports/cowboys-demarcus-lawrence-says-he-burned-through-his-entire-rookie-salary-his-3rd-season,Cowboys' DeMarcus Lawrence says he burned through his entire rookie salary by his 3rd season,FoxNews,Cowboys' DeMarcus Lawrence says he burned through his entire rookie salary by his 3rd season,1,15,92
https://www.nbcnews.com/politics/donald-trump/ohios-senate-race-high-trumps-radar-tough-week-republicans-rcna99511,Ohio's Senate race is high on Trump's radar after a tough week for Republicans,NBC,Ohio's Senate race is high on Trump's radar after a tough week for Republicans,0,14,78
https://www.nbcnews.com/news/world/ship-attack-houthi-red-sea-uss-eisenhower-rcna158406,Yemen’s Houthi rebels target ship in the Gulf of Aden as the Eisenhower aircraft carrier heads home,NBC,Yemen’s Houthi rebels target ship in the Gulf of Aden as the Eisenhower aircraft carrier heads home,0,17,99
https://www.foxnews.com/media/former-california-democrat-turns-republican-kamala-harris-did-nothing-change-schools-california,Former Democrat turns Republican: Kamala Harris 'did nothing to change the schools' in California,FoxNews,Former Democrat turns Republican: Kamala Harris 'did nothing to change the schools' in California,1,14,97
https://www.foxnews.com/us/last-words-hero-firefighter-who-died-trump-rally-shooting-revealed,Last words of 'hero' firefighter who died at Trump rally shooting revealed,FoxNews,Last words of 'hero' firefighter who died at Trump rally shooting revealed,1,12,74
https://www.foxnews.com/politics/colorado-to-become-the-first-state-to-build-separate-inmate-units-for-transgender-women,Colorado could become the first state to build separate prison units for transgender felons,FoxNews,Colorado could become the first state to build separate prison units for transgender felons,1,14,91
https://www.nbcnews.com/news/world/canada-india-killing-sikh-activist-hardeep-singh-nijjar-rcna105749,"Canada accuses India of an assassination on its soil, leading both countries to expel diplomats",NBC,"Canada accuses India of an assassination on its soil, leading both countries to expel diplomats",0,15,95
https://www.nbcnews.com/news/world/jailed-us-reporters-friends-family-speak-year-russian-prison-rcna145422,"As U.S. reporter marks a year in a Russian prison, his family and friends speak out",NBC,"As U.S. reporter marks a year in a Russian prison, his family and friends speak out",0,16,83
https://www.nbcnews.com/politics/2024-election/harris-rattles-angry-trump-debate-both-candidates-seek-mantle-change-rcna169058,Harris rattles 'angry' Trump in debate as both candidates seek mantle of change,NBC,Harris rattles 'angry' Trump in debate as both candidates seek mantle of change,0,13,79
https://www.nbcnews.com/news/latino/stateside-puerto-ricans-demand-answers-unused-hurricane-aid-puerto-rico-n1154236,Stateside Puerto Ricans demand answers on unused hurricane aid to Puerto Rico,NBC,Stateside Puerto Ricans demand answers on unused hurricane aid to Puerto Rico,0,12,77
https://www.foxnews.com/media/60-minutes-trump-axed-interview-demanding-apology-2020-sit-down-complained-fact-checks,"'60 Minutes' says Trump axed interview after demanding apology for 2020 sit down, complained about fact checks",FoxNews,"'60 Minutes' says Trump axed interview after demanding apology for 2020 sit down, complained about fact checks",1,17,110
https://www.nbcnews.com/select/shopping/best-wide-toe-box-shoes-rcna141116,Wide toe box shoes aren't the same as wide width shoes. Here's how to tell what you need.,NBC,Wide toe box shoes aren't the same as wide width shoes. Here's how to tell what you need.,0,18,89
https://www.nbcnews.com/news/asian-america/modis-white-house-visit-highlights-deep-diaspora-divides-rcna89275,Modi’s White House visit highlights deep diaspora divides,NBC,Modi’s White House visit highlights deep diaspora divides,0,8,57
https://www.nbcnews.com/news/world/israel-palestinians-syria-lebanon-west-bank-gaza-rcna79077,Security and political crises in Israel converge to create a perfect storm,NBC,Security and political crises in Israel converge to create a perfect storm,0,12,74
https://www.nbcnews.com/select/shopping/best-disposable-face-mask-ncna1252865,"Can you reuse disposable face masks? The do’s and don’ts, according to doctors",NBC,"Can you reuse disposable face masks? The do’s and don’ts, according to doctors",0,13,78
https://www.nbcnews.com/select/shopping/smartish-wallet-slayer-vol-1-iphone-case-ncna1290394,Why I love my iPhone case and wallet combo,NBC,Why I love my iPhone case and wallet combo,0,9,42
https://www.foxnews.com/media/harris-critics-sound-off-vp-endorsed-irs-affiliated-union-get-ready-taxed-death.print,Harris’ critics sound off after VP is endorsed by IRS affiliated union: ‘Get ready to be taxed to death',FoxNews,Harris’ critics sound off after VP is endorsed by IRS affiliated union: ‘Get ready to be taxed to death',1,19,104
https://www.nbcnews.com/news/world/hamas-says-chosen-yahya-sinwar-mastermind-oct-7-attacks-new-leader-rcna165437,Hamas announces Yahya Sinwar as new political head following Ismail Haniyeh assassination,NBC,Hamas announces Yahya Sinwar as new political head following Ismail Haniyeh assassination,0,12,89
https://www.nbcnews.com/politics/justice-department/jan-6-rioter-charged-police-carrying-gun-sentenced-7-years-rcna94940,Jan. 6 rioter who charged police while carrying a gun sentenced to 7 years,NBC,Jan. 6 rioter who charged police while carrying a gun sentenced to 7 years,0,14,74
https://www.nbcnews.com/select/shopping/best-point-and-shoot-cameras-rcna130454,I’ve tested nearly a dozen point and shoot cameras these are the best no matter your experience level,NBC,I’ve tested nearly a dozen point and shoot cameras these are the best no matter your experience level,0,18,101
https://www.nbcnews.com/politics/2024-election/republican-national-committee-convention-trump-may-not-attend-rcna156838,Republican National Committee prepares for a convention Trump may not attend,NBC,Republican National Committee prepares for a convention Trump may not attend,0,11,76
https://www.nbcnews.com/politics/white-house/48-million-borrowers-1-million-public-service-student-debt-forgiven-bi-rcna175889,"4.8M borrowers including 1M in public service have had student debt forgiven, Biden admin says",NBC,"4.8M borrowers including 1M in public service have had student debt forgiven, Biden admin says",0,15,94
https://www.foxnews.com/politics/biden-admin-hit-lawsuit-eco-actions-industry-says-cost-million-jobs,Biden admin hit with lawsuit over eco actions that industry says could cost million jobs,FoxNews,Biden admin hit with lawsuit over eco actions that industry says could cost million jobs,1,15,88
https://www.foxnews.com/politics/supreme-court-trump-special-counsel-jan-6,Supreme Court agrees to review whether Trump immune from prosecution in federal election interference case,FoxNews,Supreme Court agrees to review whether Trump immune from prosecution in federal election interference case,1,15,106
https://www.foxnews.com/media/kari-lake-shreds-vp-harris-despicable-southern-border-visit-make-mainstream-media-happy,Kari Lake shreds VP Harris' 'despicable' southern border visit: Just to make the 'mainstream media happy',FoxNews,Kari Lake shreds VP Harris' 'despicable' southern border visit: Just to make the 'mainstream media happy',1,16,105
https://www.foxnews.com/politics/trump-plans-plead-not-guilty-jack-smiths-revised-federal-election-interference-charges,Trump plans to plead not guilty to Jack Smith's revised federal election interference charges,FoxNews,Trump plans to plead not guilty to Jack Smith's revised federal election interference charges,1,14,93
https://www.foxnews.com/entertainment/tina-turner-kygo-whats-love-got-to-do-with-it-remix,Tina Turner teams up with Kygo for 'What's Love Got to Do With It' remix,FoxNews,Tina Turner teams up with Kygo for 'What's Love Got to Do With It' remix,1,15,72
https://www.foxnews.com/lifestyle/swedish-candy-goes-viral-tiktok-everyone-wants-bite-trendy-treat,Swedish candy goes viral on TikTok and everyone wants a bite of the trendy treat,FoxNews,Swedish candy goes viral on TikTok and everyone wants a bite of the trendy treat,1,15,80
https://www.foxnews.com/us/federal-prosecutors-charge-ryan-routh-attempted-assassination-trump,Federal prosecutors formally charge suspect Ryan Routh with attempted assassination of Trump,FoxNews,Federal prosecutors formally charge suspect Ryan Routh with attempted assassination of Trump,1,12,92
https://www.nbcnews.com/news/world/shin-bet-interrogation-hamas-rcna125748,Inside Shin Bet’s interrogation of 50 Hamas fighters,NBC,Inside Shin Bet’s interrogation of 50 Hamas fighters,0,8,52
https://www.nbcnews.com/politics/supreme-court/appeals-court-rules-trump-presidential-immunity-2020-election-interfer-rcna133234,"Trump is not immune in 2020 election interference case, appeals court rules",NBC,"Trump is not immune in 2020 election interference case, appeals court rules",0,12,75
https://www.nbcnews.com/select/shopping/best-home-teeth-whitening-products-ncna1253852,These over the counter teeth whitening products come pretty close to giving you dentist office results,NBC,These over the counter teeth whitening products come pretty close to giving you dentist office results,0,16,102
https://www.nbcnews.com/news/world/gaza-children-killed-israel-hostage-raid-idf-hamas-war-palestinians-rcna157777,Gazan families mourn children who were killed during the IDF’s hostage rescue,NBC,Gazan families mourn children who were killed during the IDF’s hostage rescue,0,12,77
https://www.nbcnews.com/select/shopping/safe-car-travel-dogs-ncna1275708,How to drive safely with a dog,NBC,How to drive safely with a dog,0,7,30
https://www.foxnews.com/politics/local-residents-explode-biden-officials-plan-release-grizzly-bears-near-communities,Local residents explode at Biden officials over plan to release grizzly bears near their communities,FoxNews,Local residents explode at Biden officials over plan to release grizzly bears near their communities,1,15,100
https://www.nbcnews.com/news/man-arrested-trump-rally-denies-was-trying-assassinate-former-presiden-rcna175296,Man arrested near Trump rally denies he was trying to assassinate the former president,NBC,Man arrested near Trump rally denies he was trying to assassinate the former president,0,14,86
https://www.foxnews.com/politics/trump-support-republican-businessman-looking-flip-wisconsin-senate-seat-go-win,Trump throws support behind Republican businessman looking to flip Wisconsin Senate seat: 'Go out and win',FoxNews,Trump throws support behind Republican businessman looking to flip Wisconsin Senate seat: 'Go out and win',1,16,106
https://www.foxnews.com/sports/dodgers-dominate-mets-again-take-commanding-3-1-lead-nlcs.print,"Dodgers dominate Mets again, take commanding 3 1 lead in NLCS",FoxNews,"Dodgers dominate Mets again, take commanding 3 1 lead in NLCS",1,11,61
https://www.foxnews.com/sports/dodgers-star-mookie-betts-sends-warning-shot-mets-who-brink-elimination,"Dodgers star Mookie Betts sends warning shot to Mets, who are on brink of elimination",FoxNews,"Dodgers star Mookie Betts sends warning shot to Mets, who are on brink of elimination",1,15,85
https://www.nbcnews.com/news/world/palestinians-announce-first-elections-15-years-eve-biden-era-n1254443,Palestinians announce first elections in 15 years,NBC,Palestinians announce first elections in 15 years,0,7,49
https://www.foxnews.com/media/ohio-residents-small-town-erupt-over-havoc-caused-massive-influx-20000-haitians,"Ohio residents in small town erupt over havoc caused by massive influx of 20,000 of Haitians",FoxNews,"Ohio residents in small town erupt over havoc caused by massive influx of 20,000 of Haitians",1,16,92
https://www.nbcnews.com/politics/white-house/biden-speak-netanyahu-escalating-tensions-us-israel-relationship-rcna143858,"Biden speaks with Netanyahu amid escalating tensions in U.S. Israel, warns against Rafah invasion",NBC,"Biden speaks with Netanyahu amid escalating tensions in U.S. Israel, warns against Rafah invasion",0,14,97
https://www.nbcnews.com/politics/2024-election/harris-maintains-strong-lead-black-swing-state-voters-new-poll-rcna175420,Harris maintains strong lead among Black swing state voters in a new poll,NBC,Harris maintains strong lead among Black swing state voters in a new poll,0,13,73
https://www.nbcnews.com/politics/2024-election/democratic-national-committee-releases-party-platform-ahead-convention-rcna167098,Democratic National Committee releases party platform ahead of convention,NBC,Democratic National Committee releases party platform ahead of convention,0,9,73
https://www.nbcnews.com/news/nbcblk/simple-reason-kamala-harris-shade-room-rcna175931,The simple reason Kamala Harris is on The Shade Room,NBC,The simple reason Kamala Harris is on The Shade Room,0,10,52
https://www.nbcnews.com/politics/justice-department/jan-6-rioter-assaulted-police-calls-accountability-2020-election-lies-rcna134609,Jan. 6 rioter who assaulted police calls for 'accountability' for 2020 election lies,NBC,Jan. 6 rioter who assaulted police calls for 'accountability' for 2020 election lies,0,13,84
https://www.nbcnews.com/politics/florida-supreme-court-abortion-rights-ballot-measure-rcna142568,"Florida Supreme Court allows 6 week abortion ban to take effect, but voters will have the final say",NBC,"Florida Supreme Court allows 6 week abortion ban to take effect, but voters will have the final say",0,18,99
https://www.foxnews.com/us/anti-israel-mob-rebrands-iconic-hamilton-hall-following-insurrection-columbia,Anti Israel mob rebrands iconic Hamilton Hall following insurrection at Columbia,FoxNews,Anti Israel mob rebrands iconic Hamilton Hall following insurrection at Columbia,1,11,80
https://www.nbcnews.com/politics/2024-election/local-republicans-defend-haitian-immigrants-targeted-trump-rcna171723,Local Republicans reject Trump's claims about Haitian immigrants in their towns,NBC,Local Republicans reject Trump's claims about Haitian immigrants in their towns,0,11,79
https://www.foxnews.com/politics/newsom-dodges-question-harris-price-controls-she-hasnt-put-out-details,Newsom dodges question on Harris price controls: 'She hasn't put out the details',FoxNews,Newsom dodges question on Harris price controls: 'She hasn't put out the details',1,13,81
https://www.nbcnews.com/pop-culture/tv/live-blog/emmys-2024-live-updates-rcna167469,"Emmy Awards 2024 highlights: âThe Bearâ, âBaby Reindeer,â âShogunâ led in wins, and a âHacksâ surprise",NBC,"Emmy Awards 2024 highlights: âThe Bearâ, âBaby Reindeer,â âShogunâ led in wins, and a âHacksâ surprise",0,16,118
https://www.nbcnews.com/politics/2024-election/georgia-judge-blocks-rule-requiring-counties-hand-count-ballots-rcna175632,Georgia judge blocks rule requiring counties to hand count Election Day ballots,NBC,Georgia judge blocks rule requiring counties to hand count Election Day ballots,0,12,79
https://www.foxnews.com/us/study-contradicts-claims-critical-race-theory-isnt-schools-90-students-exposed,"Study contradicts claims critical race theory isn't in schools, over 90% students exposed to it",FoxNews,"Study contradicts claims critical race theory isn't in schools, over 90% students exposed to it",1,15,95
https://www.foxnews.com/media/sen-chuck-grassley-link-high-food-energy-prices,Sen Chuck Grassley explains link between high food and energy prices,FoxNews,Sen Chuck Grassley explains link between high food and energy prices,1,11,68
https://www.foxnews.com/entertainment/dolly-parton-removes-herself-rock-roll-hall-of-fame-nomination,"Dolly Parton removes herself from Rock & Roll Hall of Fame nomination, says she hasn't 'earned that right'",FoxNews,"Dolly Parton removes herself from Rock & Roll Hall of Fame nomination, says she hasn't 'earned that right'",1,18,106
https://www.nbcnews.com/select/shopping/best-eco-friendly-mattress-ncna1193591,"How to find the best eco friendly mattresses, according to experts",NBC,"How to find the best eco friendly mattresses, according to experts",0,11,66
https://www.nbcnews.com/politics/2024-election/jd-vance-says-trump-veto-national-abortion-ban-rcna168084,JD Vance says Trump would veto a national abortion ban,NBC,JD Vance says Trump would veto a national abortion ban,0,10,54
https://www.nbcnews.com/politics/2024-election/justice-department-sues-alabama-effort-purge-voter-rolls-90-days-elect-rcna173107,Justice Department sues Alabama over effort to purge voter rolls within 90 days of election,NBC,Justice Department sues Alabama over effort to purge voter rolls within 90 days of election,0,15,91
https://www.foxnews.com/lifestyle/meet-american-invented-hard-hat-symbol-working-class,"Meet the American who invented the hard hat, a proud symbol of our nation's working class",FoxNews,"Meet the American who invented the hard hat, a proud symbol of our nation's working class",1,16,89
https://www.foxnews.com/media/politico-says-harris-running-dream-economy-voters-arent-noticing,Politico says Harris is running on a 'dream economy' but voters aren't noticing,FoxNews,Politico says Harris is running on a 'dream economy' but voters aren't noticing,1,13,79
https://www.nbcnews.com/nbc-out/out-politics-and-policy/sarah-mcbride-congress-election-race-trans-lgbtq-rcna164773,Sarah McBride’s historic run for Congress was decades in the making,NBC,Sarah McBride’s historic run for Congress was decades in the making,0,11,67
https://www.nbcnews.com/politics/donald-trump/donald-trump-biggest-challenge-debating-kamala-harris-rcna170388,'You don't know what to expect': Trump outlines his biggest challenge in debating Harris,NBC,'You don't know what to expect': Trump outlines his biggest challenge in debating Harris,0,14,88
https://www.nbcnews.com/science/environment/lead-pipes-biden-sets-10-year-deadline-cities-replace-rcna174465,Biden sets a 10 year deadline for U.S. cities to replace lead pipes and make drinking water safer,NBC,Biden sets a 10 year deadline for U.S. cities to replace lead pipes and make drinking water safer,0,18,97
https://www.nbcnews.com/select/shopping/best-workout-leggings-according-fitness-professionals-ncna1019826,What to look for in workout leggings that you don’t always need in lounging leggings,NBC,What to look for in workout leggings that you don’t always need in lounging leggings,0,15,84
https://www.nbcnews.com/politics/2024-election/republicans-float-conspiracy-theory-biden-wont-ballot-rcna121467,Republicans float a quiet conspiracy theory that Biden won't be on the ballot,NBC,Republicans float a quiet conspiracy theory that Biden won't be on the ballot,0,13,77
https://www.foxnews.com/entertainment/simon-cowell-pulls-out-judging-duties-x-factor-israel-appearance,Simon Cowell pulls out of judging duties in upcoming ‘X Factor Israel’ appearance,FoxNews,Simon Cowell pulls out of judging duties in upcoming ‘X Factor Israel’ appearance,1,13,81
https://www.foxnews.com/politics/voters-obamas-backyard-weigh-dangerous-kamala-2024-race-im-trump-fan,Voters in Obama's backyard weigh in on 'dangerous' Kamala and 2024 race: 'I'm a Trump fan',FoxNews,Voters in Obama's backyard weigh in on 'dangerous' Kamala and 2024 race: 'I'm a Trump fan',1,16,90
https://www.foxnews.com/us/sanctuary-citys-policies-push-violent-migrant-gang-suburbs-nationwide-problem,Sanctuary city's policies push violent migrant gang into suburbs: 'It's a nationwide problem',FoxNews,Sanctuary city's policies push violent migrant gang into suburbs: 'It's a nationwide problem',1,13,93
https://www.foxnews.com/politics/biden-admin-convenes-legal-experts-protecting-womens-reproductive-health-supreme-court-ruling.print,Biden admin convenes legal experts on protecting women's reproductive health after Supreme Court ruling,FoxNews,Biden admin convenes legal experts on protecting women's reproductive health after Supreme Court ruling,1,14,103
https://www.nbcnews.com/science/environment/heat-wave-record-temperatures-california-arizona-october-rcna173796,October heat wave sets dozens of records in California and Arizona,NBC,October heat wave sets dozens of records in California and Arizona,0,11,66
https://www.nbcnews.com/news/us-news/earthquake-hits-puerto-rico-island-jolted-5-7-magnitude-quake-n1111046,"Puerto Rico jolted by 5.8 magnitude earthquake, the largest in series of quakes",NBC,"Puerto Rico jolted by 5.8 magnitude earthquake, the largest in series of quakes",0,13,79
https://www.nbcnews.com/politics/2024-election/teamsters-union-declines-endorse-presidential-election-breaking-decade-rcna171711,"Teamsters union declines to endorse in presidential election, breaking decades of precedent",NBC,"Teamsters union declines to endorse in presidential election, breaking decades of precedent",0,12,91
https://www.nbcnews.com/politics/justice-department/shane-jenkins-trump-supporter-jan-6-riot-prison-7-years-rcna119294,Jan. 6 rioter who smashed Capitol window with tomahawk ax sentenced to 7 years,NBC,Jan. 6 rioter who smashed Capitol window with tomahawk ax sentenced to 7 years,0,14,78
https://www.nbcnews.com/pop-culture/one-direction-fans-mourn-liam-payne-rcna175822,"For One Direction fans, Liam Payne's death is a 'watershed' moment",NBC,"For One Direction fans, Liam Payne's death is a 'watershed' moment",0,11,66
https://www.foxnews.com/world/i-will-be-haunted-forever-israels-horrific-video-hamas-atrocities-leaves-viewers-shocked-sickened,'I will be haunted forever’: Israel’s horrific video of Hamas atrocities leaves viewers shocked and sickened,FoxNews,'I will be haunted forever’: Israel’s horrific video of Hamas atrocities leaves viewers shocked and sickened,1,16,108
https://www.foxnews.com/entertainment/eddie-van-halens-brother-wants-ai-complete-bands-unreleased-music,Eddie Van Halen's brother wants AI to complete the band's unreleased music,FoxNews,Eddie Van Halen's brother wants AI to complete the band's unreleased music,1,12,74
https://www.foxnews.com/entertainment/taylor-swift-screams-eras-tour-concert-security-guard-stop-harassing-fan,Taylor Swift screams during Eras Tour concert for security guard to stop harassing fan,FoxNews,Taylor Swift screams during Eras Tour concert for security guard to stop harassing fan,1,14,86
https://www.foxnews.com/media/jorge-ramos-daughter-sounds-alarm-latinos-walking-away-from-democratic-party,Jorge Ramos’ daughter sounds alarm that Latinos are 'walking away’ from Democratic Party,FoxNews,Jorge Ramos’ daughter sounds alarm that Latinos are 'walking away’ from Democratic Party,1,13,88
https://www.foxnews.com/politics/nevada-senate-candidates-spar-biological-males-womens-sports-immigration-ufos-debate.print,"Nevada Senate hopefuls tackle trans athletes, immigration and UFOs in only debate",FoxNews,"Nevada Senate hopefuls tackle trans athletes, immigration and UFOs in only debate",1,12,81
https://www.nbcnews.com/politics/congress/mcconnell-trump-aides-discussing-endorsement-former-president-rcna140509,McConnell and Trump aides have been discussing an endorsement of the former president,NBC,McConnell and Trump aides have been discussing an endorsement of the former president,0,13,85
https://www.foxnews.com/health/puppies-rescued-hurricane-helene-rehomed-military-veterans-first-responders,"Puppies rescued from Hurricane Helene to be rehomed with military veterans, first responders",FoxNews,"Puppies rescued from Hurricane Helene to be rehomed with military veterans, first responders",1,13,92
https://www.foxnews.com/politics/hispanic-voters-rail-against-dishonest-biden-harris-border-record-poll-shows-trump-gaining-key-states,Hispanic voters rail against 'dishonest' Biden Harris border record as poll shows Trump gaining in key states,FoxNews,Hispanic voters rail against 'dishonest' Biden Harris border record as poll shows Trump gaining in key states,1,17,109
https://www.nbcnews.com/news/world/israeli-soldiers-clear-bodies-kibbutz-hamas-attack-rcna119861,'It’s a massacre': Bodies of victims still strewn across kibbutz once home to 700,NBC,'It’s a massacre': Bodies of victims still strewn across kibbutz once home to 700,0,14,81
https://www.nbcnews.com/select/shopping/bestselling-tech-products-2022-ncna1302175,Tech bestsellers: The most purchased products we covered in 2022,NBC,Tech bestsellers: The most purchased products we covered in 2022,0,10,64
https://www.foxnews.com/media/media-critics-pan-walzs-debate-performance-clear-lack-preparation-execution,Media critics pan Walz's 'unsteady' debate performance: 'Clear lack of preparation and execution',FoxNews,Media critics pan Walz's 'unsteady' debate performance: 'Clear lack of preparation and execution',1,13,97
https://www.foxnews.com/politics/5-more-house-democrats-call-biden-drop-out#&_intcmp=fnhpbt5,"Five more House Democrats call on Biden to drop out, third US senator",FoxNews,"Five more House Democrats call on Biden to drop out, third US senator",1,13,69
https://www.foxnews.com/world/prince-william-denounces-antisemitism-amid-soaring-rates-abuse,Prince William denounces antisemitism amid soaring rates of abuse at London synagogue,FoxNews,Prince William denounces antisemitism amid soaring rates of abuse at London synagogue,1,12,85
https://www.foxnews.com/politics/4-mark-robinson-campaign-staffers-resign-wake-report-porn-website-posts.print,4 Mark Robinson campaign staffers resign in wake of report on porn website posts,FoxNews,4 Mark Robinson campaign staffers resign in wake of report on porn website posts,1,14,80
https://www.nbcnews.com/news/world/iran-enriching-uranium-weapons-grade-nuclear-iaea-rcna72753,"Iran enriching uranium to near weapons grade levels, nuclear watchdog warns",NBC,"Iran enriching uranium to near weapons grade levels, nuclear watchdog warns",0,11,75
https://www.foxnews.com/politics/rot-decay-rep-hank-johnson-argues-scotus-term-limits-path-forward-removing-corrupt-justices,'Rot and decay': Rep Hank Johnson argues SCOTUS term limits are path forward for removing 'corrupt' justices,FoxNews,'Rot and decay': Rep Hank Johnson argues SCOTUS term limits are path forward for removing 'corrupt' justices,1,17,108
https://www.foxnews.com/travel/greece-impose-tax-cruise-visitors-popular-islands-combat-overtourism,Greece to impose tax for cruise visitors on popular islands to combat overtourism,FoxNews,Greece to impose tax for cruise visitors on popular islands to combat overtourism,1,13,81
https://www.nbcnews.com/select/shopping/how-to-clean-coffee-maker-rcna156776,You should be cleaning your coffee maker at least once a month here’s how to do it,NBC,You should be cleaning your coffee maker at least once a month here’s how to do it,0,17,82
https://www.foxnews.com/us/florida-residents-wouldnt-evacuate-from-milton-heres-how-theyre-doing,These Florida residents wouldn't evacuate from Milton here's how they're doing,FoxNews,These Florida residents wouldn't evacuate from Milton here's how they're doing,1,11,78
https://www.nbcnews.com/politics/joe-biden/biden-chinas-xi-jinping-meet-effort-smooth-tensions-rcna124924,Biden says 'real progress' was made after meeting with China's Xi Jinping,NBC,Biden says 'real progress' was made after meeting with China's Xi Jinping,0,12,73
https://www.nbcnews.com/news/world/pakistani-police-fire-tear-gas-protesting-students-anger-spreads-alleg-rcna176062,Pakistani police fire tear gas at protesting students as anger spreads over alleged on campus rape,NBC,Pakistani police fire tear gas at protesting students as anger spreads over alleged on campus rape,0,16,98
https://www.nbcnews.com/tech/tech-news/states-are-rapidly-adopting-laws-regulating-political-deepfakes-rcna164578,States are rapidly adopting laws regulating political deepfakes,NBC,States are rapidly adopting laws regulating political deepfakes,0,8,63
https://www.foxnews.com/lifestyle/woman-vandalizes-israeli-hostage-posters-front-captives-own-family-new-york-city,Woman vandalizes Israeli hostage posters right in front of captives' family members in New York City,FoxNews,Woman vandalizes Israeli hostage posters right in front of captives' family members in New York City,1,16,100
https://www.nbcnews.com/news/asian-america/anti-asian-hate-crimes-increased-nearly-150-2020-mostly-n-n1260264,"Anti Asian hate crimes increased by nearly 150% in 2020, mostly in N.Y. and L.A., new report says",NBC,"Anti Asian hate crimes increased by nearly 150% in 2020, mostly in N.Y. and L.A., new report says",0,18,97
https://www.foxnews.com/entertainment/inside-lori-loughlin-prison-college-admissions-scandal,"Lori Loughlin’s prison offers Pilates, spin class and more as she serves time in college admissions scandal",FoxNews,"Lori Loughlin’s prison offers Pilates, spin class and more as she serves time in college admissions scandal",1,17,107
https://www.foxnews.com/media/cracks-wall-media-praise-harris-multiple-outlets-eviscerate-vp-over-price-control-plan,Cracks in the wall of media praise for Harris? Multiple outlets eviscerate VP over price control plan,FoxNews,Cracks in the wall of media praise for Harris? Multiple outlets eviscerate VP over price control plan,1,17,101
https://www.nbcnews.com/politics/donald-trump/secret-service-boosts-protection-donald-trump-rcna172368,Secret Service takes new steps to boost protection around Trump,NBC,Secret Service takes new steps to boost protection around Trump,0,10,63
https://www.foxnews.com/opinion/massive-tax-increases-coming-second-biden-term,Here are the massive tax increases coming your way in a second Biden term,FoxNews,Here are the massive tax increases coming your way in a second Biden term,1,14,73
https://www.nbcnews.com/health/health-news/fda-authorizes-novavaxs-updated-covid-vaccine-rcna118665,FDA authorizes Novavax's updated Covid vaccine,NBC,FDA authorizes Novavax's updated Covid vaccine,0,6,46
https://www.nbcnews.com/news/world/zelenskyy-ukraine-russia-territory-seized-putin-kursk-rcna169280,Zelenskyy says Ukraine plans to indefinitely hold Russian territory it has seized,NBC,Zelenskyy says Ukraine plans to indefinitely hold Russian territory it has seized,0,12,81
https://www.nbcnews.com/select/shopping/best-peptides-for-skin-rcna156798,Are peptides the new retinol? Here’s everything you need to know about this latest skin care you’re seeing everywhere,NBC,Are peptides the new retinol? Here’s everything you need to know about this latest skin care you’re seeing everywhere,0,19,117
https://www.foxnews.com/sports/nelly-korda-suffers-unbelievable-meltdown-us-womens-open-early-septuple-bogey,Nelly Korda suffers unbelievable meltdown at US Women's Open with early septuple bogey,FoxNews,Nelly Korda suffers unbelievable meltdown at US Women's Open with early septuple bogey,1,13,86
https://www.nbcnews.com/politics/arizona-governor-signs-repeal-1864-abortion-ban-rcna150364,Arizona Gov. Katie Hobbs signs repeal of 1864 abortion ban,NBC,Arizona Gov. Katie Hobbs signs repeal of 1864 abortion ban,0,10,58
https://www.nbcnews.com/politics/joe-biden/biden-cancels-trip-africa-ahead-hurricane-milton-hitting-florida-rcna174470,Biden postpones trip to Germany and Angola ahead of Hurricane Milton's hitting Florida,NBC,Biden postpones trip to Germany and Angola ahead of Hurricane Milton's hitting Florida,0,13,86
https://www.nbcnews.com/health/health-news/hospitals-take-steps-conserve-iv-fluid-supply-helene-strikes-critical-rcna173861,Hospitals take steps to conserve IV fluid supply after Helene strikes critical factory,NBC,Hospitals take steps to conserve IV fluid supply after Helene strikes critical factory,0,13,86
https://www.nbcnews.com/news/world/israel-hamas-war-gaza-rafah-invasion-netanyahu-biden-phone-call-rcna144057,"Defying Biden, Netanyahu renews pledge to launch Rafah offensive",NBC,"Defying Biden, Netanyahu renews pledge to launch Rafah offensive",0,9,64
https://www.foxnews.com/media/brian-stelter-remains-defiant-final-reliable-sources-doubles-down,Brian Stelter remains defiant as final 'Reliable Sources' doubles down on what critics say got it canceled,FoxNews,Brian Stelter remains defiant as final 'Reliable Sources' doubles down on what critics say got it canceled,1,17,106
https://www.nbcnews.com/politics/2024-election/trump-ramps-personal-attacks-kamala-harris-scranton-rally-rcna174292,'I don't want to be nice': Trump ramps up personal attacks on Harris at Pennsylvania rally,NBC,'I don't want to be nice': Trump ramps up personal attacks on Harris at Pennsylvania rally,0,16,90
https://www.foxnews.com/sports/olympic-medalist-slams-transgender-track-athlete-competing-womens-event-simply-cheating,Olympic medalist slams transgender track athlete for competing in women's event: 'Simply cheating',FoxNews,Olympic medalist slams transgender track athlete for competing in women's event: 'Simply cheating',1,13,98
https://www.nbcnews.com/politics/2024-election/abortion-rights-ballot-measure-south-dakota-rcna152746,Abortion rights amendments qualify for the ballot in Colorado and South Dakota,NBC,Abortion rights amendments qualify for the ballot in Colorado and South Dakota,0,12,78
https://www.foxnews.com/media/jd-vance-addresses-past-criticism-trump-after-hes-chosen-vp-bought-medias-lies-distortions,JD Vance addresses past criticism of Trump after he's chosen as VP: 'Bought into media's lies and distortions',FoxNews,JD Vance addresses past criticism of Trump after he's chosen as VP: 'Bought into media's lies and distortions',1,18,110
https://www.foxnews.com/entertainment/olivia-rodrigo-powers-through-wardrobe-malfunction-concert.print,Olivia Rodrigo powers through wardrobe malfunction during concert: 'So embarrassing',FoxNews,Olivia Rodrigo powers through wardrobe malfunction during concert: 'So embarrassing',1,10,84
https://www.nbcnews.com/politics/2024-election/live-blog/trump-harris-presidential-election-live-updates-rcna175178/rcrd60272?canonicalCard=true,Trump pushes back on questions about his age,NBC,Trump pushes back on questions about his age,0,8,44
https://www.foxnews.com/media/team-harris-had-planned-unmuted-mics-left-scrambling-rewrite-debate-strategy-report,"Team Harris had 'planned' on unmuted mics, left 'scrambling to rewrite' debate strategy: report",FoxNews,"Team Harris had 'planned' on unmuted mics, left 'scrambling to rewrite' debate strategy: report",1,14,95
https://www.nbcnews.com/politics/2024-election/dead-heat-trump-pulls-even-harris-nbc-news-poll-rcna174201,'Dead heat': Trump pulls even with Harris in poll,NBC,'Dead heat': Trump pulls even with Harris in poll,0,9,49
https://www.nbcnews.com/politics/national-security/israel-destroy-hamas-who-will-govern-gaza-rcna120766,Israel says it wants to destroy Hamas. But who would govern Gaza after that?,NBC,Israel says it wants to destroy Hamas. But who would govern Gaza after that?,0,14,76
https://www.nbcnews.com/politics/2024-election/harris-walz-win-make-minnesotas-peggy-flanagan-first-native-american-rcna165389,Harris Walz win would make Minnesota's Peggy Flanagan first Native American female governor,NBC,Harris Walz win would make Minnesota's Peggy Flanagan first Native American female governor,0,13,91
https://www.nbcnews.com/news/world/britain-emergency-heatwave-hot-wildfires-europe-france-spain-portugal-rcna38647,U.K. braces for record heat as it becomes one of the hottest places on Earth,NBC,U.K. braces for record heat as it becomes one of the hottest places on Earth,0,15,76
https://www.foxnews.com/politics/riley-gaines-ncaa-athletes-testify-georgia-about-competing-against-sharing-locker-room-lia-thomas,"Riley Gaines, NCAA athletes to testify in Georgia about competing against, sharing locker room with Lia Thomas",FoxNews,"Riley Gaines, NCAA athletes to testify in Georgia about competing against, sharing locker room with Lia Thomas",1,17,110
https://www.nbcnews.com/news/world/live-blog/live-updates-israel-launches-strikes-hezbollah-lebanon-rcna168111,Israel and Hezbollah strikes put region on edge; Hamas official says delegation has left Cairo,NBC,Israel and Hezbollah strikes put region on edge; Hamas official says delegation has left Cairo,0,15,94
https://www.foxnews.com/lifestyle/this-day-history-feb-17-1801-jefferson-elected-president-party-politics-nation,"On this day in history, February 17, 1801, Jefferson is elected president as party politics divide new nation",FoxNews,"On this day in history, February 17, 1801, Jefferson is elected president as party politics divide new nation",1,18,109
https://www.nbcnews.com/politics/immigration/aclu-sues-biden-new-asylum-rule-rcna156890,ACLU sues Biden administration over new asylum rule,NBC,ACLU sues Biden administration over new asylum rule,0,8,51
https://www.nbcnews.com/business/business-news/six-months-zero-covid-us-firms-china-still-face-unpredictable-business-rcna87915,"Six months after ‘zero Covid,’ U.S. firms in China still face an unpredictable business climate",NBC,"Six months after ‘zero Covid,’ U.S. firms in China still face an unpredictable business climate",0,15,95
https://www.nbcnews.com/politics/joe-biden/biden-administration-rejoin-u-n-human-rights-council-another-reversal-n1256997,Biden administration to rejoin U.N. Human Rights Council in another reversal of Trump,NBC,Biden administration to rejoin U.N. Human Rights Council in another reversal of Trump,0,13,85
https://www.foxnews.com/politics/gaza-war-israeli-hostage-deal-hope-fades,"As Gaza war drags past 1 year mark, hope fades for a deal to bring hostages home soon",FoxNews,"As Gaza war drags past 1 year mark, hope fades for a deal to bring hostages home soon",1,18,85
https://www.foxnews.com/politics/same-poll-taken-one-month-apart-shows-which-presidential-candidate-has-momentum-key-states,Same poll taken one month apart shows which presidential candidate has momentum in key states,FoxNews,Same poll taken one month apart shows which presidential candidate has momentum in key states,1,15,93
https://www.foxnews.com/entertainment/harrison-ford-responds-compliment-from-reporter-cannes-blessed-with-this-body,Harrison Ford responds to compliment from reporter at Cannes: ‘Blessed with this body’,FoxNews,Harrison Ford responds to compliment from reporter at Cannes: ‘Blessed with this body’,1,13,86
https://www.nbcnews.com/news/world/taiwan-firm-denies-making-pagers-used-lebanon-explosions-rcna171594,Who made the exploding pagers? A messy global trail emerges behind deadly Lebanon blasts,NBC,Who made the exploding pagers? A messy global trail emerges behind deadly Lebanon blasts,0,14,88
https://www.nbcnews.com/select/shopping/best-single-serve-coffee-makers-ncna1281365,How to shop for single serve coffee makers,NBC,How to shop for single serve coffee makers,0,8,42
https://www.foxnews.com/sports/donald-trump-takes-clear-stance-transgender-athlete-participation-womens-sports-rnc-speech,Donald Trump takes clear stance on transgender athlete participation in women's sports in RNC speech,FoxNews,Donald Trump takes clear stance on transgender athlete participation in women's sports in RNC speech,1,15,100
https://www.nbcnews.com/news/world/israel-retaliates-lebanon-strike-soccer-field-golan-heights-rcna163953,Fears that war will widen grow as Israel retaliates for a strike that killed 12,NBC,Fears that war will widen grow as Israel retaliates for a strike that killed 12,0,15,79
https://www.nbcnews.com/science/environment/amazons-crucial-water-cycle-faces-collapse-scientists-say-rcna138639,"The Amazon’s crucial water cycle faces collapse, scientists say",NBC,"The Amazon’s crucial water cycle faces collapse, scientists say",0,9,63
https://www.foxnews.com/sports/hulk-hogan-suggest-he-willing-body-slam-us-vice-president-kamala-harris,Hulk Hogan suggests he is willing to 'body slam' US Vice President Kamala Harris,FoxNews,Hulk Hogan suggests he is willing to 'body slam' US Vice President Kamala Harris,1,14,80
https://www.nbcnews.com/news/us-news/new-videos-show-alleged-assault-capitol-police-officer-brian-sicknick-n1265876,New videos show assault on Capitol Police Officer Brian Sicknick,NBC,New videos show assault on Capitol Police Officer Brian Sicknick,0,10,64
https://www.nbcnews.com/news/world/hundreds-injured-palestinians-israeli-forces-clash-holy-site-jerusalem-n1266812,Hamas fires rockets into Israel as tensions in Jerusalem boil over,NBC,Hamas fires rockets into Israel as tensions in Jerusalem boil over,0,11,66
https://www.foxnews.com/media/biden-democrats-falsely-frame-green-movement-economic-charles-payne,"Biden, Democrats falsely frame Green movement as 'economic': Charles Payne",FoxNews,"Biden, Democrats falsely frame Green movement as 'economic': Charles Payne",1,10,74
https://www.nbcnews.com/news/world/israel-hamas-reach-cease-fire-halt-gaza-conflict-n1268004,"Gaza truce takes hold after Israel, Hamas reach cease fire to halt conflict",NBC,"Gaza truce takes hold after Israel, Hamas reach cease fire to halt conflict",0,13,75
https://www.nbcnews.com/health/health-news/how-humans-gained-ability-digest-starch-study-rcna175350,The evolutionary history of humans' ability to eat starch,NBC,The evolutionary history of humans' ability to eat starch,0,9,57
https://www.nbcnews.com/politics/donald-trump/trumps-many-abortion-positions-timeline-rcna146601,"A timeline of Trump's many, many positions on abortion",NBC,"A timeline of Trump's many, many positions on abortion",0,9,54
https://www.foxnews.com/us/former-us-ambassador-accused-secretly-working-cuba-pleads-not-guilty,Former US ambassador accused of secretly working for Cuba pleads not guilty,FoxNews,Former US ambassador accused of secretly working for Cuba pleads not guilty,1,12,75
https://www.foxnews.com/politics/columbias-interim-president-apologizes-anti-israel-protesters-hurt-nypd-classes-kick-off,Columbia's interim president apologizes to protesters who occupied campus for 'hurt' caused by NYPD,FoxNews,Columbia's interim president apologizes to protesters who occupied campus for 'hurt' caused by NYPD,1,14,99
https://www.foxnews.com/world/israels-national-emergency-medical-service-prepares-for-hezbollah-response-high-alert,Israel’s national emergency medical service prepares for Hezbollah response after IDF strike: 'High alert',FoxNews,Israel’s national emergency medical service prepares for Hezbollah response after IDF strike: 'High alert',1,14,106
https://www.foxnews.com/lifestyle/arizona-grandma-man-she-mistakenly-texted-share-thanksgiving-7th-straight-year-since-2016,"Arizona grandma, man she mistakenly texted, to share Thanksgiving for 7th straight year since 2016",FoxNews,"Arizona grandma, man she mistakenly texted, to share Thanksgiving for 7th straight year since 2016",1,15,98
https://www.foxnews.com/politics/what-would-president-pritzker-do-immigration-border-crisis,"What would a President Pritzker do on immigration, border crisis?",FoxNews,"What would a President Pritzker do on immigration, border crisis?",1,10,65
https://www.nbcnews.com/news/3-israeli-hostages-tried-only-killed-military-rcna130912,"How 3 Israeli hostages tried to save themselves, only to be killed by their own military",NBC,"How 3 Israeli hostages tried to save themselves, only to be killed by their own military",0,16,88
https://www.nbcnews.com/politics/2024-election/ted-cruz-colin-allred-texas-senate-debate-rcna175115,"Ted Cruz and Colin Allred clash over abortion, trans athletes and Jan. 6 in feisty Texas Senate debate",NBC,"Ted Cruz and Colin Allred clash over abortion, trans athletes and Jan. 6 in feisty Texas Senate debate",0,18,102
https://www.foxnews.com/lifestyle/florida-family-stuns-statistical-improbability-all-four-daughters-crowned-valedictorian,Florida family stuns with statistical improbability as all four daughters are crowned valedictorian,FoxNews,Florida family stuns with statistical improbability as all four daughters are crowned valedictorian,1,13,99
https://www.nbcnews.com/news/illinois-man-charged-murder-fatal-stabbing-palestinian-american-boy-pl-rcna122757,Illinois man charged with murder in the fatal stabbing of a Palestinian American boy pleads not guilty,NBC,Illinois man charged with murder in the fatal stabbing of a Palestinian American boy pleads not guilty,0,17,102
https://www.foxnews.com/lifestyle/ahead-holidays-build-charcuterie-boards-festive,"Ahead of the holidays, here's how to build charcuterie boards that are 'super festive'",FoxNews,"Ahead of the holidays, here's how to build charcuterie boards that are 'super festive'",1,14,86
https://www.foxnews.com/world/52-confirmed-dead-20-missing-flash-floods-devastate-indonesias-sumatra-island,"52 confirmed dead, 20 missing after flash floods devastate Indonesia’s Sumatra Island",FoxNews,"52 confirmed dead, 20 missing after flash floods devastate Indonesia’s Sumatra Island",1,12,85
https://www.nbcnews.com/select/shopping/best-cyber-monday-tech-deals-2022-ncna1301401,47+ best Cyber Monday tech deals you won't want to miss,NBC,47+ best Cyber Monday tech deals you won't want to miss,0,11,55
https://www.foxnews.com/sports/tom-brady-has-not-talked-trump-years,Tom Brady reveals he has not talked to Trump in 'a lot of years',FoxNews,Tom Brady reveals he has not talked to Trump in 'a lot of years',1,14,64
https://www.nbcnews.com/tech/tech-news/facebook-users-say-amen-bizarre-ai-generated-images-jesus-rcna143965,Facebook users say 'amen' to bizarre AI generated images of Jesus,NBC,Facebook users say 'amen' to bizarre AI generated images of Jesus,0,11,65
https://www.nbcnews.com/pop-culture/viral/social-media-users-are-blocking-celebrities-silent-on-gaza-rcna151880,Social media users are collectively blocking celebrities and influencers who have been silent on Gaza,NBC,Social media users are collectively blocking celebrities and influencers who have been silent on Gaza,0,15,101
https://www.foxnews.com/food-drink/trendy-seed-can-boost-health-big-time-5-cool-ways-heres-how,This trendy seed can boost your health big time in 5 cool ways: Here's how,FoxNews,This trendy seed can boost your health big time in 5 cool ways: Here's how,1,15,74
https://www.foxnews.com/politics/harris-running-mate-faces-renewed-scrutiny-weird-socialism-comparison-resurfaces,Harris' running mate faces renewed scrutiny after his 'weird' socialism comparison resurfaces,FoxNews,Harris' running mate faces renewed scrutiny after his 'weird' socialism comparison resurfaces,1,12,93
https://www.foxnews.com/sports/emma-weyant-olympic-medalist-lia-thomas-ncaa-championships,Emma Weyant: Second place finisher in Lia Thomas' NCAA championship race won Olympic medal in 2021,FoxNews,Emma Weyant: Second place finisher in Lia Thomas' NCAA championship race won Olympic medal in 2021,1,16,98
https://www.foxnews.com/us/laken-riley-murder-suspect-jose-ibarra-pleads-not-guilty,"Laken Riley murder suspect Jose Ibarra pleads not guilty, mother sobs in court",FoxNews,"Laken Riley murder suspect Jose Ibarra pleads not guilty, mother sobs in court",1,13,78
https://www.foxnews.com/us/gotaway-illegal-tren-de-aragua-gang-member-accused-suburban-hotel-murder,'Gotaway' illegal and Tren de Aragua gang member accused in suburban hotel murder,FoxNews,'Gotaway' illegal and Tren de Aragua gang member accused in suburban hotel murder,1,13,81
https://www.foxnews.com/media/don-lemon-speaks-out-about-cnn-firing,"Don Lemon speaks out about CNN firing, says he feels 'vindicated' after ex boss was ousted",FoxNews,"Don Lemon speaks out about CNN firing, says he feels 'vindicated' after ex boss was ousted",1,16,90
https://www.nbcnews.com/news/world/israel-hamas-ceasefire-holds-gaza-s-children-trauma-remains-n1268249,The bombing has ended but children in Gaza and Israel face trauma,NBC,The bombing has ended but children in Gaza and Israel face trauma,0,12,65
https://www.nbcnews.com/politics/2024-election/trump-campaign-big-bet-new-gotv-strategy-worries-republicans-rcna170516,The Trump campaign's big bet on a new GOTV strategy worries some Republicans,NBC,The Trump campaign's big bet on a new GOTV strategy worries some Republicans,0,13,76
https://www.nbcnews.com/politics/2024-election/scott-presler-conspiracy-theories-lara-trump-rnc-job-rcna144144,"Scott Presler, a conservative activist who has spread conspiracy theories, won't be getting an RNC job",NBC,"Scott Presler, a conservative activist who has spread conspiracy theories, won't be getting an RNC job",0,16,102
https://www.nbcnews.com/politics/2024-election/poll-harris-trump-democrats-advantage-latino-voters-continues-shrink-rcna172686,Poll: Democrats' advantage with Latino voters continues to shrink,NBC,Poll: Democrats' advantage with Latino voters continues to shrink,0,9,65
https://www.foxnews.com/media/fox-nation-debut-american-history-series-kelsey-grammer,Nation to debut new American history series hosted by Kelsey Grammer,FoxNews,Nation to debut new American history series hosted by Kelsey Grammer,1,11,68
https://www.foxnews.com/world/hamas-leader-ismail-haniyeh-killed-tehran-hidden-explosive-device-report,Hamas leader Ismail Haniyeh was killed in Tehran by hidden explosive device: report,FoxNews,Hamas leader Ismail Haniyeh was killed in Tehran by hidden explosive device: report,1,13,83
https://www.foxnews.com/opinion/female-athlete-do-not-consent-playing-alongside-men-collegiate-sports,"As a female athlete, I do not consent to playing alongside men in collegiate sports",FoxNews,"As a female athlete, I do not consent to playing alongside men in collegiate sports",1,15,83
https://www.nbcnews.com/select/shopping/best-treatment-undereye-circles-ncna1124191,"Struggling with dark under eyes? Here’s how to treat them, according to derms",NBC,"Struggling with dark under eyes? Here’s how to treat them, according to derms",0,13,77
https://www.foxnews.com/us/trump-assassination-attempt-butler-pennsylvania-town-manager-defends-police-amid-response-misconception,"Trump assassination attempt: Butler, Pennsylvania town manager defends police amid response 'misconception'",FoxNews,"Trump assassination attempt: Butler, Pennsylvania town manager defends police amid response 'misconception'",1,12,107
https://www.foxnews.com/sports/trump-arrives-alabama-georgia-game-chants-usa-four-more-years,"Trump arrives at Alabama Georgia game to chants of 'USA,' 'Four more years'",FoxNews,"Trump arrives at Alabama Georgia game to chants of 'USA,' 'Four more years'",1,13,75
https://www.foxnews.com/sports/san-jose-state-volleyball-player-center-womens-sports-controversy-spikes-ball-opponents-face.print,San Jose State volleyball player at the center of women's sports controversy spikes ball in opponent’s face,FoxNews,San Jose State volleyball player at the center of women's sports controversy spikes ball in opponent’s face,1,17,107
https://www.nbcnews.com/politics/justice-department/oath-keepers-jan-6-seditious-conspiracy-trial-jury-begins-deliberating-rcna58070,Jury to begin deliberating in Oath Keepers' Jan. 6 seditious conspiracy trial,NBC,Jury to begin deliberating in Oath Keepers' Jan. 6 seditious conspiracy trial,0,12,77
https://www.foxnews.com/politics/trump-announces-operation-aurora-target-illegal-immigrant-gang-members-colorado,Trump announces 'Operation Aurora' to target illegal immigrant gang members in Colorado,FoxNews,Trump announces 'Operation Aurora' to target illegal immigrant gang members in Colorado,1,12,87
https://www.foxnews.com/politics/pentagon-sending-few-thousand-us-troops-middle-east-one-day-after-biden-promised-he-wouldnt,Pentagon sending a ‘few thousand’ personnel to Middle East day after Biden said he wouldn’t add combat troops,FoxNews,Pentagon sending a ‘few thousand’ personnel to Middle East day after Biden said he wouldn’t add combat troops,1,18,109
https://www.nbcnews.com/politics/two-immigration-moves-underscore-2024-potency-politics-desk-rcna155492,Two immigration moves underscore the issue’s 2024 potency: From the Politics Desk,NBC,Two immigration moves underscore the issue’s 2024 potency: From the Politics Desk,0,12,81
https://www.nbcnews.com/politics/justice-department/trump-supporter-bear-spray-police-jan-6-biden-ad-plea-guilty-rcna171804,Trump fan featured in Biden ad admits assaulting officers with bear spray on Jan. 6,NBC,Trump fan featured in Biden ad admits assaulting officers with bear spray on Jan. 6,0,15,83
https://www.foxnews.com/politics/kirby-slams-hamas-chief-sinwar-the-major-obstacle-reaching-cease-fire-hostage-release-deal-israel.print,"Kirby slams Hamas chief Sinwar as 'the major obstacle' to cease fire, hostage release deal with Israel",FoxNews,"Kirby slams Hamas chief Sinwar as 'the major obstacle' to cease fire, hostage release deal with Israel",1,17,102
https://www.foxnews.com/media/james-carville-regrets-biden-running-worries-younger-generation-uninterested-politics,"James Carville regrets that Biden is running, worries younger generation uninterested in politics",FoxNews,"James Carville regrets that Biden is running, worries younger generation uninterested in politics",1,13,97
https://www.foxnews.com/politics/trump-says-biden-is-not-fit-serve-who-going-running-country-next-5-months,Trump says Biden 'is not fit to serve': 'Who is going to be running the country for the next 5 months?',FoxNews,Trump says Biden 'is not fit to serve': 'Who is going to be running the country for the next 5 months?',1,21,103
https://www.foxnews.com/media/abc-presidential-debate-moderators-david-muir-linsey-davis-fact-check-trump-5-times-0-harris.print,"ABC Presidential Debate: Moderators David Muir and Linsey Davis fact check Trump 5 times, 0 for Harris",FoxNews,"ABC Presidential Debate: Moderators David Muir and Linsey Davis fact check Trump 5 times, 0 for Harris",1,17,102
https://www.nbcnews.com/news/world/israel-activists-accuse-un-slow-response-accounts-hamas-rapes-rcna127995,Israel and activists accuse U.N. of slow response to accounts of Hamas raping women,NBC,Israel and activists accuse U.N. of slow response to accounts of Hamas raping women,0,14,83
https://www.nbcnews.com/health/health-news/jd-vance-accuses-tim-walz-lying-ivf-rcna167434,JD Vance accused Tim Walz of lying about his IVF experience. Fertility doctors say confusion is common.,NBC,JD Vance accused Tim Walz of lying about his IVF experience. Fertility doctors say confusion is common.,0,17,103
https://www.foxnews.com/politics/new-york-republican-co-sponsors-bill-defending-ivf-treatment,New York Republican co sponsors bill defending IVF treatment,FoxNews,New York Republican co sponsors bill defending IVF treatment,1,9,60
https://www.foxnews.com/us/honduran-illegal-immigrant-deported-twice-sentenced-texas-burglary-ring,"Honduran illegal immigrant deported from US twice, sentenced for leading Texas burglary ring: 'Masterminded'",FoxNews,"Honduran illegal immigrant deported from US twice, sentenced for leading Texas burglary ring: 'Masterminded'",1,14,108
https://www.foxnews.com/us/trump-assassination-suspect-wrote-chilling-letter-months-before-golf-course-plot-i-failed-you.print,Trump assassination suspect wrote chilling letter months before golf course plot,FoxNews,Trump assassination suspect wrote chilling letter months before golf course plot,1,11,80
https://www.foxnews.com/health/new-jersey-twins-matching-heart-surgeries-marfan-syndrome-diagnosis-life,New Jersey twins receive matching heart surgeries after Marfan syndrome diagnosis: 'A better life',FoxNews,New Jersey twins receive matching heart surgeries after Marfan syndrome diagnosis: 'A better life',1,14,98
https://www.foxnews.com/sports/auburn-cheeleader-knocks-down-oklahoma-player-running-onto-field-while-performing-stunts.print,Auburn cheerleader knocks down Oklahoma player running onto field while performing stunts,FoxNews,Auburn cheerleader knocks down Oklahoma player running onto field while performing stunts,1,12,89
https://www.foxnews.com/politics/biden-anti-growth-policies-slash-medicare-social-security-tax-revenue-400-900-billion-report,"Biden 'anti growth' policies will slash Medicare, Social Security tax revenue by $400 $900 billion: report",FoxNews,"Biden 'anti growth' policies will slash Medicare, Social Security tax revenue by $400 $900 billion: report",1,16,106
https://www.foxnews.com/health/fitness-class-too-loud-know-protecting-hearing-health,Fitness class too loud? What to know about protecting your hearing health,FoxNews,Fitness class too loud? What to know about protecting your hearing health,1,12,73
https://www.nbcnews.com/news/nbcblk/hurricane-helene-rips-apart-nc-farm-feeds-1500-people-food-desert-week-rcna174371,A pastor started a farm because he lived in a food desert then came the hurricane,NBC,A pastor started a farm because he lived in a food desert then came the hurricane,0,16,81
https://www.nbcnews.com/select/shopping/best-salt-for-cooking-baking-rcna138094,What’s difference between cooking salt and finishing salt? Chefs explain,NBC,What’s difference between cooking salt and finishing salt? Chefs explain,0,10,72
https://www.nbcnews.com/news/world/violence-between-israel-hamas-shows-no-sign-slowing-n1267055,"More than 70 dead as violence escalates between Israel, Hamas",NBC,"More than 70 dead as violence escalates between Israel, Hamas",0,10,61
https://www.nbcnews.com/select/shopping/best-fruit-vegetable-storage-ncna1298005,"How to store produce and keep it fresh, according to experts",NBC,"How to store produce and keep it fresh, according to experts",0,11,60
https://www.foxnews.com/politics/extreme-agenda-harris-past-record-illegal-immigration-resurfaces-after-biden-drops-out.print,'Extreme agenda': Harris’ past record on illegal immigration resurfaces after Biden drops out,FoxNews,'Extreme agenda': Harris’ past record on illegal immigration resurfaces after Biden drops out,1,13,93
https://www.foxnews.com/media/rep-clyburn-declares-support-kamala-harris-dem-nominee-biden-has-bow-out-i-support-her,Rep. Clyburn declares support for Kamala Harris as Dem nominee if Biden has to bow out: ‘I will support her',FoxNews,Rep. Clyburn declares support for Kamala Harris as Dem nominee if Biden has to bow out: ‘I will support her',1,20,108
https://www.nbcnews.com/politics/donald-trump/trump-courts-rappers-surrogates-campaign-win-voters-color-rcna157972,Trump courts rappers as surrogates for his campaign to win more voters of color,NBC,Trump courts rappers as surrogates for his campaign to win more voters of color,0,14,79
https://www.foxnews.com/us/jewish-students-uc-berkeley-fight-campus-antisemitism-not-hiding-anymore,Jewish students at UC Berkeley fight against campus antisemitism: 'We're not hiding anymore',FoxNews,Jewish students at UC Berkeley fight against campus antisemitism: 'We're not hiding anymore',1,13,92
https://www.foxnews.com/lifestyle/this-day-history-march-1-1872-majestic-yellowstone-becomes-americas-first-national-park,"On this day in history, March 1, 1872, majestic Yellowstone becomes America's first national park",FoxNews,"On this day in history, March 1, 1872, majestic Yellowstone becomes America's first national park",1,15,97
https://www.foxnews.com/politics/trump-calling-harris-comrade-top-democrat-surrogates-argue-that-boat-doesnt-float,"On Trump calling Harris 'comrade,' top Democrat surrogates argue 'that boat doesn’t float'",FoxNews,"On Trump calling Harris 'comrade,' top Democrat surrogates argue 'that boat doesn’t float'",1,13,90
https://www.foxnews.com/politics/harris-trump-deadlocked-pennsylvania-former-president-trails-blue-wall-states-poll.print,Harris and Trump deadlocked in Pennsylvania as former president trails in other 'blue wall' states: poll,FoxNews,Harris and Trump deadlocked in Pennsylvania as former president trails in other 'blue wall' states: poll,1,16,104
https://www.foxnews.com/politics/nra-conservative-legal-group-sue-democrat-governor-7-day-waiting-period-buy-guns,NRA and conservative legal group sue Democrat governor over 7 day waiting period to buy guns,FoxNews,NRA and conservative legal group sue Democrat governor over 7 day waiting period to buy guns,1,16,92
https://www.nbcnews.com/select/shopping/how-to-clean-water-bottle-rcna136195,You should be cleaning your reusable water bottle every single day,NBC,You should be cleaning your reusable water bottle every single day,0,11,66
https://www.foxnews.com/media/nate-silver-reveals-one-battleground-state-could-spell-trouble-kamala-harris,Nate Silver reveals the one battleground state that could spell trouble for Kamala Harris,FoxNews,Nate Silver reveals the one battleground state that could spell trouble for Kamala Harris,1,14,89
https://www.nbcnews.com/news/us-news/texas-woman-sought-abortion-court-order-leave-state-rcna129087,Texas Supreme Court rules against woman who sought abortion hours after she says she’ll travel out of state,NBC,Texas Supreme Court rules against woman who sought abortion hours after she says she’ll travel out of state,0,18,107
https://www.nbcnews.com/politics/justice-department/trump-indicted-federal-election-interference-case-supreme-court-immuni-rcna168503,Trump indicted again in federal election interference case following Supreme Court immunity ruling,NBC,Trump indicted again in federal election interference case following Supreme Court immunity ruling,0,13,98
https://www.nbcnews.com/politics/2024-election/kamala-harris-dispatches-heavy-hitters-boost-key-states-final-stretch-rcna174673,Harris dispatches heavy hitters to boost key states in the final stretch,NBC,Harris dispatches heavy hitters to boost key states in the final stretch,0,12,72
https://www.nbcnews.com/news/world/jacinda-ardern-says-will-resign-new-zealand-prime-minister-rcna66437,"New Zealand's Jacinda Ardern quits as leader, citing burnout",NBC,"New Zealand's Jacinda Ardern quits as leader, citing burnout",0,9,60
https://www.foxnews.com/lifestyle/meet-american-paved-way-interstate-gen-lucius-clay-master-planner-hero-nations.print,"Meet the American who paved the way for the interstate, Gen. Lucius Clay, master planner, hero of two nations",FoxNews,"Meet the American who paved the way for the interstate, Gen. Lucius Clay, master planner, hero of two nations",1,19,109
https://www.foxnews.com/us/nashville-school-shooting-audrey-hale-police-bodycams-released.print,Nashville school shooting: Audrey Hale police bodycams released,FoxNews,Nashville school shooting: Audrey Hale police bodycams released,1,8,63
https://www.nbcnews.com/health/health-news/feared-illicit-fentanyl-now-drug-choice-many-opioids-users-rcna40418,Fentanyl used to be a hidden danger of drug use. Now it's sought as a drug of choice.,NBC,Fentanyl used to be a hidden danger of drug use. Now it's sought as a drug of choice.,0,18,85
https://www.nbcnews.com/select/shopping/best-products-3b-curls-hair-ncna1238899,"Curly hair products from Olaplex, Moroccanoil and Kerastase",NBC,"Curly hair products from Olaplex, Moroccanoil and Kerastase",0,8,59
https://www.nbcnews.com/select/shopping/amazon-echo-show-15-preorder-ncna1284126,The Amazon Echo Show 15 is available for preorder,NBC,The Amazon Echo Show 15 is available for preorder,0,9,49
https://www.nbcnews.com/politics/white-house/biden-meet-indian-prime-minister-modi-white-house-rcna90391,Biden hosts Indian Prime Minister Modi at White House,NBC,Biden hosts Indian Prime Minister Modi at White House,0,9,53
https://www.foxnews.com/politics/top-five-moments-secret-service-directors-hours-long-grilling-after-trump-assassination-attempt,Top five moments from Secret Service director's hours long grilling after Trump assassination attempt,FoxNews,Top five moments from Secret Service director's hours long grilling after Trump assassination attempt,1,14,101
https://www.foxnews.com/media/actor-says-timing-documentary-former-presidents-assassination-attempt-might-seem-interesting.print,Actor says timing of documentary on former president's assassination attempt 'might seem interesting',FoxNews,Actor says timing of documentary on former president's assassination attempt 'might seem interesting',1,13,101
https://www.nbcnews.com/politics/2024-election/trump-slams-harris-call-ban-price-gouging-37-states-already-rcna167158,"Trump slams Harris' call for a price gouging ban, but 37 states already have their own",NBC,"Trump slams Harris' call for a price gouging ban, but 37 states already have their own",0,16,86
https://www.foxnews.com/media/obama-produces-first-fiction-movie-netflix-gave-extensive-notes-director-cyberattack-plot,"Barack Obama produces first fiction movie for Netflix, gave extensive notes to director for cyberattack plot",FoxNews,"Barack Obama produces first fiction movie for Netflix, gave extensive notes to director for cyberattack plot",1,16,108
https://www.foxnews.com/politics/bidens-border-crisis-wreaking-havoc-k-12-schools-says-top-gop-lawmaker,"Biden's border crisis is 'wreaking havoc' on K 12 schools, says top GOP lawmaker",FoxNews,"Biden's border crisis is 'wreaking havoc' on K 12 schools, says top GOP lawmaker",1,14,80
https://www.foxnews.com/lifestyle/this-day-history-april-2-2005-pope-john-paul-ii-dies-age-84,"On this day in history, April 2, 2005, Pope John Paul II dies at age 84",FoxNews,"On this day in history, April 2, 2005, Pope John Paul II dies at age 84",1,16,71
https://www.foxnews.com/entertainment/disney-plus-removes-access-to-classics-like-dumbo-peter-pan-for-kids-under-7-over-racist-stereotypes.print,"Disney+ removes access to classics like 'Dumbo,' 'Peter Pan' for kids under 7 over 'racist' stereotypes",FoxNews,"Disney+ removes access to classics like 'Dumbo,' 'Peter Pan' for kids under 7 over 'racist' stereotypes",1,16,103
https://www.nbcnews.com/select/shopping/how-to-clean-dishwasher-rcna154591,Your dishwasher is probably dirtier than you think here’s how to clean it,NBC,Your dishwasher is probably dirtier than you think here’s how to clean it,0,13,73
https://www.foxnews.com/politics/trump-opposes-floridas-amendment-4-which-offers-unfettered-abortion-access-its-radical,"Trump opposes Florida's Amendment 4, which offers unfettered abortion access: 'It's radical'",FoxNews,"Trump opposes Florida's Amendment 4, which offers unfettered abortion access: 'It's radical'",1,12,92
https://www.foxnews.com/us/texas-borderland-car-crash-leaves-three-people-dead-human-smuggling-attempt,Texas borderland car crash leaves three people dead in human smuggling attempt,FoxNews,Texas borderland car crash leaves three people dead in human smuggling attempt,1,12,78
https://www.foxnews.com/politics/senate-gridlock-worsen-romney-sinema-manchin-retirements-experts,"Senate gridlock could worsen with Romney, Sinema, Manchin retirements: experts",FoxNews,"Senate gridlock could worsen with Romney, Sinema, Manchin retirements: experts",1,10,78
https://www.foxnews.com/media/kamala-harris-wont-say-whether-biden-admin-has-any-sway-over-israeli-pm-netanyahu,Kamala Harris won't say whether Biden admin has any 'sway' over Israeli PM Netanyahu,FoxNews,Kamala Harris won't say whether Biden admin has any 'sway' over Israeli PM Netanyahu,1,14,84
https://www.nbcnews.com/politics/2024-election/harris-playing-safe-democrats-worry-doom-campaign-rcna173504,Harris is playing it safe. Some Democrats worry that could doom her campaign.,NBC,Harris is playing it safe. Some Democrats worry that could doom her campaign.,0,13,77
https://www.foxnews.com/media/democrats-worry-harris-cautious-media-approach-tight-2024-race-voters-deserve-better,Democrats worry about Harris' cautious media approach in tight 2024 race: 'Voters deserve better',FoxNews,Democrats worry about Harris' cautious media approach in tight 2024 race: 'Voters deserve better',1,14,97
https://www.foxnews.com/politics/how-would-president-whitmer-handle-immigration-border-crisis,"How would a President Whitmer handle immigration, border crisis?",FoxNews,"How would a President Whitmer handle immigration, border crisis?",1,9,64
https://www.nbcnews.com/politics/donald-trump/trump-says-pardon-large-portion-jan-6-rioters-rcna83873,Trump says he would pardon a 'large portion' of Jan. 6 rioters,NBC,Trump says he would pardon a 'large portion' of Jan. 6 rioters,0,12,62
https://www.nbcnews.com/politics/2024-election/biden-privately-remains-torn-defiance-acceptance-debate-rcna160274,Biden privately remains torn between defiance and acceptance amid calls to step aside,NBC,Biden privately remains torn between defiance and acceptance amid calls to step aside,0,13,85
https://www.foxnews.com/us/hamilton-college-student-admits-posting-anti-semitic-remarks-campus-new-york-state-police-say.print,"Hamilton College student admits to posting 'antisemitic remarks' on campus, New York State Police say",FoxNews,"Hamilton College student admits to posting 'antisemitic remarks' on campus, New York State Police say",1,15,101
https://www.foxnews.com/politics/americans-favor-trump-immigration-support-mass-deportation-illegal-immigrants-poll-finds,"Americans favor Trump on immigration, support mass deportation of illegal immigrants, poll finds",FoxNews,"Americans favor Trump on immigration, support mass deportation of illegal immigrants, poll finds",1,13,96
https://www.foxnews.com/politics/hardline-gop-effort-decentralize-senate-leader-authority-dashed-mcconnell-ally.print,Hard line GOP effort to decentralize Senate leader authority dashed by McConnell ally,FoxNews,Hard line GOP effort to decentralize Senate leader authority dashed by McConnell ally,1,13,85
https://www.nbcnews.com/politics/justice-department/jan-6-rioter-heart-trump-hat-confederate-flag-gets-prison-assaults-off-rcna148840,Jan. 6 rioter with 'I heart TRUMP' hat and a Confederate flag gets prison for assaults on officers,NBC,Jan. 6 rioter with 'I heart TRUMP' hat and a Confederate flag gets prison for assaults on officers,0,18,98
https://www.foxnews.com/world/how-uluburun-shipwreck-discovered-accidentally-sponge-diver.print,How the Uluburun shipwreck was discovered accidentally by a sponge diver,FoxNews,How the Uluburun shipwreck was discovered accidentally by a sponge diver,1,11,72
https://www.nbcnews.com/news/weather/two-storms-gain-strength-atlantic-devastation-hurricane-helene-rcna173799,Two more storms gain strength in Atlantic following devastation of Hurricane Helene,NBC,Two more storms gain strength in Atlantic following devastation of Hurricane Helene,0,12,83
https://www.nbcnews.com/news/clippers-star-kawhi-leonard-reportedly-indefinitely-knee-inflamaation-rcna175999,Clippers star Kawhi Leonard reportedly out indefinitely with knee inflammation,NBC,Clippers star Kawhi Leonard reportedly out indefinitely with knee inflammation,0,10,78
https://www.foxnews.com/opinion/fighting-disturbing-spiral-jew-hatred-canada.print,Fighting the disturbing spiral of Jew hatred in Canada,FoxNews,Fighting the disturbing spiral of Jew hatred in Canada,1,9,54
https://www.foxnews.com/world/russia-launches-one-deadliest-strikes-against-ukraine-killing-41-zelenskyy,"Russia launches one of deadliest strikes against Ukraine, killing 41: Zelenskyy",FoxNews,"Russia launches one of deadliest strikes against Ukraine, killing 41: Zelenskyy",1,11,79
https://www.foxnews.com/media/levin-blm-endorsement-cuban-dictatorship,"Levin blasts BLM's endorsement of Cuban dictatorship, media's history of ‘friendliness’ to autocrats",FoxNews,"Levin blasts BLM's endorsement of Cuban dictatorship, media's history of ‘friendliness’ to autocrats",1,13,100
https://www.nbcnews.com/select/shopping/cyber-monday-2022-amazon-deals-ncna1301378,40+ best ongoing Cyber Monday 2022 deals on Amazon,NBC,40+ best ongoing Cyber Monday 2022 deals on Amazon,0,9,50
https://www.nbcnews.com/news/world/iran-saudi-arabia-truce-washington-standing-rcna74402,What does the Iran Saudi Arabia truce mean for Washington’s standing on the global stage?,NBC,What does the Iran Saudi Arabia truce mean for Washington’s standing on the global stage?,0,15,89
https://www.foxnews.com/travel/us-spots-where-you-can-mine-diamonds-gemstones.print,US spots where you can mine for diamonds and gemstones,FoxNews,US spots where you can mine for diamonds and gemstones,1,10,54
https://www.nbcnews.com/politics/justice-department/russian-money-was-funneled-right-wing-creators-trump-media-outlet-pros-rcna169611,"Russian money was funneled to right wing creators through a pro Trump media outlet, prosecutors say",NBC,"Russian money was funneled to right wing creators through a pro Trump media outlet, prosecutors say",0,16,99
https://www.nbcnews.com/select/shopping/best-grill-grilling-accessories-ncna1236602,"15 best grilling accessories, according to food experts",NBC,"15 best grilling accessories, according to food experts",0,8,55
https://www.foxnews.com/world/iran-remembers-hamas-leader-yahya-sinwar-martyr-model-youth-children.print,Iran remembers Hamas leader Yahya Sinwar as a 'martyr' and 'model for the youth and children',FoxNews,Iran remembers Hamas leader Yahya Sinwar as a 'martyr' and 'model for the youth and children',1,16,93
https://www.foxnews.com/us/acting-secret-service-director-tells-lawmakers-site-trump-assassination-attempt-problematic,Acting Secret Service director briefs lawmakers on Trump assassination attempt ahead of public report,FoxNews,Acting Secret Service director briefs lawmakers on Trump assassination attempt ahead of public report,1,14,101
https://www.foxnews.com/media/kamala-harris-getting-overwhelmingly-positive-media-coverage-since-emerging-nominee-study,Kamala Harris getting overwhelmingly positive media coverage since emerging as nominee: Study,FoxNews,Kamala Harris getting overwhelmingly positive media coverage since emerging as nominee: Study,1,12,93
https://www.nbcnews.com/news/world/live-blog/israel-hamas-war-live-updates-relief-hostage-release-gaza-border-set-o-rcna121527,First aid crosses into Gaza from Egypt,NBC,First aid crosses into Gaza from Egypt,0,7,38
https://www.foxnews.com/entertainment/taylor-swift-steals-nyc-spotlight-dinner-blake-lively-sophie-turner-brittany-mahomes,"Taylor Swift steals NYC spotlight during dinner with Blake Lively, Sophie Turner and Brittany Mahomes",FoxNews,"Taylor Swift steals NYC spotlight during dinner with Blake Lively, Sophie Turner and Brittany Mahomes",1,15,101
https://www.nbcnews.com/news/world/israel-stand-alone-netanyahu-biden-rafah-weapons-hamas-rcna151608,U.S. still sending some weapons to Israel despite Biden's Rafah warning,NBC,U.S. still sending some weapons to Israel despite Biden's Rafah warning,0,11,71
https://www.foxnews.com/entertainment/elvis-presley-rock-and-roll,Remembering Elvis Presley on his birthday: The legacy of the king of rock and roll,FoxNews,Remembering Elvis Presley on his birthday: The legacy of the king of rock and roll,1,15,82
https://www.foxnews.com/food-drink/wine-drinkers-dinosaurs-thank-60m-year-old-grape-fossils-found-scientists,Wine drinkers may have dinosaurs to thank after 60M year old grape fossil seeds are found by scientists,FoxNews,Wine drinkers may have dinosaurs to thank after 60M year old grape fossil seeds are found by scientists,1,18,103
https://www.foxnews.com/media/the-washington-post-elon-musk-war-twitter-takeover,The Washington Post wages war on Elon Musk as he takes over Twitter,FoxNews,The Washington Post wages war on Elon Musk as he takes over Twitter,1,13,67
https://www.foxnews.com/media/tensions-allegedly-rise-between-biden-white-house-harris-campaign-too-much-feelings,Tensions allegedly rise between Biden White House and Harris campaign: 'Too much in their feelings',FoxNews,Tensions allegedly rise between Biden White House and Harris campaign: 'Too much in their feelings',1,15,99
https://www.foxnews.com/media/cbs-tarred-feathered-admitting-existence-hunter-bidens-laptop-two-years-after-new-york-post-report,CBS tarred and feathered for admitting existence of Hunter Biden’s laptop two years after New York Post report,FoxNews,CBS tarred and feathered for admitting existence of Hunter Biden’s laptop two years after New York Post report,1,18,110
https://www.nbcnews.com/politics/2024-election/ron-desantis-super-pac-taking-financial-pressure-campaign-rcna120160,How Ron DeSantis’ super PAC is taking financial pressure off his campaign,NBC,How Ron DeSantis’ super PAC is taking financial pressure off his campaign,0,12,73
https://www.foxnews.com/health/ask-doctor-why-keep-eating-foods-know-bad-me,Ask a doctor: ‘Why do I keep eating foods that I know are bad for me?’,FoxNews,Ask a doctor: ‘Why do I keep eating foods that I know are bad for me?’,1,16,70
https://www.foxnews.com/politics/schumer-coins-trump-shutdown-slamming-gop-amid-spending-fight.print,"Schumer coins 'Trump shutdown,' slamming GOP amid spending fight",FoxNews,"Schumer coins 'Trump shutdown,' slamming GOP amid spending fight",1,9,64
https://www.foxnews.com/travel/airline-passengers-could-removed-flights-going-barefoot-etiquette-expert-weighs,Airline passengers could be removed from flights for going barefoot: Etiquette expert weighs in,FoxNews,Airline passengers could be removed from flights for going barefoot: Etiquette expert weighs in,1,14,95
https://www.nbcnews.com/politics/donald-trump/judge-narrows-election-interference-case-trump-georgia-rcna170898,Judge narrows election interference case against Trump in Georgia,NBC,Judge narrows election interference case against Trump in Georgia,0,9,65
https://www.foxnews.com/media/kamala-harris-repeatedly-pivots-trump-when-grilled-immigration-record-fox-news-interview.print,Kamala Harris repeatedly pivots to Trump when grilled on immigration record in interview,FoxNews,Kamala Harris repeatedly pivots to Trump when grilled on immigration record in interview,1,13,88
https://www.nbcnews.com/news/world/israel-hamas-war-images-palestinians-stripped-blindfolded-gaza-rcna128685,"Stripped, blindfolded and ‘humiliated’: Images show dozens of Palestinian men detained by Israeli forces in Gaza",NBC,"Stripped, blindfolded and ‘humiliated’: Images show dozens of Palestinian men detained by Israeli forces in Gaza",0,16,112
https://www.foxnews.com/lifestyle/this-day-history-august-10-declaration-independence-reaches-london,"On this day in history, August 10, 1776, Declaration of Independence reaches London",FoxNews,"On this day in history, August 10, 1776, Declaration of Independence reaches London",1,13,83
https://www.foxnews.com/politics/bipartisan-commission-study-trump-assassination-attempt-teed-up-house-vote,Bipartisan commission to study Trump assassination attempt teed up for House vote,FoxNews,Bipartisan commission to study Trump assassination attempt teed up for House vote,1,12,81
https://www.foxnews.com/travel/replica-anne-frank-hidden-annex-unveiled-new-york-city,Full scale replica of Anne Frank's hidden annex to be unveiled in New York City,FoxNews,Full scale replica of Anne Frank's hidden annex to be unveiled in New York City,1,15,79
https://www.nbcnews.com/news/world/live-blog/israel-hamas-war-live-updates-rcna134440/rcrd31345?canonicalCard=true,Israeli military indicates it searched Gaza cemetery for bodies of hostages,NBC,Israeli military indicates it searched Gaza cemetery for bodies of hostages,0,11,75
https://www.foxnews.com/politics/republicans-probe-ccp-tied-nonprofit-funneling-money-us-eco-groups,Republicans probe CCP tied nonprofit funneling money to US eco groups,FoxNews,Republicans probe CCP tied nonprofit funneling money to US eco groups,1,11,69
https://www.foxnews.com/politics/flashback-da-harris-plan-prosecute-drug-dealers-starting-third-offense-shot-down-police,Flashback: DA Harris' plan to prosecute drug dealers starting on their 3rd offense shot down by police,FoxNews,Flashback: DA Harris' plan to prosecute drug dealers starting on their 3rd offense shot down by police,1,17,102
https://www.foxnews.com/entertainment/americas-got-talent-judge-simon-cowells-fiancee-pushes-workaholic-star-do-normal-things,'America’s Got Talent’ judge Simon Cowell’s fiancée pushes ‘workaholic’ star to do ‘normal things’,FoxNews,'America’s Got Talent’ judge Simon Cowell’s fiancée pushes ‘workaholic’ star to do ‘normal things’,1,14,98
https://www.foxnews.com/entertainment/ozzy-osbourne-admits-taking-antidepressants-effect-bedroom,Ozzy Osbourne admits taking antidepressants had an effect in the bedroom,FoxNews,Ozzy Osbourne admits taking antidepressants had an effect in the bedroom,1,11,72
https://www.foxnews.com/lifestyle/american-invented-electric-guitar-rock-roll.print,Meet the American who invented the electric guitar and inspired rock 'n' roll,FoxNews,Meet the American who invented the electric guitar and inspired rock 'n' roll,1,13,77
https://www.nbcnews.com/news/world/palestinian-president-mahmoud-abbas-cuts-security-ties-israel-over-west-n1211416,Palestinian president cuts security ties with Israel over West Bank annexation plans,NBC,Palestinian president cuts security ties with Israel over West Bank annexation plans,0,12,84
https://www.foxnews.com/politics/biden-harris-border-crisis-victims-illegal-immigrant-crime-testify-house-hearing.print,Biden Harris border crisis: Mother of Jocelyn Nungaray gives emotional testimony during migrant crime hearing,FoxNews,Biden Harris border crisis: Mother of Jocelyn Nungaray gives emotional testimony during migrant crime hearing,1,15,109
https://www.nbcnews.com/politics/justice-department/jan-6-participant-identified-nearly-two-years-ago-arrested-obama-resid-rcna91915,"Jan. 6 participant, identified nearly two years ago, is arrested near Obama home",NBC,"Jan. 6 participant, identified nearly two years ago, is arrested near Obama home",0,13,80
https://www.nbcnews.com/politics/2024-election/live-blog/trump-harris-presidential-election-live-updates-rcna169724,Election 2024: Trump is noncommittal on the prospect of a second presidential debate with Harris,NBC,Election 2024: Trump is noncommittal on the prospect of a second presidential debate with Harris,0,15,96
https://www.foxnews.com/politics/trump-rolls-out-2024-trade-policy-tax-china-build-up-america-reward-us-producers,"Trump rolls out 2024 trade policy that would 'tax China to build up America,' reward US producers",FoxNews,"Trump rolls out 2024 trade policy that would 'tax China to build up America,' reward US producers",1,17,97
https://www.nbcnews.com/business/consumer/how-ai-artificial-intelligence-fights-taxpayer-fraud-treasury-dept-rcna175916,Treasury Department now using AI to save taxpayers billions,NBC,Treasury Department now using AI to save taxpayers billions,0,9,59
https://www.nbcnews.com/news/nbcblk/trump-comments-kamala-harris-race-multiracial-voters-2024-election-rcna164856,Mixed race voters say Donald Trump’s attacks on Kamala Harris’ race are painfully familiar,NBC,Mixed race voters say Donald Trump’s attacks on Kamala Harris’ race are painfully familiar,0,14,90
https://www.nbcnews.com/politics/2024-election/nebraska-supreme-court-rules-convicted-felons-completed-sentences-can-rcna175676,Nebraska Supreme Court rules convicted felons who completed their sentences can vote,NBC,Nebraska Supreme Court rules convicted felons who completed their sentences can vote,0,12,84
https://www.foxnews.com/politics/harris-once-boasted-behind-scenes-work-get-every-trans-inmate-access-gender-surgeries,Harris once boasted of 'behind the scenes' work to get 'every' trans inmate access to gender surgeries,FoxNews,Harris once boasted of 'behind the scenes' work to get 'every' trans inmate access to gender surgeries,1,17,102
https://www.nbcnews.com/politics/justice-department/texas-man-lit-match-capitol-prosecutor-tells-jurors-first-jan-6-trial-rcna18189,"Texas man 'lit the match' at Capitol, prosecutor tells jurors in first Jan. 6 trial",NBC,"Texas man 'lit the match' at Capitol, prosecutor tells jurors in first Jan. 6 trial",0,15,83
https://www.foxnews.com/politics/pittsburgh-diners-fume-after-restaurant-cleared-staged-harris-campaign-stop-mindboggling.print,Pittsburgh diners fume over ‘staged’ Harris campaign stop as popular restaurant cleared: ‘Mind boggling’,FoxNews,Pittsburgh diners fume over ‘staged’ Harris campaign stop as popular restaurant cleared: ‘Mind boggling’,1,14,104
https://www.nbcnews.com/news/world/israel-hostage-hamas-gaza-palestinians-peace-naama-levy-rcna153660,'I have friends in Palestine': Israeli hostage's plea to her Hamas captors lays bare yearning for peace,NBC,'I have friends in Palestine': Israeli hostage's plea to her Hamas captors lays bare yearning for peace,0,17,103
https://www.nbcnews.com/news/world/israel-united-arab-emirates-agree-full-normalization-relations-n1236606,"Israel, United Arab Emirates agree to full normalization of relations",NBC,"Israel, United Arab Emirates agree to full normalization of relations",0,10,69
https://www.nbcnews.com/politics/2024-election/republicans-spend-100-million-iowa-ads-come-rcna130856,"Republicans spend over $100 million on Iowa ads, with more to come",NBC,"Republicans spend over $100 million on Iowa ads, with more to come",0,12,66
https://www.foxnews.com/politics/bernie-sanders-silent-cuban-pro-democracy-uprisings-praising-fidel-castros-communist-policies,Bernie Sanders silent on Cuban pro freedom uprisings after praising Fidel Castro's communist policies,FoxNews,Bernie Sanders silent on Cuban pro freedom uprisings after praising Fidel Castro's communist policies,1,14,101
https://www.nbcnews.com/news/us-news/bullet-found-bodies-2-indiana-teens-delphi-killings-linked-suspects-gu-rcna59235,"Bullet found near bodies of 2 Indiana teens in Delphi killings linked to suspect’s gun, officials say",NBC,"Bullet found near bodies of 2 Indiana teens in Delphi killings linked to suspect’s gun, officials say",0,17,101
https://www.foxnews.com/us/trump-harris-presidential-debate-philadelphia-under-biden-saw-cops-kids-shot-alleged-savage-offenders-freed,"Trump Harris presidential debate: Philadelphia under Biden saw cops, kids shot, alleged savage offenders freed",FoxNews,"Trump Harris presidential debate: Philadelphia under Biden saw cops, kids shot, alleged savage offenders freed",1,15,110
https://www.nbcnews.com/politics/2024-election/live-blog/harris-trump-presidential-election-live-updates-rcna172152/rcrd56258?canonicalCard=true,Trump urges supporters to vote early while calling process 'stupid',NBC,Trump urges supporters to vote early while calling process 'stupid',0,10,67
https://www.nbcnews.com/politics/2020-election/judge-says-mike-lindell-must-pay-5-million-man-won-prove-mike-wrong-ch-rcna139986,Judge says Mike Lindell must pay $5 million to man who won his 'Prove Mike Wrong' challenge,NBC,Judge says Mike Lindell must pay $5 million to man who won his 'Prove Mike Wrong' challenge,0,17,91
https://www.foxnews.com/opinion/bidens-title-ix-disaster-latest-plan-destroy-left-countrys-moral-foundations,Biden's Title IX rule disaster latest in plan to destroy what's left of our country's moral foundations,FoxNews,Biden's Title IX rule disaster latest in plan to destroy what's left of our country's moral foundations,1,17,103
https://www.nbcnews.com/politics/justice-department/jan-6-participant-arrested-hours-long-standoff-fbi-rcna63035,Jan. 6 participant arrested after hourslong standoff with the FBI,NBC,Jan. 6 participant arrested after hourslong standoff with the FBI,0,10,65
https://www.nbcnews.com/news/asian-america/harris-trump-poll-asian-american-voters-rcna172255,"Harris leads Trump by almost 40 points among Asian American voters, a new poll shows",NBC,"Harris leads Trump by almost 40 points among Asian American voters, a new poll shows",0,15,84
https://www.foxnews.com/world/israels-ground-invasion-lebanon-imminent-cabinet-approves-next-phase-war.print,Israel's ground invasion into Lebanon imminent as cabinet approves next phase of the war,FoxNews,Israel's ground invasion into Lebanon imminent as cabinet approves next phase of the war,1,14,88
https://www.nbcnews.com/news/asian-america/bts-v-pens-letter-jungkook-jimin-final-two-members-joining-south-korea-rcna129288,"BTS’ V pens letter as Jungkook and Jimin, final two members joining South Korean military, begin service",NBC,"BTS’ V pens letter as Jungkook and Jimin, final two members joining South Korean military, begin service",0,17,104
https://www.foxnews.com/media/cnn-data-guru-says-donald-trump-very-much-ball-game-despite-harris-polling-gains,CNN data guru says Donald Trump 'very much in this ball game' despite Harris' polling gains,FoxNews,CNN data guru says Donald Trump 'very much in this ball game' despite Harris' polling gains,1,16,91
https://www.nbcnews.com/news/world/netanyahu-israel-judicial-overhaul-protests-civil-war-rcna97235,"Netanyahu: Israel is not heading toward civil war, judicial changes ‘necessary’",NBC,"Netanyahu: Israel is not heading toward civil war, judicial changes ‘necessary’",0,11,79
https://www.foxnews.com/us/feasting-like-royalty-chicago-dnc-held-fortified-castle-walled-off-from-reality-former-chief,"'Feasting' like royalty, Chicago DNC held in fortified castle walled off from reality: former chief",FoxNews,"'Feasting' like royalty, Chicago DNC held in fortified castle walled off from reality: former chief",1,15,99
https://www.foxnews.com/entertainment/man-arrested-morgan-wallen-concert-making-terrorist-threat-against-kansas-city-chiefs-stars,Man arrested at Morgan Wallen concert for allegedly making 'terrorist threat' against Kansas City Chiefs stars,FoxNews,Man arrested at Morgan Wallen concert for allegedly making 'terrorist threat' against Kansas City Chiefs stars,1,16,110
https://www.nbcnews.com/media/fox-news-settles-dominion-defamation-lawsuit-rcna80285,and Dominion reach $787.5 million settlement in defamation lawsuit,NBC,and Dominion reach $787.5 million settlement in defamation lawsuit,0,9,66
https://www.foxnews.com/media/marco-rubio-cuba-fight-socialist-government-leaders-evil-incompetent.print,"Marco Rubio defends Cuba’s fight against failed socialist government: Leaders are 'evil,' 'incompetent'",FoxNews,"Marco Rubio defends Cuba’s fight against failed socialist government: Leaders are 'evil,' 'incompetent'",1,13,103
https://www.foxnews.com/travel/us-record-breaking-roller-coasters,"Record breaking roller coasters that are the highest, fastest, longest, steepest, most expensive in the US",FoxNews,"Record breaking roller coasters that are the highest, fastest, longest, steepest, most expensive in the US",1,16,106
https://www.nbcnews.com/select/shopping/best-pet-hair-removal-tools-ncna1266293,The best ways to keep your home free of pet hair,NBC,The best ways to keep your home free of pet hair,0,11,48
https://www.foxnews.com/opinion/biden-clearly-poor-health-deserve-honest-transparent-report,Biden is clearly in poor health. We deserve an honest and transparent report,FoxNews,Biden is clearly in poor health. We deserve an honest and transparent report,1,13,76
https://www.nbcnews.com/news/world/putin-xi-agree-deepen-partnership-russia-advances-ukraine-war-rcna152528,Putin and Xi vow to deepen 'no limits' partnership as Russia advances in Ukraine,NBC,Putin and Xi vow to deepen 'no limits' partnership as Russia advances in Ukraine,0,14,80
https://www.nbcnews.com/news/asian-america/korean-adoptees-adoption-fraud-rcna172247,"Adoption fraud was widespread for many South Koreans adopted into Western countries, AP finds",NBC,"Adoption fraud was widespread for many South Koreans adopted into Western countries, AP finds",0,14,93
https://www.nbcnews.com/politics/2024-election/litigation-certainty-trumps-call-end-birthright-citizenship-face-mount-rcna162314,'Litigation is a certainty': Trump's call to end birthright citizenship would face a mountain of opposition,NBC,'Litigation is a certainty': Trump's call to end birthright citizenship would face a mountain of opposition,0,16,107
https://www.nbcnews.com/news/us-news/-hamas-group-helped-organize-college-protests-sham-charity-treasury-sa-rcna175529,"Pro Hamas group that helped organize college protests is a 'sham charity,' Treasury says",NBC,"Pro Hamas group that helped organize college protests is a 'sham charity,' Treasury says",0,14,88
https://www.nbcnews.com/news/world/prigozhin-plane-crash-what-we-know-video-flight-radar-rcna101557,"Videos, flight data show plane crash believed to have killed Prigozhin",NBC,"Videos, flight data show plane crash believed to have killed Prigozhin",0,11,70
https://www.nbcnews.com/tech/internet/republican-bot-campaign-trump-x-twitter-elon-musk-fake-accounts-rcna173692,"An AI powered bot army on X spread pro Trump and pro GOP propaganda, research shows",NBC,"An AI powered bot army on X spread pro Trump and pro GOP propaganda, research shows",0,16,83
https://www.foxnews.com/politics/harris-slammed-pledging-millions-lebanon-north-carolina-suffers.print,Harris slammed for pledging millions to Lebanon as North Carolina suffers,FoxNews,Harris slammed for pledging millions to Lebanon as North Carolina suffers,1,11,73
https://www.foxnews.com/entertainment/liam-paynes-one-direction-bandmate-shares-heartbreaking-final-moments-together-argentina,Liam Payne’s One Direction bandmate shares ‘heartbreaking’ final moments together in Argentina,FoxNews,Liam Payne’s One Direction bandmate shares ‘heartbreaking’ final moments together in Argentina,1,12,94
https://www.foxnews.com/politics/republican-dave-mccormick-launches-bid-vulnerable-senate-seat-battleground-state,Republican Dave McCormick launches bid for vulnerable Senate seat in battleground state,FoxNews,Republican Dave McCormick launches bid for vulnerable Senate seat in battleground state,1,12,87
https://www.foxnews.com/media/don-lemon-dropped-by-x-claims-elon-musk-retaliated-over-their-interview,"Don Lemon dropped by X, claims Elon Musk retaliated over their interview: He's 'mad at me'",FoxNews,"Don Lemon dropped by X, claims Elon Musk retaliated over their interview: He's 'mad at me'",1,16,90
https://www.foxnews.com/sports/olympic-boxer-deemed-have-male-chromosomes-wins-fight-46-seconds-opponent-left-tears-after-hard-hits,"Olympic boxer deemed to have male chromosomes wins fight in 46 seconds, opponent left in tears after hard hits",FoxNews,"Olympic boxer deemed to have male chromosomes wins fight in 46 seconds, opponent left in tears after hard hits",1,19,110
https://www.nbcnews.com/news/world/senior-hamas-leader-killed-beirut-was-key-figure-patched-ties-iran-rcna131993,Senior Hamas leader killed in Beirut was a key figure who patched up ties with Iran,NBC,Senior Hamas leader killed in Beirut was a key figure who patched up ties with Iran,0,16,83
https://www.foxnews.com/politics/abortion-rights-expand-blue-states-roe-v-wade-overturned-dobbs-decision,Abortion rights to expand in blue states after Roe v Wade overturned in Dobbs decision,FoxNews,Abortion rights to expand in blue states after Roe v Wade overturned in Dobbs decision,1,15,86
https://www.nbcnews.com/politics/politics-news/desantis-florida-school-board-endorsements-election-rcna56423,Florida's DeSantis backed school board candidates win as he declares state as 'where woke goes to die',NBC,Florida's DeSantis backed school board candidates win as he declares state as 'where woke goes to die',0,17,102
https://www.foxnews.com/politics/vulnerable-democrat-tammy-baldwins-support-sanctuary-cities-highlighted-wisconsin-ad,Vulnerable Democrat Tammy Baldwin's support of sanctuary cities highlighted in Wisconsin ad,FoxNews,Vulnerable Democrat Tammy Baldwin's support of sanctuary cities highlighted in Wisconsin ad,1,12,91
https://www.nbcnews.com/news/latino/displaced-earthquake-puerto-ricans-cope-constant-aftershocks-uncertainty-n1116706,Aftershocks rattle Puerto Rico as islanders confront new crisis,NBC,Aftershocks rattle Puerto Rico as islanders confront new crisis,0,9,63
https://www.nbcnews.com/politics/justice-department/jan-6-committee-staffers-told-preliminary-plan-final-report-focus-larg-rcna56802,"Jan. 6 committee staffers told preliminary plan for final report would focus largely on Trump, not on law enforcement failures, sources say",NBC,"Jan. 6 committee staffers told preliminary plan for final report would focus largely on Trump, not on law enforcement failures, sources say",0,22,139
https://www.nbcnews.com/select/shopping/best-amazon-travel-mugs-rcna104393,These Amazon travel mugs keep your coffee hot all morning long,NBC,These Amazon travel mugs keep your coffee hot all morning long,0,11,62
https://www.nbcnews.com/news/world/freed-hamas-hostages-come-home-find-kibbutz-destroyed-rcna128621,Freed Hamas hostages come home to find kibbutz destroyed,NBC,Freed Hamas hostages come home to find kibbutz destroyed,0,9,56
https://www.foxnews.com/world/israel-bans-un-secretary-general-over-anti-israel-actions-doesnt-deserve-set-foot-israeli-soil,Israel bans UN secretary general over anti Israel actions: 'Doesn't deserve to set foot on Israeli soil',FoxNews,Israel bans UN secretary general over anti Israel actions: 'Doesn't deserve to set foot on Israeli soil',1,17,104
https://www.foxnews.com/politics/california-sues-beach-city-voter-id-law-backed-majority-residents,California sues beach city over voter ID law backed by majority of residents,FoxNews,California sues beach city over voter ID law backed by majority of residents,1,13,76
https://www.foxnews.com/politics/migrant-controversy-hits-heartland-alabama-council-meeting-boils-over-state-officials-slam-feds-mess,"Migrant controversy hits heartland as Alabama council meeting boils over, state officials slam feds' 'mess'",FoxNews,"Migrant controversy hits heartland as Alabama council meeting boils over, state officials slam feds' 'mess'",1,15,107
https://www.foxnews.com/us/florida-homeowners-fear-soaring-insurance-cost-hurricanes,Florida homeowners fear soaring insurance cost after hurricanes,FoxNews,Florida homeowners fear soaring insurance cost after hurricanes,1,8,63
https://www.foxnews.com/politics/georgia-high-court-restores-states-six-week-heartbeat-abortion-law,Georgia high court restores state's 6 week 'heartbeat' abortion law,FoxNews,Georgia high court restores state's 6 week 'heartbeat' abortion law,1,10,67
https://www.nbcnews.com/business/business-news/cvs-replaces-ceo-profits-share-price-suffer-rcna176072,"CVS replaces CEO as profits, share price suffer",NBC,"CVS replaces CEO as profits, share price suffer",0,8,47
https://www.foxnews.com/lifestyle/back-to-school-numbers-key-stats-students-teachers-school-year,"Back to school by the numbers: Key stats about students, teachers and the school year",FoxNews,"Back to school by the numbers: Key stats about students, teachers and the school year",1,15,85
https://www.nbcnews.com/news/world/india-election-modi-bjp-lost-majority-election-surprise-rcna155557,How Modi lost his magic and his majority in India election surprise,NBC,How Modi lost his magic and his majority in India election surprise,0,12,67
https://www.foxnews.com/lifestyle/st-patricks-day-origins-beyond-drowning-the-shamrock,St. Patrick's Day: The history behind the holiday in the United States,FoxNews,St. Patrick's Day: The history behind the holiday in the United States,1,12,70
https://www.foxnews.com/sports/chargers-take-aim-chiefs-harrison-butker-schedule-release-video-depicting-kicker-kitchen,Chargers take aim at Chiefs’ Harrison Butker in schedule release video by depicting kicker in the kitchen,FoxNews,Chargers take aim at Chiefs’ Harrison Butker in schedule release video by depicting kicker in the kitchen,1,17,105
https://www.nbcnews.com/politics/donald-trump/judge-denies-trump-bid-dismiss-classified-documents-case-using-preside-rcna146460,Judge denies Trump bid to dismiss classified documents case using Presidential Records Act,NBC,Judge denies Trump bid to dismiss classified documents case using Presidential Records Act,0,13,90
https://www.foxnews.com/media/trump-vows-end-all-sanctuary-cities-restore-normalcy-faulkner-focus-town-hall-female-voters,"Trump vows to 'end all sanctuary cities,' restore 'normalcy' at 'Faulkner Focus' town hall with female voters",FoxNews,"Trump vows to 'end all sanctuary cities,' restore 'normalcy' at 'Faulkner Focus' town hall with female voters",1,17,109
https://www.nbcnews.com/politics/politics-news/kristi-noem-faces-lawsuit-promoting-texas-dentist-social-media-rcna143325,Kristi Noem faces lawsuit after promoting Texas dentist on social media,NBC,Kristi Noem faces lawsuit after promoting Texas dentist on social media,0,11,71
https://www.nbcnews.com/news/world/netanyahu-speech-congress-israel-hostage-families-gaza-hamas-rcna163581,"Netanyahu's speech was cheered in Congress, decried by hostage families back home",NBC,"Netanyahu's speech was cheered in Congress, decried by hostage families back home",0,12,81
https://www.foxnews.com/us/columbia-anti-israel-agitators-reach-crescendo-intimidation-school-suffers-latest-black-eye,Columbia anti Israel agitators to reach ‘crescendo of intimidation’ as school suffers latest black eye,FoxNews,Columbia anti Israel agitators to reach ‘crescendo of intimidation’ as school suffers latest black eye,1,15,102
https://www.foxnews.com/politics/trump-quickly-moves-define-harris-more-left-than-bernie-sanders,Trump quickly moves to define Harris as 'more left than Bernie Sanders',FoxNews,Trump quickly moves to define Harris as 'more left than Bernie Sanders',1,12,71
https://www.nbcnews.com/select/shopping/best-face-washes-acne-ncna1269588,These face washes use ingredients like salicylic acid and benzoyl peroxide to clear acne,NBC,These face washes use ingredients like salicylic acid and benzoyl peroxide to clear acne,0,14,88
https://www.nbcnews.com/politics/2024-election/live-blog/election-2024-live-updates-rcna131517/rcrd29050?canonicalCard=true,Florida Supreme Court will hear GOP challenge to proposed amendment on abortion,NBC,Florida Supreme Court will hear GOP challenge to proposed amendment on abortion,0,12,79
https://www.nbcnews.com/tech/security/meta-says-broke-chinese-influence-operation-looking-exploit-us-politic-rcna127181,Meta says it broke up Chinese influence operation looking to exploit U.S. political divisions,NBC,Meta says it broke up Chinese influence operation looking to exploit U.S. political divisions,0,14,93
https://www.foxnews.com/politics/nearly-200-gop-lawmakers-blast-bidens-epa-targeting-farmers-ranchers-egregious-federal-overreach,"Nearly 200 GOP lawmakers blast Biden's EPA for targeting farmers, ranchers: 'Egregious federal overreach'",FoxNews,"Nearly 200 GOP lawmakers blast Biden's EPA for targeting farmers, ranchers: 'Egregious federal overreach'",1,14,105
https://www.nbcnews.com/select/shopping/best-gifts-for-her-rcna119276,37+ gifts any woman in your life will love,NBC,37+ gifts any woman in your life will love,0,9,42
https://www.foxnews.com/media/david-axelrod-cautions-against-overconfidence-kamala-harris-its-electoral-college-fight,David Axelrod cautions against overconfidence in Kamala Harris: 'It's an Electoral College fight',FoxNews,David Axelrod cautions against overconfidence in Kamala Harris: 'It's an Electoral College fight',1,13,97
https://www.nbcnews.com/health/health-news/long-helene-iv-fluid-shortages-plagued-hospitals-rcna175563,"Long before Helene, IV fluid shortages plagued hospitals",NBC,"Long before Helene, IV fluid shortages plagued hospitals",0,8,56
https://www.foxnews.com/politics/trump-camp-thanks-wh-confirming-theres-no-daylight-between-harris-biden-kamala-created-mess,"Trump camp thanks WH for confirming there's 'no daylight' between Harris, Biden: 'Kamala created this mess'",FoxNews,"Trump camp thanks WH for confirming there's 'no daylight' between Harris, Biden: 'Kamala created this mess'",1,16,107
https://www.nbcnews.com/select/shopping/best-amazon-sleep-products-ncna1305247,11 Amazon sleep products to help you fall asleep and wake up energized,NBC,11 Amazon sleep products to help you fall asleep and wake up energized,0,13,70
https://www.foxnews.com/politics/ms-13-gang-member-suspected-murder-allowed-attend-maryland-high-school,MS 13 gang member suspected of murder allowed to attend Maryland high school,FoxNews,MS 13 gang member suspected of murder allowed to attend Maryland high school,1,13,76
https://www.foxnews.com/media/one-battleground-state-voters-reveal-presidential-candidate-prefer-economy,'There's only one': Battleground state voters reveal which presidential candidate they prefer on the economy,FoxNews,'There's only one': Battleground state voters reveal which presidential candidate they prefer on the economy,1,15,108
https://www.nbcnews.com/select/shopping/aapi-owned-food-beverage-brands-ncna1305682,201+ AAPI owned businesses to support in 2025 and beyond,NBC,201+ AAPI owned businesses to support in 2025 and beyond,0,10,56
https://www.nbcnews.com/select/shopping/editors-picks-may-ncna1305473,19+ products our editors bought in May that we can’t stop talking about,NBC,19+ products our editors bought in May that we can’t stop talking about,0,13,71
https://www.foxnews.com/entertainment/elvis-top-gun-maverick-tie-no-1-box-office-spot,'Elvis' takes No. 1 after tie with 'Top Gun: Maverick',FoxNews,'Elvis' takes No. 1 after tie with 'Top Gun: Maverick',1,10,54
https://www.foxnews.com/world/russia-transfers-heavy-military-equipment-crimea-fighting-intensifies-donetsk,Russia transfers heavy military equipment to Crimea as fighting intensifies in Donetsk,FoxNews,Russia transfers heavy military equipment to Crimea as fighting intensifies in Donetsk,1,12,86
https://www.foxnews.com/opinion/im-cake-artist-who-won-supreme-court-heres-why-im-still-court.print,I'm the cake artist who won at the Supreme Court. Here's why I'm still in court,FoxNews,I'm the cake artist who won at the Supreme Court. Here's why I'm still in court,1,16,79
https://www.foxnews.com/politics/john-kerry-targets-agriculture-part-climate-crusade,John Kerry targets agriculture as part of climate crusade,FoxNews,John Kerry targets agriculture as part of climate crusade,1,9,57
https://www.nbcnews.com/select/shopping/best-double-cleansing-products-rcna94713,Double cleansing can be a game changer for your skin … or make it worse. Here’s how to do it right.,NBC,Double cleansing can be a game changer for your skin … or make it worse. Here’s how to do it right.,0,21,99
https://www.nbcnews.com/politics/2024-election/josh-shapiro-says-antisemitism-played-no-role-vp-discussions-slams-tru-rcna167167,Josh Shapiro says antisemitism played no role in VP discussions and slams Trump's comments,NBC,Josh Shapiro says antisemitism played no role in VP discussions and slams Trump's comments,0,14,90
https://www.nbcnews.com/politics/2022-election/josh-shapiro-declared-winner-2022-pennsylvania-governor-midterm-electi-rcna55169,Democrat Josh Shapiro defeats Republican Doug Mastriano in Pennsylvania governor's race,NBC,Democrat Josh Shapiro defeats Republican Doug Mastriano in Pennsylvania governor's race,0,11,87
https://www.foxnews.com/health/health-happiness-helping-others-parts-free-responsible-society-founding-fathers-taught.print,"Health, happiness and helping others are vital parts of free and responsible society, Founding Fathers taught",FoxNews,"Health, happiness and helping others are vital parts of free and responsible society, Founding Fathers taught",1,16,109
https://www.nbcnews.com/politics/mideast-trip-biden-face-calls-tougher-action-iran-rcna36741,"In Mideast trip, Biden to face calls for tougher action against Iran",NBC,"In Mideast trip, Biden to face calls for tougher action against Iran",0,12,68
https://www.foxnews.com/live-news/trump-second-assassination-attempt-golf-course-ryan-routh,Investigation into second assassination attempt on Donald Trump continues,FoxNews,Investigation into second assassination attempt on Donald Trump continues,1,9,73
https://www.nbcnews.com/news/world/korea-trash-balloons-loudspeaker-broadcasts-rcna162883,South Korea responds to North’s trash balloons with loudspeaker broadcasts,NBC,South Korea responds to North’s trash balloons with loudspeaker broadcasts,0,10,74
https://www.foxnews.com/auto/jeep-saluting-u-s-military-veterans-cash-back-deal,"Jeep saluting US military and veterans with $1,000 cash back deal",FoxNews,"Jeep saluting US military and veterans with $1,000 cash back deal",1,11,65
https://www.foxnews.com/politics/dems-look-force-votes-emergency-abortion-abortion-pill-deaths-make-headlines,Dems look to force votes on emergency abortion as abortion pill deaths make headlines,FoxNews,Dems look to force votes on emergency abortion as abortion pill deaths make headlines,1,14,85
https://www.nbcnews.com/news/world/israeli-hostage-handshake-hamas-rcna121852,"After she was freed, Israeli hostage offered a handshake to her Hamas captor",NBC,"After she was freed, Israeli hostage offered a handshake to her Hamas captor",0,13,76
https://www.nbcnews.com/news/world/north-korea-kim-jong-un-calls-south-korea-foreign-hostile-country-rcna176058,"North Korea's Kim Jong Un calls South Korea a foreign, hostile country",NBC,"North Korea's Kim Jong Un calls South Korea a foreign, hostile country",0,12,70
https://www.foxnews.com/world/massacre-by-irans-terror-proxy-hezbollah-could-lead-full-blown-war-mideast.print,Massacre by Iran's terror proxy Hezbollah could lead to full blown war in Mideast,FoxNews,Massacre by Iran's terror proxy Hezbollah could lead to full blown war in Mideast,1,14,81
https://www.foxnews.com/politics/itll-upend-community-pa-town-roiled-talk-migrant-housing-civil-war-era-orphanage-building.print,'It'll upend the community': PA town roiled by talk of migrant housing in Civil War era orphanage building,FoxNews,'It'll upend the community': PA town roiled by talk of migrant housing in Civil War era orphanage building,1,18,106
https://www.nbcnews.com/news/asian-america/andy-kim-mike-crispi-north-korea-flag-rcna175890,'Not everything in life is a conspiracy': Andy Kim rejects claim he wore North Korean flag,NBC,'Not everything in life is a conspiracy': Andy Kim rejects claim he wore North Korean flag,0,16,90
https://www.foxnews.com/politics/biden-campaign-sends-all-staff-memo-hoping-calm-post-debate-concerns-report,Biden campaign sends all staff memo hoping to calm post debate concerns,FoxNews,Biden campaign sends all staff memo hoping to calm post debate concerns,1,12,71
https://www.foxnews.com/media/kamala-harris-tells-the-view-she-cant-think-anything-she-would-have-done-differently-from-biden.print,Kamala Harris tells 'The View' she can't think of anything she would have done differently from Biden,FoxNews,Kamala Harris tells 'The View' she can't think of anything she would have done differently from Biden,1,17,101
https://www.nbcnews.com/tech/social-media/facebooks-oversight-board-consider-river-sea-hate-speech-rcna151076,Facebook's Oversight Board to consider whether 'from the river to the sea' is hate speech,NBC,Facebook's Oversight Board to consider whether 'from the river to the sea' is hate speech,0,15,89
https://www.nbcnews.com/news/latino/cuba-says-us-embargo-genocidal-really-rcna1733,Cuba says the U.S. embargo is 'genocidal.' What does it really do?,NBC,Cuba says the U.S. embargo is 'genocidal.' What does it really do?,0,12,66
https://www.nbcnews.com/news/world/israel-hamas-war-hostage-deal-netanyahu-polls-families-rcna154841,"Netanyahu won’t agree to hostage deal unless it polls well for him, Israeli families say they were told",NBC,"Netanyahu won’t agree to hostage deal unless it polls well for him, Israeli families say they were told",0,18,103
https://www.foxnews.com/media/vp-harris-mocked-being-too-scared-do-interview-without-walz-she-simply-cannot-left-unattended,VP Harris mocked for being 'too scared' to do interview without Walz: 'She simply cannot be left unattended',FoxNews,VP Harris mocked for being 'too scared' to do interview without Walz: 'She simply cannot be left unattended',1,18,108
https://www.foxnews.com/media/latinos-shifting-trump-because-have-internalized-racism-journalist-claims,"Latinos shifting to Trump because they have 'internalized racism,' journalist claims",FoxNews,"Latinos shifting to Trump because they have 'internalized racism,' journalist claims",1,11,84
https://www.nbcnews.com/politics/donald-trump/jan-6-rioter-assaulted-police-says-was-duped-trumps-election-lies-rcna176025,Jan. 6 rioter who assaulted police says she was 'duped' by Trump's election lies,NBC,Jan. 6 rioter who assaulted police says she was 'duped' by Trump's election lies,0,14,80
https://www.foxnews.com/politics/republicans-raise-alarm-biden-admin-prepares-plan-protect-wolves-nationwide.print,Republicans raise alarm as Biden admin prepares plan to protect wolves nationwide,FoxNews,Republicans raise alarm as Biden admin prepares plan to protect wolves nationwide,1,12,81
https://www.nbcnews.com/news/world/italy-drought-ww2-bomb-water-river-po-rcna41965,WWII bomb revealed in drought hit waters of Italy’s River Po,NBC,WWII bomb revealed in drought hit waters of Italy’s River Po,0,11,60
https://www.nbcnews.com/politics/2024-election/rick-scott-debbie-mucarsel-powell-florida-primary-senate-rcna167143,GOP Sen. Rick Scott to face off against Democrat Debbie Mucarsel Powell in Florida,NBC,GOP Sen. Rick Scott to face off against Democrat Debbie Mucarsel Powell in Florida,0,14,82
https://www.nbcnews.com/news/nbcblk/country-music-typically-white-space-mickey-guyton-ready-change-it-n1234821,Country music is typically a white space. Mickey Guyton is ready to change it.,NBC,Country music is typically a white space. Mickey Guyton is ready to change it.,0,14,78
https://www.foxnews.com/media/he-has-way-connecting-our-people-southside-chicago-native-says-about-trump-gaining-support,'He has a way of connecting with our people': Southside Chicago resident believes Trump is gaining support,FoxNews,'He has a way of connecting with our people': Southside Chicago resident believes Trump is gaining support,1,17,106
https://www.foxnews.com/entertainment/taylor-swift-urges-super-tuesday-voters-head-polls,"Taylor Swift has message for Super Tuesday voters as Trump, Haley, Biden compete",FoxNews,"Taylor Swift has message for Super Tuesday voters as Trump, Haley, Biden compete",1,13,80
https://www.nbcnews.com/science/climate-change/evangelical-christian-environmentalists-push-climate-votes-election-rcna174018,Evangelical environmentalists push for climate votes as election nears: 'Care for God's creation',NBC,Evangelical environmentalists push for climate votes as election nears: 'Care for God's creation',0,13,97
https://www.foxnews.com/entertainment/mossimo-giannulli-prison-5-month-sentence-college-admissions-scandal,Mossimo Giannulli reports to prison to begin 5 month sentence in the college admissions scandal,FoxNews,Mossimo Giannulli reports to prison to begin 5 month sentence in the college admissions scandal,1,15,95
https://www.nbcnews.com/news/world/we-don-t-deserve-10-year-old-girl-reflects-destruction-n1267576,"Girl, 10, asks America for help from Gaza City",NBC,"Girl, 10, asks America for help from Gaza City",0,9,46
https://www.foxnews.com/politics/trump-says-kamala-harris-not-participate-fox-news-debate-sept-4,Trump says Kamala Harris will not participate in debate on Sept. 4,FoxNews,Trump says Kamala Harris will not participate in debate on Sept. 4,1,12,66
https://www.nbcnews.com/news/world/netanyahu-un-israel-antisemitism-gaza-lebanon-hezbollah-rcna172977,Netanyahu lashes out at U.N. as he defends Israel's actions in Gaza and Lebanon,NBC,Netanyahu lashes out at U.N. as he defends Israel's actions in Gaza and Lebanon,0,14,79
https://www.nbcnews.com/politics/poll-share-college-students-blaming-hamas-oct-7-attack-israel-declines-rcna149152,Share of college students blaming Hamas for Oct. 7 attack on Israel declines in new poll,NBC,Share of college students blaming Hamas for Oct. 7 attack on Israel declines in new poll,0,16,88
https://www.nbcnews.com/science/environment/heat-one-arizona-county-played-role-645-deaths-last-year-rcna143274,Heat in one Arizona county played a role in 645 deaths last year,NBC,Heat in one Arizona county played a role in 645 deaths last year,0,13,64
https://www.foxnews.com/lifestyle/meet-american-made-us-flip-hamburgers-louis-lassen-danish-immigrant-street-wagon-cook.print,"Meet the American who made us flip for hamburgers, Louis Lassen, Danish immigrant street wagon cook",FoxNews,"Meet the American who made us flip for hamburgers, Louis Lassen, Danish immigrant street wagon cook",1,16,99
https://www.nbcnews.com/politics/justice-department/proud-boys-blame-trump-defendants-prepare-find-fate-sedition-trial-rcna81234,Proud Boys blame Trump as defendants prepare to find out fate in sedition trial,NBC,Proud Boys blame Trump as defendants prepare to find out fate in sedition trial,0,14,79
https://www.nbcnews.com/news/world/live-blog/israel-hamas-war-live-updates-rcna141090/rcrd35574?canonicalCard=true,"Hundreds of desperate Gazans rush aid truck, lament little food in Gaza City",NBC,"Hundreds of desperate Gazans rush aid truck, lament little food in Gaza City",0,13,76
https://www.nbcnews.com/news/us-news/mark-cuban-leaving-shark-tank-abc-rcna126969,Mark Cuban says he plans to leave ABC's 'Shark Tank' after season 16,NBC,Mark Cuban says he plans to leave ABC's 'Shark Tank' after season 16,0,13,68
https://www.foxnews.com/media/trump-discusses-using-military-expel-illegal-immigrants-second-term-arent-civilians.print,Trump discusses using military to expel illegal immigrants in second term: 'These aren't civilians',FoxNews,Trump discusses using military to expel illegal immigrants in second term: 'These aren't civilians',1,14,99
https://www.foxnews.com/travel/hurricane-chaser-florida-says-milton-prompted-race-residents-evacuate,Hurricane chaser in Florida says Milton prompted 'race' for residents to evacuate,FoxNews,Hurricane chaser in Florida says Milton prompted 'race' for residents to evacuate,1,12,81
https://www.nbcnews.com/politics/2024-election/live-blog/dnc-2024-live-updates-rcna165226/rcrd52513?canonicalCard=true,Police make at least one arrest after some protesters breached a barricade and refused to leave,NBC,Police make at least one arrest after some protesters breached a barricade and refused to leave,0,16,95
https://www.nbcnews.com/news/asian-america/narendra-modi-india-election-us-opinion-rcna155712,"After election setbacks, Narendra Modi's image in the U.S. is more important than ever",NBC,"After election setbacks, Narendra Modi's image in the U.S. is more important than ever",0,14,86
https://www.foxnews.com/politics/top-handicapper-gives-gops-tim-sheehy-edge-against-democrat-jon-tester-montana-race-shift.print,Top handicapper gives GOP's Tim Sheehy edge against Democrat Jon Tester in Montana race shift,FoxNews,Top handicapper gives GOP's Tim Sheehy edge against Democrat Jon Tester in Montana race shift,1,15,93
https://www.nbcnews.com/news/world/live-blog/live-updates-hamas-israel-gaza-attack-rockets-gunmen-palestinian-rcna119316,Netanyahu vows war as attacks kill hundreds,NBC,Netanyahu vows war as attacks kill hundreds,0,7,43
https://www.nbcnews.com/news/world/israel-hezbollah-war-lebanon-unfil-peacekeepers-gaza-rcna175434,U.N. peacekeepers in Lebanon pledge not to give in to Israeli demands to 'get out of harm's way',NBC,U.N. peacekeepers in Lebanon pledge not to give in to Israeli demands to 'get out of harm's way',0,18,96
https://www.nbcnews.com/politics/2024-election/kamala-harris-michelle-obama-hit-campaign-trail-rcna175173,"Despite her call to 'do something' for Harris, Michelle Obama has yet to hit the campaign trail",NBC,"Despite her call to 'do something' for Harris, Michelle Obama has yet to hit the campaign trail",0,17,95
https://www.nbcnews.com/politics/2024-election/former-trump-official-stephanie-grisham-speak-democratic-convention-rcna167296,Former Trump official Stephanie Grisham to speak at the Democratic convention,NBC,Former Trump official Stephanie Grisham to speak at the Democratic convention,0,11,77
https://www.foxnews.com/media/border-residents-speak-out-kamala-harris-record-border-security,Border residents speak out against Kamala Harris' record on security: 'Everything is literally open',FoxNews,Border residents speak out against Kamala Harris' record on security: 'Everything is literally open',1,14,100
https://www.nbcnews.com/news/world/iran-attack-israel-israel-war-gaza-hamas-drone-missile-rcna147784,The covert war between Israel and Iran has exploded into view. What comes next?,NBC,The covert war between Israel and Iran has exploded into view. What comes next?,0,14,79
https://www.nbcnews.com/politics/justice-department/biggest-fraud-generation-looting-covid-relief-program-known-ppp-n1279664,Theft from the Covid relief plan known as PPP was even worse than we thought,NBC,Theft from the Covid relief plan known as PPP was even worse than we thought,0,15,76
https://www.nbcnews.com/politics/taylor-swift-transcends-americas-political-divides-barely-rcna125908,How Taylor Swift transcends America's political divides barely,NBC,How Taylor Swift transcends America's political divides barely,0,8,62
https://www.foxnews.com/media/cookie-monster-hides-sen-bob-caseys-reply-x-dem-sought-campaign-donation-sesame-street-muppet.print,Cookie Monster hides Sen. Bob Casey's reply on X after Dem sought campaign donation: 'Can you chip in?',FoxNews,Cookie Monster hides Sen. Bob Casey's reply on X after Dem sought campaign donation: 'Can you chip in?',1,18,103
https://www.foxnews.com/sports/taylor-swift-sits-separate-from-brittany-mahomes-chiefs-game-amid-trump-support-controversy.print,Taylor Swift sits separate from Brittany Mahomes at Chiefs game amid Trump support controversy,FoxNews,Taylor Swift sits separate from Brittany Mahomes at Chiefs game amid Trump support controversy,1,14,94
https://www.foxnews.com/media/bowman-takes-swipe-hillary-clinton-after-she-backs-his-opponent-wouldnt-call-major-endorsement,Bowman takes a swipe at Hillary Clinton after she backs his opponent: 'Wouldn't call that a major endorsement',FoxNews,Bowman takes a swipe at Hillary Clinton after she backs his opponent: 'Wouldn't call that a major endorsement',1,18,110
https://www.nbcnews.com/news/world/rocket-attack-town-israeli-controlled-golan-heights-rcna163936,Rocket attack on town in Israeli controlled Golan Heights kills 11; Netanyahu hurries home,NBC,Rocket attack on town in Israeli controlled Golan Heights kills 11; Netanyahu hurries home,0,14,90
https://www.nbcnews.com/politics/justice-department/trump-fan-gets-eight-years-assaulting-officers-jan-6-capitol-breach-rcna171991,Trump fan gets eight years for assaulting officers during Jan. 6 Capitol breach,NBC,Trump fan gets eight years for assaulting officers during Jan. 6 Capitol breach,0,13,79
https://www.nbcnews.com/tech/tech-news/esim-card-gaza-palestine-israel-war-hamas-rcna134498,Palestinians are using donated eSIM cards to stay in touch with the outside world,NBC,Palestinians are using donated eSIM cards to stay in touch with the outside world,0,14,81
https://www.foxnews.com/politics/4th-gen-farmer-blasts-biden-admin-for-sending-billions-to-ukraine-as-u-s-farmers-suffer-facing-extinction,4th gen farmer blasts Biden admin for sending billions to Ukraine as US farmers suffer: 'Facing extinction',FoxNews,4th gen farmer blasts Biden admin for sending billions to Ukraine as US farmers suffer: 'Facing extinction',1,17,107
https://www.nbcnews.com/politics/politics-news/capitol-police-officer-brian-sicknick-died-natural-causes-after-riot-n1264562,"Capitol Police Officer Brian Sicknick died of natural causes after riot, medical examiner says",NBC,"Capitol Police Officer Brian Sicknick died of natural causes after riot, medical examiner says",0,14,94
https://www.foxnews.com/us/fbi-interviews-classmate-trump-shooter-thomas-matthew-crooks-over-dislike-politicians,FBI interviews classmate of Trump shooter Thomas Matthew Crooks over dislike for politicians,FoxNews,FBI interviews classmate of Trump shooter Thomas Matthew Crooks over dislike for politicians,1,13,92
https://www.foxnews.com/us/border-patrol-apprehends-58k-migrants-august-down-from-record-250k-december,"Border Patrol apprehends 58K migrants in August, down from record 250K in December",FoxNews,"Border Patrol apprehends 58K migrants in August, down from record 250K in December",1,13,82
https://www.foxnews.com/politics/republican-john-duarte-wins-house-race-in-californias-13th-congressional-district,Republican John Duarte wins House race in California's 13th Congressional District,FoxNews,Republican John Duarte wins House race in California's 13th Congressional District,1,11,82
https://www.foxnews.com/us/american-space-legend-buzz-aldrin-marries-63-year-old-girlfriend-93rd-birthday,American space legend Buzz Aldrin marries 63 year old girlfriend on his 93rd birthday,FoxNews,American space legend Buzz Aldrin marries 63 year old girlfriend on his 93rd birthday,1,14,85
https://www.foxnews.com/media/hurricane-helene-fox-weather-meteorologist-rescues-woman-from-car-live-shot-floodwaters-rise,Hurricane Helene: Weather meteorologist rescues woman from car during live shot as floodwaters rise,FoxNews,Hurricane Helene: Weather meteorologist rescues woman from car during live shot as floodwaters rise,1,14,99
https://www.nbcnews.com/politics/2024-primary-elections/florida-house-results,Florida House Primary Election 2024 Live Results,NBC,Florida House Primary Election 2024 Live Results,0,7,48
https://www.nbcnews.com/news/world/water-crisis-global-food-threatened-rcna175873,"Half of all global food threatened by growing water crisis, report says",NBC,"Half of all global food threatened by growing water crisis, report says",0,12,71
https://www.nbcnews.com/politics/national-security/us-israel-joint-military-exercise-message-iran-rcna66927,"U.S., Israel launch military exercise to send message to Iran, others",NBC,"U.S., Israel launch military exercise to send message to Iran, others",0,11,69
https://www.nbcnews.com/politics/2024-election/ron-desantis-replaces-campaign-manager-james-uthmeier-rcna98774,Ron DeSantis replaces his campaign manager as he reboots his presidential bid,NBC,Ron DeSantis replaces his campaign manager as he reboots his presidential bid,0,12,77
https://www.foxnews.com/food-drink/coffee-vs-matcha-does-morning-drink-choice-say,Coffee vs. matcha tea: What does your morning drink choice say about you?,FoxNews,Coffee vs. matcha tea: What does your morning drink choice say about you?,1,13,73
https://www.foxnews.com/media/cnns-king-charles-ratings-disaster-struggling-network-losing-20-viewers-since-debut,"CNN's 'King Charles' another ratings disaster for struggling network, losing 20% of viewers since its debut",FoxNews,"CNN's 'King Charles' another ratings disaster for struggling network, losing 20% of viewers since its debut",1,16,107
https://www.foxnews.com/sports/ncaa-faces-lawsuit-transgender-policies-fight-very-essence-womens-sports.print,NCAA faces lawsuit over transgender policies: 'Fight for the very essence of women's sports',FoxNews,NCAA faces lawsuit over transgender policies: 'Fight for the very essence of women's sports',1,14,92
https://www.foxnews.com/lifestyle/ronald-reagan-putter-pearl-harbor-auction-fox-nation-selling-history.print,"Ronald Reagan's putter, Pearl Harbor wings to go up for auction on Nation's 'Selling History'",FoxNews,"Ronald Reagan's putter, Pearl Harbor wings to go up for auction on Nation's 'Selling History'",1,15,93
https://www.nbcnews.com/politics/2024-election/trump-golf-election-rcna174834,Trump won't golf until after the election,NBC,Trump won't golf until after the election,0,7,41
https://www.nbcnews.com/politics/white-house/hundreds-jewish-organization-staffers-call-white-house-back-gaza-cease-rcna128465,Hundreds of Jewish organization staffers call for White House to back Gaza cease fire,NBC,Hundreds of Jewish organization staffers call for White House to back Gaza cease fire,0,14,85
https://www.nbcnews.com/politics/2024-election/ron-desantis-planning-drop-presidential-bid-sunday-rcna134953,Ron DeSantis suspends his presidential bid and endorses Trump,NBC,Ron DeSantis suspends his presidential bid and endorses Trump,0,9,61
https://www.foxnews.com/lifestyle/armed-forces-day-honor-flight-mission-bbq,"On Armed Forces Day, Honor Flight Network receives stunning donation from Mission BBQ",FoxNews,"On Armed Forces Day, Honor Flight Network receives stunning donation from Mission BBQ",1,13,85
https://www.foxnews.com/media/cnn-chris-cuomo-accused-sexually-harassing-female-producer-abc-news,CNN's Chris Cuomo accused of sexually harassing female producer while at ABC,FoxNews,CNN's Chris Cuomo accused of sexually harassing female producer while at ABC,1,12,76
https://www.nbcnews.com/news/nbcblk/black-conservative-radio-host-field-house-slaves-arguing-black-rcna175945,A Black conservative radio host invoked 'field' and 'house' slaves in arguing why some Black men back Trump,NBC,A Black conservative radio host invoked 'field' and 'house' slaves in arguing why some Black men back Trump,0,18,107
https://www.nbcnews.com/investigations/un-begins-distributing-food-aid-gaza-brought-us-military-rcna159558,The U.N. begins distributing food aid in Gaza brought ashore by the U.S. military for the first time since June 9,NBC,The U.N. begins distributing food aid in Gaza brought ashore by the U.S. military for the first time since June 9,0,21,113
https://www.foxnews.com/entertainment/american-idol-fans-criticize-katy-perry-luke-bryan-rude-reaction-they-need-apologize,'American Idol' fans criticize Katy Perry and Luke Bryan after 'rude' reaction: They need to 'apologize',FoxNews,'American Idol' fans criticize Katy Perry and Luke Bryan after 'rude' reaction: They need to 'apologize',1,16,104
https://www.foxnews.com/opinion/serious-crisis-gripping-america-no-one-wants-talk-about,The serious crisis gripping America that no one wants to talk about,FoxNews,The serious crisis gripping America that no one wants to talk about,1,12,67
https://www.foxnews.com/us/timeline-donald-trumps-failed-2nd-assassination-attempt-suspect-ryan-routh-developed-rage-radicalism,"Timeline of 2nd failed assassination attempt on Donald Trump; suspect Ryan Routh developed rage, radicalism",FoxNews,"Timeline of 2nd failed assassination attempt on Donald Trump; suspect Ryan Routh developed rage, radicalism",1,15,107
https://www.nbcnews.com/politics/justice-department/jan-6-rioter-brought-two-guns-capitol-sentenced-five-years-prison-rcna53454,Jan. 6 rioter who brought two guns to Capitol sentenced to five years in prison,NBC,Jan. 6 rioter who brought two guns to Capitol sentenced to five years in prison,0,15,79
https://www.nbcnews.com/news/world/ratan-tata-put-indias-tata-group-global-map-dies-86-rcna174802,"Ratan Tata, who put India's Tata Group on the global map, dies at 86",NBC,"Ratan Tata, who put India's Tata Group on the global map, dies at 86",0,14,68
https://www.foxnews.com/media/cnn-reliable-sources-brian-stelter-smallest-audience-2019,CNN’s ‘Reliable Sources’ with Brian Stelter draws smallest audience since 2019,FoxNews,CNN’s ‘Reliable Sources’ with Brian Stelter draws smallest audience since 2019,1,11,78
https://www.nbcnews.com/news/world/israel-hezbollah-war-nasrallah-airstrikes-hamas-gaza-assassinations-rcna173851,"Analysis: As war rages, some in Lebanon see opportunity in a weakened Hezbollah",NBC,"Analysis: As war rages, some in Lebanon see opportunity in a weakened Hezbollah",0,13,79
https://www.foxnews.com/us/trump-safe-after-gunshots-his-vicinity-campaign-says,"Trump safe after 'gunshots in his vicinity,' campaign says",FoxNews,"Trump safe after 'gunshots in his vicinity,' campaign says",1,9,58
https://www.foxnews.com/politics/biden-admin-unveils-sweeping-new-actions-increasing-costs-oil-gas-leasing,"Biden admin unveils sweeping new actions increasing costs for oil, gas leasing",FoxNews,"Biden admin unveils sweeping new actions increasing costs for oil, gas leasing",1,12,78
https://www.foxnews.com/sports/kentucky-derby-how-bet-horses-home,How to bet on the Kentucky Derby from home,FoxNews,How to bet on the Kentucky Derby from home,1,9,42
https://www.nbcnews.com/select/shopping/best-reef-safe-sunscreen-ncna1305644,"Yes, your SPF might be toxic to coral reefs. Here’s what to use instead",NBC,"Yes, your SPF might be toxic to coral reefs. Here’s what to use instead",0,14,71
https://www.foxnews.com/media/biden-privately-rivalry-obama-former-presidents-staff-predicted-biden-would-suck-as-president,"Biden privately in 'rivalry' with Obama, former president's staff predicted Biden 'would suck as president'",FoxNews,"Biden privately in 'rivalry' with Obama, former president's staff predicted Biden 'would suck as president'",1,15,107
https://www.nbcnews.com/select/shopping/black-friday-2022-home-kitchen-deals-ncna1301100,The 25+ best Cyber Monday kitchen and home deals,NBC,The 25+ best Cyber Monday kitchen and home deals,0,9,48
https://www.nbcnews.com/tech/tech-news/watermark-deepfake-solution-ai-misinformation-cant-stop-de-rcna137370,Why AI watermarks miss the mark in preventing misinformation,NBC,Why AI watermarks miss the mark in preventing misinformation,0,9,60
https://www.foxnews.com/sports/national-womens-soccer-league-faces-lawsuit-former-employee-alleges-sexual-assault,National Women's Soccer League faces lawsuit as former employee alleges sexual assault,FoxNews,National Women's Soccer League faces lawsuit as former employee alleges sexual assault,1,12,86
https://www.nbcnews.com/politics/2024-election/iowa-gov-kim-reynolds-signs-6-week-abortion-ban-conservative-summit-rcna93901,Iowa Gov. Kim Reynolds signs a 6 week abortion ban at conservative summit,NBC,Iowa Gov. Kim Reynolds signs a 6 week abortion ban at conservative summit,0,13,73
https://www.foxnews.com/lifestyle/drinks-should-have-flight-prevent-dehydration-what-shouldnt,Here are the drinks you should have on a flight to prevent dehydration and what you shouldn't,FoxNews,Here are the drinks you should have on a flight to prevent dehydration and what you shouldn't,1,17,93
https://www.foxnews.com/tech/fix-autocorrect-driving-you-ducking-crazy,Fix autocorrect if it’s driving you ducking crazy,FoxNews,Fix autocorrect if it’s driving you ducking crazy,1,8,49
https://www.nbcnews.com/politics/2024-election/kamala-harris-questions-trumps-transparency-releases-medical-report-rcna174896,Harris questions Trump's transparency with voters after she releases her medical report,NBC,Harris questions Trump's transparency with voters after she releases her medical report,0,12,87
https://www.foxnews.com/media/fewer-adults-extremely-proud-american-experts-warn-people-focused-individualism,Why fewer adults are ‘extremely proud’ to be American: Experts warn people are focused on ‘individualism’,FoxNews,Why fewer adults are ‘extremely proud’ to be American: Experts warn people are focused on ‘individualism’,1,16,105
https://www.nbcnews.com/news/world/israel-hezbollah-lebanon-biden-iran-rcna175452,U.S. support for Israel's campaign in Lebanon is 'limited' to Hezbollah,NBC,U.S. support for Israel's campaign in Lebanon is 'limited' to Hezbollah,0,11,71
https://www.nbcnews.com/news/world/israeli-woman-kidnapped-by-hamas-fighting-for-hostages-rcna172509,Israeli woman freed from Hamas captivity recalls brutal conditions inside tunnels,NBC,Israeli woman freed from Hamas captivity recalls brutal conditions inside tunnels,0,11,81
https://www.foxnews.com/politics/nra-legal-fight-against-woke-prosecutor-alleged-roadmap-abuse,NRA digs in for legal fight against woke prosecutor over alleged 'roadmap' of abuse,FoxNews,NRA digs in for legal fight against woke prosecutor over alleged 'roadmap' of abuse,1,14,83
https://www.nbcnews.com/nbc-out/out-pop-culture/transgender-models-featured-victorias-secret-fashion-show-rcna175699,Transgender models featured in Victoria’s Secret Fashion Show,NBC,Transgender models featured in Victoria’s Secret Fashion Show,0,8,61
https://www.foxnews.com/lifestyle/picky-eater-family-try-color-dishware-study,"Picky eater in your family? Try using a different color of dishware, study suggests",FoxNews,"Picky eater in your family? Try using a different color of dishware, study suggests",1,14,83
https://www.nbcnews.com/news/world/ukraine-coup-attempt-zelenskyy-hungary-viktor-orban-russia-war-rcna159909,"Coup attempt thwarted in Ukraine, Security Service says, as Hungary's Orbán arrives in Kyiv for talks",NBC,"Coup attempt thwarted in Ukraine, Security Service says, as Hungary's Orbán arrives in Kyiv for talks",0,16,101
https://www.nbcnews.com/select/shopping/best-dry-dog-food-ncna1303841,Not all dry dog foods are good for all dogs here's how to choose,NBC,Not all dry dog foods are good for all dogs here's how to choose,0,14,64
https://www.nbcnews.com/news/us-news/ryan-routh-custody-trump-golf-club-incident-rcna171225,Man in custody after Trump golf club incident was once convicted of possessing a machine gun,NBC,Man in custody after Trump golf club incident was once convicted of possessing a machine gun,0,16,92
https://www.foxnews.com/politics/mccarthys-final-struggles-threaten-haunt-johnsons-government-shutdown-fight,McCarthy's 'final struggles' threaten to haunt Johnson's government shutdown fight,FoxNews,McCarthy's 'final struggles' threaten to haunt Johnson's government shutdown fight,1,10,82
https://www.foxnews.com/politics/distrust-chaos-georgia-dems-gop-battle-over-new-ballot-rule-early-voting-kicks-off,"'Distrust and chaos': Georgia Dems, GOP battle over new ballot rule as early voting kicks off Tuesday",FoxNews,"'Distrust and chaos': Georgia Dems, GOP battle over new ballot rule as early voting kicks off Tuesday",1,17,101
https://www.foxnews.com/politics/https-www-foxnews-com-politics-republican-aiming-flip-key-senate-seat-blue-bastion-spotlights-anti-trump-credentials,Blue state Republican touts his anti Trump credentials in bid to flip senate seat red,FoxNews,Blue state Republican touts his anti Trump credentials in bid to flip senate seat red,1,15,85
https://www.nbcnews.com/politics/2024-election/making-sense-new-polls-seven-weeks-election-day-rcna171894,Making sense of the new polls seven weeks from Election Day,NBC,Making sense of the new polls seven weeks from Election Day,0,11,59
https://www.foxnews.com/food-drink/viral-fluffy-coke-drink-trend-takes-tiktok-requires-2-ingredients.print,Viral 'Fluffy Coke' drink trend takes over TikTok and it only requires 2 ingredients,FoxNews,Viral 'Fluffy Coke' drink trend takes over TikTok and it only requires 2 ingredients,1,14,84
https://www.nbcnews.com/politics/2024-election/republicans-anti-trump-effort-flounders-rcna116977,Republicans' anti Trump effort flounders as the former president cruises ahead,NBC,Republicans' anti Trump effort flounders as the former president cruises ahead,0,11,78
https://www.foxnews.com/food-drink/moviegoers-react-double-digit-price-beetlejuice-beetlejuice-themed-cocktail-thats-nuts.print,Moviegoers react to double digit price of 'Beetlejuice Beetlejuice' themed cocktail: 'That’s nuts',FoxNews,Moviegoers react to double digit price of 'Beetlejuice Beetlejuice' themed cocktail: 'That’s nuts',1,13,98
https://www.nbcnews.com/politics/2024-election/republican-sam-brown-swings-away-nevada-senate-debate-polling-deficit-rcna175967,Republican Sam Brown swings away in Nevada Senate debate amid polling deficit,NBC,Republican Sam Brown swings away in Nevada Senate debate amid polling deficit,0,12,77
https://www.foxnews.com/media/rapper-50-cent-says-maybe-trump-answer-seeing-nyc-give-pre-paid-credit-cards-migrants,Rapper 50 Cent says ‘maybe Trump is the answer’ after seeing NYC give prepaid credit cards to migrants,FoxNews,Rapper 50 Cent says ‘maybe Trump is the answer’ after seeing NYC give prepaid credit cards to migrants,1,18,102
https://www.foxnews.com/entertainment/liam-payne-911-call-claims-singer-intoxicated-breaking-whole-room-before-hotel-death.print,"Liam Payne 911 call claims singer was intoxicated, 'breaking the whole room' before hotel death",FoxNews,"Liam Payne 911 call claims singer was intoxicated, 'breaking the whole room' before hotel death",1,15,95
https://www.foxnews.com/politics/trump-blasts-harris-as-part-of-truth-social-flurry-on-what-she-didnt-mention-in-dnc-speech.print,Trump blasts Harris as part of Truth Social flurry on what she 'didn't mention' in DNC speech,FoxNews,Trump blasts Harris as part of Truth Social flurry on what she 'didn't mention' in DNC speech,1,17,93
https://www.foxnews.com/politics/biden-admin-rushing-industrialize-us-oceans-stop-climate-change-environmental-wrecking-ball,Biden admin is rushing to industrialize US oceans to stop climate change: 'Environmental wrecking ball',FoxNews,Biden admin is rushing to industrialize US oceans to stop climate change: 'Environmental wrecking ball',1,15,103
https://www.foxnews.com/media/media-ramped-effort-tie-trump-project-2025-following-biden-debate-disaster-harris-embraces-attack,"Media ramped up effort to tie Trump to Project 2025 following Biden debate disaster, Harris embraces attack",FoxNews,"Media ramped up effort to tie Trump to Project 2025 following Biden debate disaster, Harris embraces attack",1,17,107
https://www.foxnews.com/media/44-days-kamala-harris-has-yet-do-formal-press-conference-since-emerging-democratic-nominee,107 days: Kamala Harris has yet to do formal press conference since emerging as Democratic nominee,FoxNews,107 days: Kamala Harris has yet to do formal press conference since emerging as Democratic nominee,1,16,98
https://www.foxnews.com/entertainment/rumer-willis-shares-small-update-dad-bruce-she-announces-shes-single-momming-it,Rumer Willis shares small update on dad Bruce as she announces she's 'single momming it',FoxNews,Rumer Willis shares small update on dad Bruce as she announces she's 'single momming it',1,15,88
https://www.foxnews.com/media/whoopi-goldberg-cancel-culture-pepe-le-pew,Whoopi Goldberg rips cancel culture targeting Pepé Le Pew: 'I don't know why you've got to erase everything',FoxNews,Whoopi Goldberg rips cancel culture targeting Pepé Le Pew: 'I don't know why you've got to erase everything',1,18,108
https://www.nbcnews.com/nbc-out/out-news/boxers-olympics-imane-khelif-lin-yu-ting-gender-eligibility-rcna164257,Boxers previously barred from women's events will fight in Paris Olympics,NBC,Boxers previously barred from women's events will fight in Paris Olympics,0,11,73
https://www.foxnews.com/world/netanyahu-approves-rafah-ground-invasion-despite-biden-opposition,"Netanyahu approves Rafah ground invasion, despite Biden opposition",FoxNews,"Netanyahu approves Rafah ground invasion, despite Biden opposition",1,8,66
https://www.foxnews.com/lifestyle/arizona-students-raise-nearly-10k-heart-surgery-teachers-wife-made-me-cry,Arizona students raise nearly $10K for heart surgery for teacher's wife: 'Made me cry',FoxNews,Arizona students raise nearly $10K for heart surgery for teacher's wife: 'Made me cry',1,14,86
https://www.nbcnews.com/tech/security/hackers-rally-kamala-harris-presidential-campaign-def-con-las-vegas-rcna165459,Hackers rally behind Kamala Harris' presidential campaign,NBC,Hackers rally behind Kamala Harris' presidential campaign,0,7,57
https://www.foxnews.com/health/ozempic-happy-drug-study-suggests-weight-loss-medications-reduce-depression-anxiety,"Ozempic, the happy drug? Study suggests weight loss medications could reduce depression, anxiety",FoxNews,"Ozempic, the happy drug? Study suggests weight loss medications could reduce depression, anxiety",1,13,96
https://www.foxnews.com/politics/kamala-harris-declares-border-secure-thousands-illegals-flood-us-every-day,Kamala Harris declares ‘border is secure’ as thousands of illegals flood into US every day,FoxNews,Kamala Harris declares ‘border is secure’ as thousands of illegals flood into US every day,1,15,90
https://www.nbcnews.com/news/world/wael-dahdouh-palestinian-journalist-son-killed-israeli-strike-gaza-rcna132791,Palestinian vows to keep reporting after losing another son in an Israeli strike,NBC,Palestinian vows to keep reporting after losing another son in an Israeli strike,0,13,80
https://www.nbcnews.com/select/shopping/eco-friendly-cleaning-products-ncna1266586,Here’s how to tell if cleaning products are actually eco friendly,NBC,Here’s how to tell if cleaning products are actually eco friendly,0,11,65
https://www.foxnews.com/us/smith-college-racism-oumou-kanoute-eating-while-black,Massachusetts' Smith College racism accusations back in spotlight after report details 2018 investigation,FoxNews,Massachusetts' Smith College racism accusations back in spotlight after report details 2018 investigation,1,13,105
https://www.foxnews.com/politics/secretary-state-blinken-arrives-israel-show-solidarity-following-hamas-terrorist-attacks,Secretary of State Blinken arrives in Israel in show of solidarity following Hamas terrorist attacks,FoxNews,Secretary of State Blinken arrives in Israel in show of solidarity following Hamas terrorist attacks,1,15,100
https://www.nbcnews.com/news/gaza-strip-controls-s-know-rcna119405,Gaza Strip explained: Who controls it and what to know,NBC,Gaza Strip explained: Who controls it and what to know,0,10,54
https://www.foxnews.com/health/angelman-syndrome-colin-farrells-son-living-rare-disease.print,What is Angelman syndrome? Colin Farrell’s son is living with this rare disease,FoxNews,What is Angelman syndrome? Colin Farrell’s son is living with this rare disease,1,13,79
https://www.foxnews.com/media/clinton-pollster-suggests-internal-friction-obama-biden-camps-trump-friendly-shock-poll.print,"Clinton pollster suggests 'internal friction' between Obama, Biden camps after Trump friendly shock poll",FoxNews,"Clinton pollster suggests 'internal friction' between Obama, Biden camps after Trump friendly shock poll",1,14,104
https://www.nbcnews.com/politics/justice-department/prosecutors-tells-jurors-ecstatic-jan-6-defendant-bragged-carrying-gun-rcna18967,Prosecutor tells jurors 'ecstatic' Jan. 6 defendant bragged about carrying gun,NBC,Prosecutor tells jurors 'ecstatic' Jan. 6 defendant bragged about carrying gun,0,11,78
https://www.foxnews.com/politics/former-leader-walzs-battalion-publishes-scathing-message-aimed-governors-military-career-report,Former leader of Walz's battalion publishes scathing message aimed at governor's military career: Report,FoxNews,Former leader of Walz's battalion publishes scathing message aimed at governor's military career: Report,1,14,104
https://www.nbcnews.com/science/science-news/cities-look-trees-combat-heat-islands-growth-slow-rcna25327,Major cities work to remove barriers for tree canopy coverage in underserved communities,NBC,Major cities work to remove barriers for tree canopy coverage in underserved communities,0,13,88
https://www.foxnews.com/media/mcconnell-title-42-schumer-special-report-illegal-immigrants,McConnell: Schumer afraid a Title 42 amendment to COVID spending would've passed with Democratic votes,FoxNews,McConnell: Schumer afraid a Title 42 amendment to COVID spending would've passed with Democratic votes,1,15,102
https://www.nbcnews.com/news/us-news/9-11-speech-bush-pays-tribute-america-i-know-calls-n1278986,Bush calls out ‘violent extremists at home’ on 9/11 anniversary,NBC,Bush calls out ‘violent extremists at home’ on 9/11 anniversary,0,10,63
https://www.nbcnews.com/news/world/gaza-hospitals-israel-hamas-international-law-rcna125889,International law questions abound as Israeli forces raid Gaza hospitals,NBC,International law questions abound as Israeli forces raid Gaza hospitals,0,10,72
https://www.foxnews.com/us/routh-stalked-mar-a-lago-trump-golf-course-weeks-may-have-planned-getaway-documents-show.print,"Routh stalked Mar a Lago, Trump golf course for weeks, may have planned getaway, documents show",FoxNews,"Routh stalked Mar a Lago, Trump golf course for weeks, may have planned getaway, documents show",1,16,95
https://www.foxnews.com/media/fox-news-digital-crushes-cnn-ny-times-key-metrics-during-unprecedented-july,"Digital crushes CNN, NY Times in key metrics during unprecedented July",FoxNews,"Digital crushes CNN, NY Times in key metrics during unprecedented July",1,11,70
https://www.nbcnews.com/news/world/jd-vance-donald-trump-vice-president-ukraine-russia-war-putin-rcna162468,What JD Vance has said about the war in Ukraine,NBC,What JD Vance has said about the war in Ukraine,0,10,47
https://www.nbcnews.com/news/world/israel-troops-searched-gaza-cemetery-dead-hostages-rcna134762,Israel says troops searched a Gaza cemetery for dead hostages,NBC,Israel says troops searched a Gaza cemetery for dead hostages,0,10,61
https://www.foxnews.com/politics/vulnerable-democratic-senator-laken-riley-immigration-bill-re-election,Vulnerable Democratic senator backs Laken Riley immigration bill ahead of tough re election in red state,FoxNews,Vulnerable Democratic senator backs Laken Riley immigration bill ahead of tough re election in red state,1,16,104
https://www.nbcnews.com/politics/justice-department/judge-questions-dojs-handling-jan-6-rioter-scuffled-officer-died-suici-rcna82979,Judge questions DOJ's handling of a Jan. 6 rioter who 'scuffled' with an officer who died by suicide,NBC,Judge questions DOJ's handling of a Jan. 6 rioter who 'scuffled' with an officer who died by suicide,0,18,100
https://www.foxnews.com/media/washington-post-kamala-harris-small-c-conservative,Washington Post columnist panned for calling Kamala Harris a 'small c conservative',FoxNews,Washington Post columnist panned for calling Kamala Harris a 'small c conservative',1,12,83
https://www.nbcnews.com/politics/2024-election/ron-desantis-fires-staff-campaign-shake-rcna96245,Ron DeSantis fires more staffers in a campaign shake up,NBC,Ron DeSantis fires more staffers in a campaign shake up,0,10,55
https://www.nbcnews.com/politics/donald-trump/trump-plead-not-guilty-revised-federal-election-indictment-rcna169437,Trump to plead not guilty to revised federal election interference indictment,NBC,Trump to plead not guilty to revised federal election interference indictment,0,11,77
https://www.foxnews.com/entertainment/50-cent-voting-trump-over-biden-tax-plan,50 Cent says ‘vote for Trump’ in light of Biden's tax plan: 'IM OUT',FoxNews,50 Cent says ‘vote for Trump’ in light of Biden's tax plan: 'IM OUT',1,14,68
https://www.foxnews.com/world/idf-shares-video-hamas-leader-yahya-sinwar-escaping-tunnel-network,IDF shares video of Hamas leader Yahya Sinwar escaping through tunnel network,FoxNews,IDF shares video of Hamas leader Yahya Sinwar escaping through tunnel network,1,12,77
https://www.nbcnews.com/select/shopping/micellar-water-dry-shampoo-rcna164558,TikTokers are using micellar water as dry shampoo but does it actually work? We asked experts,NBC,TikTokers are using micellar water as dry shampoo but does it actually work? We asked experts,0,16,93
https://www.nbcnews.com/news/nbcblk/minnesota-timberwolves-star-karl-anthony-towns-mother-dies-due-complications-n1183691,Minnesota Timberwolves star Karl Anthony Towns’ mother dies due to complications from COVID 19,NBC,Minnesota Timberwolves star Karl Anthony Towns’ mother dies due to complications from COVID 19,0,14,94
https://www.nbcnews.com/news/world/palestinians-killed-israeli-strikes-safe-zones-exclusive-nbc-report-rcna148008,investigation reveals Israel strikes on Gaza areas it said were safe,NBC,investigation reveals Israel strikes on Gaza areas it said were safe,0,11,68
https://www.nbcnews.com/news/asian-america/new-jeans-billboard-award-rcna123225,NewJeans says they’re more than solely K pop stars as they break global barriers,NBC,NewJeans says they’re more than solely K pop stars as they break global barriers,0,14,80
https://www.nbcnews.com/select/shopping/best-raised-garden-beds-ncna1268061,"No backyard, no problem. Raised garden beds make gardening easy no matter your space",NBC,"No backyard, no problem. Raised garden beds make gardening easy no matter your space",0,14,84
https://www.foxnews.com/world/idf-reveals-4-reasons-why-killed-hezbollah-commander-fuad-shukr,IDF reveals 4 reasons why it killed Hezbollah commander Fuad Shukr,FoxNews,IDF reveals 4 reasons why it killed Hezbollah commander Fuad Shukr,1,11,66
https://www.nbcnews.com/politics/donald-trump/project-2025-trump-heritage-foundation-what-know-rcna161338,"Trump disavows Project 2025, but he has long standing ties to some key architects",NBC,"Trump disavows Project 2025, but he has long standing ties to some key architects",0,14,81
https://www.nbcnews.com/news/world/hamas-losing-backing-ordinary-people-gaza-are-paying-human-price-war-rcna159707,Hamas is losing the backing of ordinary people in Gaza who are paying the human price of its war,NBC,Hamas is losing the backing of ordinary people in Gaza who are paying the human price of its war,0,19,96
https://www.foxnews.com/media/cnn-data-reporter-predicts-trump-win-historic-number-black-hispanic-voters,CNN data reporter predicts Trump will win ‘historic’ number of Black and Hispanic voters,FoxNews,CNN data reporter predicts Trump will win ‘historic’ number of Black and Hispanic voters,1,14,88
https://www.foxnews.com/us/trump-assassination-attempt-suspects-possible-personal-vendetta-among-investigators-4-key-questions,Trump assassination attempt: Suspect's possible 'personal vendetta' among investigators' 4 key questions,FoxNews,Trump assassination attempt: Suspect's possible 'personal vendetta' among investigators' 4 key questions,1,12,104
https://www.nbcnews.com/select/shopping/garmin-forerunner-165-review-rcna149853,I wore the Garmin Forerunner 165 for a month and now it’s my new favorite running watch,NBC,I wore the Garmin Forerunner 165 for a month and now it’s my new favorite running watch,0,17,87
https://www.foxnews.com/media/oklahoma-parent-sues-daughter-allegedly-severely-beaten-transgender-student-bathroom,Oklahoma parent sues after her daughter is allegedly 'severely beaten' by transgender student in bathroom,FoxNews,Oklahoma parent sues after her daughter is allegedly 'severely beaten' by transgender student in bathroom,1,15,105
https://www.foxnews.com/lifestyle/rural-travel-destinations-unplug-fun-summer,Rural travel destinations where you can unplug and have fun this summer,FoxNews,Rural travel destinations where you can unplug and have fun this summer,1,12,71
https://www.foxnews.com/entertainment/emily-blunt-says-toes-curl-when-people-their-kids-want-act-want-say-dont-do-it,"Emily Blunt says her ‘toes curl’ when people tell her their kids want to act: 'I want to say, don’t do it!'",FoxNews,"Emily Blunt says her ‘toes curl’ when people tell her their kids want to act: 'I want to say, don’t do it!'",1,22,107
https://www.foxnews.com/politics/trump-vance-hitting-campaign-trail-all-week-counter-program-democrats-convention,2024 showdown: Harris appears to call Trump a 'coward' in campaign trail appearance,FoxNews,2024 showdown: Harris appears to call Trump a 'coward' in campaign trail appearance,1,13,83
https://www.foxnews.com/media/migrant-gang-taking-over-colorado-apartment-complex-not-isolated-occurrence-former-resident-says,"Migrant gang taking over Colorado apartment complex ‘not an isolated occurrence,' former resident says",FoxNews,"Migrant gang taking over Colorado apartment complex ‘not an isolated occurrence,' former resident says",1,14,102
https://www.foxnews.com/lifestyle/ketchup-vs-mustard-which-better-experts-chime-in-debate,Ketchup vs. mustard: Which is 'better' for you? Experts chime in on the debate,FoxNews,Ketchup vs. mustard: Which is 'better' for you? Experts chime in on the debate,1,14,78
https://www.foxnews.com/lifestyle/memorial-day-numbers-facts-american-holiday,Memorial Day: Important facts about the solemn American holiday,FoxNews,Memorial Day: Important facts about the solemn American holiday,1,9,63
https://www.nbcnews.com/politics/2024-election/abortion-rights-amendment-ballot-nevada-rcna159103,Abortion rights amendment qualifies for the ballot in Nevada,NBC,Abortion rights amendment qualifies for the ballot in Nevada,0,9,60
https://www.nbcnews.com/news/world/israel-netanyahu-bibi-makes-comeback-israeli-pm-lapid-concedes-defeat-rcna55331,Israel's Netanyahu makes comeback as Israeli PM Lapid concedes defeat,NBC,Israel's Netanyahu makes comeback as Israeli PM Lapid concedes defeat,0,10,69
https://www.nbcnews.com/select/shopping/best-hair-dryers-blow-dryers-ncna1243766,The best hair dryers for salon worthy blow outs at home for your hair type,NBC,The best hair dryers for salon worthy blow outs at home for your hair type,0,15,74
https://www.foxnews.com/politics/days-until-voting-starts-election-season-kicks-off-sooner,Early voting means 'election season' has already begun,FoxNews,Early voting means 'election season' has already begun,1,8,54
https://www.nbcnews.com/nbc-out/out-news/biden-honors-matthew-shepard-condemns-anti-lgbtq-violence-rcna120131,Biden honors Matthew Shepard and condemns anti LGBTQ violence,NBC,Biden honors Matthew Shepard and condemns anti LGBTQ violence,0,9,61
https://www.nbcnews.com/politics/2024-election/harris-pitches-plans-tackle-costs-food-housing-medicine-child-care-nc-rcna166774,"Harris pitches plans to tackle food, housing, medicine and child care costs in N.C. speech",NBC,"Harris pitches plans to tackle food, housing, medicine and child care costs in N.C. speech",0,15,90
https://www.foxnews.com/politics/trump-attends-slain-nypd-officer-jonathan-dillers-wake,Trump attends slain NYPD officer Jonathan Diller's wake: 'Need law and order',FoxNews,Trump attends slain NYPD officer Jonathan Diller's wake: 'Need law and order',1,12,77
https://www.nbcnews.com/politics/politics-news/virginia-gov-youngkin-eyes-15-week-abortion-ban-consensus-voters-will-rcna101476,Virginia Gov. Youngkin eyes a 15 week abortion ban as a 'consensus' voters would back,NBC,Virginia Gov. Youngkin eyes a 15 week abortion ban as a 'consensus' voters would back,0,15,85
https://www.foxnews.com/media/wsj-editorial-board-harris-doing-first-interview-crutch-tim-walz-insult-american-voters,WSJ editorial board says Harris is doing first interview with 'crutch' Tim Walz: ‘Insult to American voters',FoxNews,WSJ editorial board says Harris is doing first interview with 'crutch' Tim Walz: ‘Insult to American voters',1,17,108
https://www.foxnews.com/health/ohio-boy-prepares-blindness-heartbreaking-mom-says.print,"Ohio boy, 8, prepares for blindness: ‘It’s heartbreaking,’ his mom says",FoxNews,"Ohio boy, 8, prepares for blindness: ‘It’s heartbreaking,’ his mom says",1,11,71
https://www.foxnews.com/entertainment/pink-slammed-biden-harris-shirt-husband-carey-hart-defends,"Pink slammed for wearing Biden Harris shirt, husband Carey Hart comes to her defense: 'Bye Karen'",FoxNews,"Pink slammed for wearing Biden Harris shirt, husband Carey Hart comes to her defense: 'Bye Karen'",1,16,97
https://www.nbcnews.com/politics/2024-election/trump-says-wont-participate-presidential-debates-harris-rcna170905,Trump says he won’t debate Harris again,NBC,Trump says he won’t debate Harris again,0,7,39
https://www.foxnews.com/world/vietnam-war-formally-ends-this-day-in-history,Vietnam War formally ends: This Day in History,FoxNews,Vietnam War formally ends: This Day in History,1,8,46
https://www.foxnews.com/us/9-11-survivor-recounts-haunting-escape-from-81st-floor-world-trade-center-tower,9/11 survivor recounts haunting escape from 81st floor of World Trade Center tower,FoxNews,9/11 survivor recounts haunting escape from 81st floor of World Trade Center tower,1,13,82
https://www.nbcnews.com/politics/donald-trump/trump-focuses-harris-race-black-jobs-combative-panel-black-journalists-rcna164271,Trump falsely accuses Harris of deciding to 'turn Black' during a combative panel with Black journalists,NBC,Trump falsely accuses Harris of deciding to 'turn Black' during a combative panel with Black journalists,0,16,104
https://www.foxnews.com/us/new-york-ms-13-little-devil-convicted,New York MS 13's 'Little Devil' convicted in ambush murder of 4 young men,FoxNews,New York MS 13's 'Little Devil' convicted in ambush murder of 4 young men,1,14,73
https://www.foxnews.com/opinion/beware-kamalas-fair-share-lie-taxes.print,Beware Kamala's 'fair share' lie on taxes,FoxNews,Beware Kamala's 'fair share' lie on taxes,1,7,41
https://www.foxnews.com/media/trump-says-abc-debate-moderators-favored-kamala-harris-three-one,Trump says ABC debate moderators favored Kamala Harris: 'It was three to one',FoxNews,Trump says ABC debate moderators favored Kamala Harris: 'It was three to one',1,13,77
https://www.nbcnews.com/politics/donald-trump/trump-reports-little-truth-social-income-financial-disclosure-rcna79843,Trump reports little income from Truth Social in financial disclosure,NBC,Trump reports little income from Truth Social in financial disclosure,0,10,69
https://www.foxnews.com/media/cnn-brian-stelter-reliable-sources-2021.print,Here are 20 major media stories CNN's Brian Stelter ignored on his so called media show in 2021,FoxNews,Here are 20 major media stories CNN's Brian Stelter ignored on his so called media show in 2021,1,18,95
https://www.nbcnews.com/select/shopping/best-cookie-baking-tools-rcna130409,Baking cookies? You should be using your freezer every step of the way,NBC,Baking cookies? You should be using your freezer every step of the way,0,13,70
https://www.foxnews.com/media/rep-ritchie-torres-calls-out-ny-times-bias-not-interviewing-him-story-anti-israel-critics,Rep. Ritchie Torres calls out NY Times 'bias' for not interviewing him for story about his anti Israel critics,FoxNews,Rep. Ritchie Torres calls out NY Times 'bias' for not interviewing him for story about his anti Israel critics,1,19,110
https://www.foxnews.com/politics/harris-virtually-attend-catholic-charity-dinner-rival-trump-headlining,Harris to virtually attend Catholic charity dinner that rival Trump is headlining,FoxNews,Harris to virtually attend Catholic charity dinner that rival Trump is headlining,1,12,81
https://www.nbcnews.com/select/shopping/best-wrist-ankle-weights-ncna1267241,The trick to getting gym level intensity from the comforts of home? Adding ankle and wrist weights here are our favorites,NBC,The trick to getting gym level intensity from the comforts of home? Adding ankle and wrist weights here are our favorites,0,21,121
https://www.nbcnews.com/news/world/protests-world-commemorate-76th-anniversary-nakba-call-cease-fire-gaza-rcna151966,Protests around the world commemorate 76th anniversary of the Nakba and call for a cease fire in Gaza,NBC,Protests around the world commemorate 76th anniversary of the Nakba and call for a cease fire in Gaza,0,18,101
https://www.foxnews.com/politics/congress-expects-emergency-spending-measure-replace-baltimore-bridge-after-collapse,Congress expected to consider emergency spending measure to replace Baltimore bridge after collapse,FoxNews,Congress expected to consider emergency spending measure to replace Baltimore bridge after collapse,1,13,99
https://www.foxnews.com/world/idf-says-suspicious-aerial-targets-crossed-from-lebanon-before-israeli-forces-knocked-them-down.print,IDF says 'suspicious aerial targets' crossed from Lebanon before Israeli forces knocked them down,FoxNews,IDF says 'suspicious aerial targets' crossed from Lebanon before Israeli forces knocked them down,1,14,97
https://www.foxnews.com/politics/trump-trial-stemming-from-jack-smiths-probe-delayed-past-election-day.print,Trump trial stemming from Jack Smith's probe delayed past Election Day,FoxNews,Trump trial stemming from Jack Smith's probe delayed past Election Day,1,11,70
https://www.nbcnews.com/politics/politics-news/dc-police-officer-died-suicide-jan-6-riot-declared-line-duty-death-rcna19433,D.C. police officer’s suicide after Jan. 6 riot declared line of duty death,NBC,D.C. police officer’s suicide after Jan. 6 riot declared line of duty death,0,13,75
https://www.foxnews.com/media/assassination-expert-trump-triple-secret-service-jfk-still-came-inch-death,Assassination expert says Trump had ‘triple the Secret Service’ JFK had and still came an inch from death,FoxNews,Assassination expert says Trump had ‘triple the Secret Service’ JFK had and still came an inch from death,1,18,105
https://www.foxnews.com/media/msnbc-guest-claims-latinos-want-white-while-discussing-shift-towards-gop,MSNBC guest claims Latinos 'want to be White' while discussing their shift toward GOP,FoxNews,MSNBC guest claims Latinos 'want to be White' while discussing their shift toward GOP,1,14,85
https://www.foxnews.com/sports/bruce-arians-biden-vaccine-push-buccaneers-white-house-visit,"Bruce Arians, Biden make vaccine push during Buccaneers' White House visit",FoxNews,"Bruce Arians, Biden make vaccine push during Buccaneers' White House visit",1,11,74
https://www.foxnews.com/media/cnn-chris-licht-replaces-jeff-zucker-president,"CNN taps new president, current executive producer of 'The Late Show' to replace Jeff Zucker",FoxNews,"CNN taps new president, current executive producer of 'The Late Show' to replace Jeff Zucker",1,15,92
https://www.foxnews.com/politics/kamala-harris-campaign-criticizes-trump-serving-self-obsessed-rich-guys-after-interview-elon-musk,Kamala Harris' campaign criticizes Trump for serving 'self obsessed rich guys' after interview with Elon Musk,FoxNews,Kamala Harris' campaign criticizes Trump for serving 'self obsessed rich guys' after interview with Elon Musk,1,16,109
https://www.nbcnews.com/news/world/palestinian-father-miracle-daughters-gaza-israel-airstrike-rcna135034,Father hails ‘miracle’ daughters who were pulled from rubble after Israeli strike,NBC,Father hails ‘miracle’ daughters who were pulled from rubble after Israeli strike,0,12,81
https://www.nbcnews.com/politics/2024-election/live-blog/rnc-trump-biden-republican-convention-live-updates-rcna161247,Election 2024 updates: 35 Democrats call on Biden to drop out; Trump speaks with Zelenskyy,NBC,Election 2024 updates: 35 Democrats call on Biden to drop out; Trump speaks with Zelenskyy,0,15,90
https://www.foxnews.com/lifestyle/jack-carrs-eisenhower-d-days-memo-noble-undertaking,Jack Carr recalls Gen. Eisenhower's D Day memo about 'great and noble undertaking',FoxNews,Jack Carr recalls Gen. Eisenhower's D Day memo about 'great and noble undertaking',1,13,82
https://www.nbcnews.com/select/shopping/vitruvi-essential-oil-diffuser-ncna1296532,The Vitruvi Stone Diffuser helps me fall asleep faster and is now on sale,NBC,The Vitruvi Stone Diffuser helps me fall asleep faster and is now on sale,0,14,73
https://www.nbcnews.com/politics/2024-election/totally-illegal-trump-escalates-rhetoric-outlawing-political-dissent-c-rcna174280,'Totally illegal': Trump escalates rhetoric on outlawing political dissent and criticism,NBC,'Totally illegal': Trump escalates rhetoric on outlawing political dissent and criticism,0,11,88
https://www.nbcnews.com/news/china/xi-warned-biden-summit-beijing-will-reunify-taiwan-china-rcna130087,Xi warned Biden during summit that Beijing will reunify Taiwan with China,NBC,Xi warned Biden during summit that Beijing will reunify Taiwan with China,0,12,73
https://www.foxnews.com/lifestyle/florida-woman-99-goes-viral-instagram-giving-piece-life-advice,"Florida woman, 99, goes viral on Instagram after giving this piece of life advice",FoxNews,"Florida woman, 99, goes viral on Instagram after giving this piece of life advice",1,14,81
https://www.foxnews.com/media/wisconsin-parents-challenge-title-ix-changes-during-school-board-meeting-boys-boys-girls-girls,Wisconsin parents challenge Title IX changes during school board meeting: 'Boys are boys and girls are girls',FoxNews,Wisconsin parents challenge Title IX changes during school board meeting: 'Boys are boys and girls are girls',1,17,109
https://www.foxnews.com/politics/biden-admin-hit-lawsuit-restricting-oil-gas-production-put-american-jobs-risk,"Biden admin hit with lawsuit for restricting oil, gas production: 'Put American jobs at risk'",FoxNews,"Biden admin hit with lawsuit for restricting oil, gas production: 'Put American jobs at risk'",1,15,93
https://www.foxnews.com/us/illegal-immigrant-indicted-rachel-morin-murder-crucial-step-family-lawyer,Illegal immigrant indicted for Rachel Morin's murder in 'crucial step': family's lawyer,FoxNews,Illegal immigrant indicted for Rachel Morin's murder in 'crucial step': family's lawyer,1,12,87
https://www.foxnews.com/world/schumers-anti-netanyahu-speech-strengthens-bibi-israels-war-defeat-hamas,Schumer’s anti Netanyahu speech strengthens Bibi in Israel's war to defeat Hamas,FoxNews,Schumer’s anti Netanyahu speech strengthens Bibi in Israel's war to defeat Hamas,1,12,80
https://www.foxnews.com/tech/security-data-checks-you-should-do-once-year,3 security and data checks you should do once a year,FoxNews,3 security and data checks you should do once a year,1,11,52
https://www.foxnews.com/politics/biden-district-republican-says-this-issue-will-define-2024-elections.print,Biden district Republican says this critical issue will define 2024 elections,FoxNews,Biden district Republican says this critical issue will define 2024 elections,1,11,77
https://www.foxnews.com/politics/harris-walz-hit-blistering-ad-china-record-ahead-presidential-debate-time-fight-back,Harris Walz hit with blistering ad on China record ahead of presidential debate: 'Time to fight back',FoxNews,Harris Walz hit with blistering ad on China record ahead of presidential debate: 'Time to fight back',1,17,101
https://www.nbcnews.com/politics/2024-election/biden-campaign-casts-trump-threat-democracy-ahead-jan-6-speech-rcna131987,Biden campaign casts Trump as threat to democracy ahead of speech on Jan. 6 anniversary,NBC,Biden campaign casts Trump as threat to democracy ahead of speech on Jan. 6 anniversary,0,15,87
https://www.foxnews.com/world/video-captures-water-tank-falling-woman-but-she-miraculously-escapes-injury.print,Video captures water tank falling on woman but she miraculously escapes injury,FoxNews,Video captures water tank falling on woman but she miraculously escapes injury,1,12,78
https://www.foxnews.com/lifestyle/jack-carrs-take-terrorism-sky-june-14-1985-crew-nothing-short-heroic,"Jack Carr's take on terrorism in the skies on June 14, 1985: Crew was 'nothing short of heroic'",FoxNews,"Jack Carr's take on terrorism in the skies on June 14, 1985: Crew was 'nothing short of heroic'",1,18,95
https://www.nbcnews.com/select/shopping/best-mouse-gaming-work-ncna1250426,"How to choose the best mouse, according to a tech expert",NBC,"How to choose the best mouse, according to a tech expert",0,11,56
https://www.nbcnews.com/politics/justice-department/trump-indefinitely-delayed-jan-6-criminal-trial-hundreds-supporters-ha-rcna142349,Trump has indefinitely delayed his Jan. 6 criminal trial. Hundreds of his supporters haven't been so lucky.,NBC,Trump has indefinitely delayed his Jan. 6 criminal trial. Hundreds of his supporters haven't been so lucky.,0,17,107
https://www.foxnews.com/media/barbara-walters-would-expect-kamala-harris-do-interviews-author-says.print,"Barbara Walters would expect Kamala Harris to do interviews, author says: 'Part of the job of being president'",FoxNews,"Barbara Walters would expect Kamala Harris to do interviews, author says: 'Part of the job of being president'",1,18,110
https://www.nbcnews.com/weather/hurricanes/live-blog/hurricane-milton-live-updates-rcna174624/rcrd59353?canonicalCard=true,Florida Highway Patrol rescues dog abandoned by owner,NBC,Florida Highway Patrol rescues dog abandoned by owner,0,8,53
https://www.nbcnews.com/news/asian-america/anti-asian-bias-rose-after-media-officials-used-china-virus-n1241364,"'China virus' rhetoric caused sharp anti Asian bias increase, report shows",NBC,"'China virus' rhetoric caused sharp anti Asian bias increase, report shows",0,11,74
https://www.foxnews.com/media/fox-corporation-launches-donation-drive-american-red-cross-hurricane-helene-relief-efforts,"Corporation launches donation drive for American Red Cross Hurricanes Helene, Milton relief efforts",FoxNews,"Corporation launches donation drive for American Red Cross Hurricanes Helene, Milton relief efforts",1,13,99
https://www.foxnews.com/politics/christian-baker-sued-refusing-gender-transition-cake-says-supreme-court-ruling-puts-law-his-side,Christian baker sued for refusing gender transition cake says Supreme Court ruling puts law on his side,FoxNews,Christian baker sued for refusing gender transition cake says Supreme Court ruling puts law on his side,1,17,103
https://www.nbcnews.com/news/world/severe-drought-returned-amazon-s-happening-earlier-expected-rcna165014,Severe drought has returned to the Amazon. And it's happening earlier than expected.,NBC,Severe drought has returned to the Amazon. And it's happening earlier than expected.,0,13,84
https://www.nbcnews.com/news/world/blinken-arrives-israel-shore-gaza-cease-fire-n1268447,Blinken arrives in Israel to strengthen Gaza cease fire,NBC,Blinken arrives in Israel to strengthen Gaza cease fire,0,9,55
https://www.foxnews.com/us/tim-walz-kamala-harris-new-right-hand-man-echoes-left-wing-crime-policies,"Tim Walz, Kamala Harris' new right hand man, echoes left wing crime policies",FoxNews,"Tim Walz, Kamala Harris' new right hand man, echoes left wing crime policies",1,13,76
https://www.nbcnews.com/politics/national-security/us-air-force-general-predicts-war-china-2025-memo-rcna67967,"U.S. general predicts war with China in 2025, tells officers to get ready",NBC,"U.S. general predicts war with China in 2025, tells officers to get ready",0,13,73
https://www.foxnews.com/politics/biden-admin-under-fire-burning-taxpayer-funds-un-climate-summit-trip,Biden admin under fire for burning taxpayer funds on UN climate summit trip,FoxNews,Biden admin under fire for burning taxpayer funds on UN climate summit trip,1,13,75
https://www.nbcnews.com/politics/donald-trump/live-blog/trump-trial-live-updates-fani-willis-rcna142772,Nathan Wade resigns from Fani Willis led Trump election case after judge's ruling: Highlights,NBC,Nathan Wade resigns from Fani Willis led Trump election case after judge's ruling: Highlights,0,14,93
https://www.nbcnews.com/news/world/least-25-killed-50-wounded-israeli-strikes-tent-camps-rafah-gaza-healt-rcna158391,"At least 25 killed, 50 wounded in Israeli strikes on tent camps near Rafah, Gaza health officials say",NBC,"At least 25 killed, 50 wounded in Israeli strikes on tent camps near Rafah, Gaza health officials say",0,18,101
https://www.foxnews.com/politics/johnson-dhs-migrant-releases-gop-border-crisis,"Johnson grills DHS on migrant releases, as GOP pressure builds on border crisis",FoxNews,"Johnson grills DHS on migrant releases, as GOP pressure builds on border crisis",1,13,79
https://www.nbcnews.com/politics/2024-election/trump-spends-day-court-hosting-nft-customers-florida-rcna151240,Trump spends day off from court hosting NFT customers at Mar a Lago,NBC,Trump spends day off from court hosting NFT customers at Mar a Lago,0,13,67
https://www.foxnews.com/politics/mayorkas-moves-shield-hundreds-thousands-from-deportation-back-troubled-caribbean-nation,Mayorkas moves to shield hundreds of thousands from deportation back to troubled Caribbean nation,FoxNews,Mayorkas moves to shield hundreds of thousands from deportation back to troubled Caribbean nation,1,14,97
https://www.nbcnews.com/investigations/israel-long-history-targeted-killings-enemies-rcna171888,"Wigs, robotic guns and exploding pagers: Israel has a long history of hunting down its enemies",NBC,"Wigs, robotic guns and exploding pagers: Israel has a long history of hunting down its enemies",0,16,94
https://www.nbcnews.com/news/world/un-security-council-cease-fire-resolution-us-rcna144556,U.N. Security Council fails to pass U.S. resolution calling for Gaza cease fire,NBC,U.N. Security Council fails to pass U.S. resolution calling for Gaza cease fire,0,13,79
https://www.nbcnews.com/politics/2024-election/politics-tariffs-are-complicated-democrat-just-introduced-bill-make-tr-rcna172336,The politics of tariffs are complicated. A Democrat just introduced a bill to make Trump's proposals law.,NBC,The politics of tariffs are complicated. A Democrat just introduced a bill to make Trump's proposals law.,0,17,105
https://www.foxnews.com/politics/usa-powerlifting-applauds-appeals-court-decision-after-transgender-woman-claimed-discrimination,USA Powerlifting applauds appeals court decision after transgender woman claimed discrimination,FoxNews,USA Powerlifting applauds appeals court decision after transgender woman claimed discrimination,1,11,95
https://www.nbcnews.com/select/shopping/best-gifts-under-25-ncna1299948,"41 surprisingly great gifts, all for $25 or less",NBC,"41 surprisingly great gifts, all for $25 or less",0,9,48
https://www.nbcnews.com/politics/national-security/us-iran-indirect-talks-prisoner-exchange-uk-qatar-rcna70645,"U.S., Iran holding indirect talks on a possible prisoner exchange",NBC,"U.S., Iran holding indirect talks on a possible prisoner exchange",0,10,65
https://www.nbcnews.com/think/opinion/israel-s-annexing-west-bank-isn-t-disaster-peace-everyone-ncna1232615,"Opinion No, Israeli annexation of the West Bank does not doom the peace process",NBC,"Opinion No, Israeli annexation of the West Bank does not doom the peace process",0,14,79
https://www.foxnews.com/media/trump-campaign-official-bashes-cnn-cutting-mid-interview-censored-me,Trump official says CNN can't handle criticism after host shut down her interview: 'Censored me',FoxNews,Trump official says CNN can't handle criticism after host shut down her interview: 'Censored me',1,15,96
https://www.foxnews.com/media/axelrod-says-upscale-nc-harris-voters-find-way-vote-after-storm-not-sure-about-rural-trump-fans,"Axelrod says ‘upscale’ NC Harris voters will find way to vote after storm, not sure about rural Trump fans",FoxNews,"Axelrod says ‘upscale’ NC Harris voters will find way to vote after storm, not sure about rural Trump fans",1,19,106
https://www.foxnews.com/politics/accusations-improper-tax-breaks-crucial-senate-race-rules-dont-apply,Accusations of improper tax breaks fly in crucial Senate race: 'Rules don't apply',FoxNews,Accusations of improper tax breaks fly in crucial Senate race: 'Rules don't apply',1,13,82
https://www.nbcnews.com/tech/internet/israel-hamas-war-discourse-fraught-nature-online-speech-rcna119589,Israel Hamas war discourse shows the increasingly fraught nature of online speech,NBC,Israel Hamas war discourse shows the increasingly fraught nature of online speech,0,12,81
https://www.nbcnews.com/politics/2024-election/trump-rally-butler-pennsylvania-oct-5-rcna172329,Trump to rally next month in Pennsylvania city where his first assassination attempt occurred,NBC,Trump to rally next month in Pennsylvania city where his first assassination attempt occurred,0,14,93
https://www.nbcnews.com/news/world/jin-k-pop-group-bts-finishes-military-service-south-korea-rcna156693,Jin from K pop group BTS finishes military service in South Korea,NBC,Jin from K pop group BTS finishes military service in South Korea,0,12,65
https://www.foxnews.com/media/the-view-co-host-cnn-commentator-ana-navarro-host-night-2-democratic-national-convention,"'The View' co host, CNN commentator Ana Navarro to host night 2 of Democratic National Convention",FoxNews,"'The View' co host, CNN commentator Ana Navarro to host night 2 of Democratic National Convention",1,16,97
https://www.nbcnews.com/select/shopping/best-valentines-day-candy-chocolates-desserts-ncna1302587,The best Valentine’s Day treats for every kind of sweet tooth,NBC,The best Valentine’s Day treats for every kind of sweet tooth,0,11,61
https://www.foxnews.com/us/tennessee-shooting-nashville-police-release-security-camera-footage-covenant-school-attack-killed-6,Tennessee shooting: Nashville police release security camera footage of Covenant school attack that killed 6,FoxNews,Tennessee shooting: Nashville police release security camera footage of Covenant school attack that killed 6,1,15,108
https://www.foxnews.com/politics/bold-agenda-2024-gop-rising-star-promises-crack-down-schools-kids-guinea-pigs,'Bold agenda': 2024 GOP rising star promises to crack down on schools turning kids into their 'guinea pigs',FoxNews,'Bold agenda': 2024 GOP rising star promises to crack down on schools turning kids into their 'guinea pigs',1,18,107
https://www.nbcnews.com/select/shopping/best-squalene-products-rcna101821#anchor-Squaleneversussqualane,Dry skin? Squalene might be your saving grace,NBC,Dry skin? Squalene might be your saving grace,0,8,45
https://www.foxnews.com/politics/fema-has-funds-needed-immediate-response-recovery-despite-mayorkas-warning,"FEMA has funds needed for 'immediate response and recovery,' despite Mayorkas' warning",FoxNews,"FEMA has funds needed for 'immediate response and recovery,' despite Mayorkas' warning",1,12,86
https://www.foxnews.com/sports/title-ix-anniversary-debate-transgender-athletes,Title IX's 50th anniversary: Debate over transgender athletes rages,FoxNews,Title IX's 50th anniversary: Debate over transgender athletes rages,1,9,67
https://www.foxnews.com/media/members-kamala-harris-campaign-frustrated-recent-biden-media-appearances-cnn-reporter.print,"Kamala Harris campaign frustrated by recent Biden media appearances, says CNN reporter",FoxNews,"Kamala Harris campaign frustrated by recent Biden media appearances, says CNN reporter",1,12,86
https://www.foxnews.com/politics/biden-family-blame-staff-debate-performance-he-lays-low-again-camp-david-reports,Biden family blame staff for debate performance as he lays low again at Camp David: reports,FoxNews,Biden family blame staff for debate performance as he lays low again at Camp David: reports,1,16,91
https://www.nbcnews.com/investigations/palestinian-support-armed-struggle-rising-gaza-death-estimate-tops-200-rcna130516,"Palestinian support for ‘armed struggle’ is rising as Gaza death estimate tops 20,000",NBC,"Palestinian support for ‘armed struggle’ is rising as Gaza death estimate tops 20,000",0,13,85
https://www.nbcnews.com/politics/donald-trump/sidney-powell-pleads-guilty-georgia-election-interference-case-rcna121210,Ex Trump lawyer Sidney Powell pleads guilty in Georgia election interference case,NBC,Ex Trump lawyer Sidney Powell pleads guilty in Georgia election interference case,0,12,81
https://www.foxnews.com/politics/trump-accepts-biden-offer-debate-him-june-september.print,Trump accepts Biden offer to debate him in June and September,FoxNews,Trump accepts Biden offer to debate him in June and September,1,11,61
https://www.nbcnews.com/politics/2024-election/trump-harris-battle-male-voters-masculinity-2024-rcna173031,The battle over male voters and what masculinity looks like in 2024,NBC,The battle over male voters and what masculinity looks like in 2024,0,12,67
https://www.nbcnews.com/health/mental-health/drug-overdose-deaths-drop-u-s-other-deaths-despair-rise-n1211376,"Drug overdose deaths drop in U.S. as other deaths of despair rise, report finds",NBC,"Drug overdose deaths drop in U.S. as other deaths of despair rise, report finds",0,14,79
https://www.foxnews.com/politics/harris-supporters-say-shell-fix-immigration-blame-trump-for-border-crisis-immigration-blame-trump-border-crisis,"Harris supporters say she'll fix immigration, blame Trump for border crisis",FoxNews,"Harris supporters say she'll fix immigration, blame Trump for border crisis",1,11,75
https://www.nbcnews.com/news/world/dozens-palestinians-wounded-confrontations-police-sacred-site-israel-n1266739,Dozens of Palestinians wounded in confrontations with Israeli police,NBC,Dozens of Palestinians wounded in confrontations with Israeli police,0,9,68
https://www.foxnews.com/world/netanyahu-says-security-gaza-critical-stop-hamas-smuggling-hostages-iran-lost-forever,Netanyahu says security in Gaza is critical to stop Hamas smuggling hostages into Iran: 'lost forever',FoxNews,Netanyahu says security in Gaza is critical to stop Hamas smuggling hostages into Iran: 'lost forever',1,16,102
https://www.foxnews.com/entertainment/demi-moore-says-ex-bruce-willis-stable-health-he-battles-dementia,Demi Moore says ex Bruce Willis is in 'stable' health as he battles dementia,FoxNews,Demi Moore says ex Bruce Willis is in 'stable' health as he battles dementia,1,14,76
https://www.nbcnews.com/politics/congress/house-republicans-censure-rep-adam-schiff-trump-era-probes-rcna90451,Republicans take the rare step of censuring Rep. Adam Schiff over Trump era probes,NBC,Republicans take the rare step of censuring Rep. Adam Schiff over Trump era probes,0,14,82
https://www.foxnews.com/world/jews-denmark-face-highest-number-antisemitic-incidents-wwii-official-says,"Jews in Denmark face highest number of antisemitic incidents since WWII, official says",FoxNews,"Jews in Denmark face highest number of antisemitic incidents since WWII, official says",1,13,86
https://www.foxnews.com/politics/walz-silent-support-eliminating-electoral-college-after-harris-camp-says-doesnt-back-ban.print,Walz silent on support for eliminating Electoral College after Harris camp says it doesn't back ban,FoxNews,Walz silent on support for eliminating Electoral College after Harris camp says it doesn't back ban,1,16,99
https://www.foxnews.com/media/social-media-disturbed-gov-noems-story-shooting-her-14-month-old-dog-not-normal,Social media disturbed by Gov. Noem's story about shooting her 14 month old dog: ‘Not normal',FoxNews,Social media disturbed by Gov. Noem's story about shooting her 14 month old dog: ‘Not normal',1,16,93
https://www.foxnews.com/world/idf-video-israeli-tank-fires-building-where-hamas-leader-yahya-sinwar-barricaded-being-killed.print,IDF video: Israeli tank fires at building where Hamas leader Yahya Sinwar was barricaded before being killed,FoxNews,IDF video: Israeli tank fires at building where Hamas leader Yahya Sinwar was barricaded before being killed,1,17,108
https://www.foxnews.com/politics/fox-news-politics-crunch-time-harris.print,Politics: Crunch time for Harris,FoxNews,Politics: Crunch time for Harris,1,5,32
https://www.nbcnews.com/politics/abortion-rights-ballot-fall-politics-desk-rcna145908,Where abortion rights could be on the ballot this fall: From the Politics Desk,NBC,Where abortion rights could be on the ballot this fall: From the Politics Desk,0,14,78
https://www.foxnews.com/lifestyle/secrets-staying-ageless-florida-seniors-reveal-how-hit-home-run-health,Secrets of staying ageless: Four Florida seniors reveal how to hit a home run for good health,FoxNews,Secrets of staying ageless: Four Florida seniors reveal how to hit a home run for good health,1,17,93
https://www.foxnews.com/entertainment/bruce-willis-daughter-tallulah-update-painful-dementia-battle.print,Bruce Willis' daughter Tallulah gives update on his 'painful' dementia battle,FoxNews,Bruce Willis' daughter Tallulah gives update on his 'painful' dementia battle,1,11,77
https://www.foxnews.com/politics/new-jersey-democrat-proposes-bill-create-travel-advisories-inform-pregnant-women-state-abortion-laws.print,New Jersey Democrat proposes bill to create travel advisories to inform pregnant women of state abortion laws,FoxNews,New Jersey Democrat proposes bill to create travel advisories to inform pregnant women of state abortion laws,1,17,109
https://www.foxnews.com/food-drink/chef-andrew-zimmern-hunts-cooks-wild-animals-creates-recipes-anybody-watching-show.print,"Chef Andrew Zimmern hunts, cooks wild animals, creates recipes 'for anybody' watching his show",FoxNews,"Chef Andrew Zimmern hunts, cooks wild animals, creates recipes 'for anybody' watching his show",1,14,94
https://www.foxnews.com/politics/what-donald-trump-told-us-weekend-about-his-search-running-mate,Donald Trump has picked his running mate and they will be at Thursday's debate,FoxNews,Donald Trump has picked his running mate and they will be at Thursday's debate,1,14,78
https://www.foxnews.com/media/republican-view-host-leads-four-more-years-chant-biden-state-union,'Republican' 'View' host leads 'four more years' chant for Biden after State of the Union,FoxNews,'Republican' 'View' host leads 'four more years' chant for Biden after State of the Union,1,15,89
https://www.foxnews.com/media/maher-calls-out-cnn-gushing-over-kamala-harris-network-anchor-your-hosts-come-across-democrats,Maher calls out CNN ‘gushing’ over Kamala Harris to network anchor: Your hosts ‘come across' as Democrats,FoxNews,Maher calls out CNN ‘gushing’ over Kamala Harris to network anchor: Your hosts ‘come across' as Democrats,1,17,105
https://www.nbcnews.com/news/world/israeli-military-recovers-bodies-3-hostages-killed-oct-7-gaza-hamas-rcna153869,Israeli military recovers the bodies of 3 more hostages from Gaza,NBC,Israeli military recovers the bodies of 3 more hostages from Gaza,0,11,65
https://www.nbcnews.com/select/shopping/best-sun-hats-upf-ncna1235377,Dermatologists say that sunscreen isn’t enough here’s what you should be using for full sun protection,NBC,Dermatologists say that sunscreen isn’t enough here’s what you should be using for full sun protection,0,16,102
https://www.foxnews.com/sports/robin-roberts-awkward-exchange-good-morning-america-discussing-harrison-butker-speech.print,Robin Roberts has awkward exchange on 'Good Morning America' while discussing Harrison Butker's speech,FoxNews,Robin Roberts has awkward exchange on 'Good Morning America' while discussing Harrison Butker's speech,1,14,102
https://www.nbcnews.com/politics/2024-election/joe-biden-nears-200-judges-highlighting-stakes-courts-2024-election-rcna152485,"Joe Biden lands 200 judges, highlighting stakes for the courts in the 2024 election",NBC,"Joe Biden lands 200 judges, highlighting stakes for the courts in the 2024 election",0,14,83
https://www.nbcnews.com/news/world/looming-mideast-peace-deal-amounts-netanyahu-trump-pact-experts-say-n1124481,"Looming Mideast peace deal amounts to Netanyahu Trump pact, experts say",NBC,"Looming Mideast peace deal amounts to Netanyahu Trump pact, experts say",0,11,71
https://www.foxnews.com/entertainment/one-direction-singer-liam-payne-cause-death-revealed-preliminary-autopsy-report.print,One Direction singer Liam Payne's cause of death revealed in preliminary autopsy report,FoxNews,One Direction singer Liam Payne's cause of death revealed in preliminary autopsy report,1,13,87
https://www.foxnews.com/live-news/democratic-national-convention-august-22-2024,Kamala Harris accepts Democratic nomination at the DNC 2024,FoxNews,Kamala Harris accepts Democratic nomination at the DNC 2024,1,9,59
https://www.foxnews.com/politics/nebraska-gop-senator-opposes-electoral-college-change-may-have-helped-trump-win-re-election,Nebraska GOP senator opposes Electoral College change that may have helped Trump win re election,FoxNews,Nebraska GOP senator opposes Electoral College change that may have helped Trump win re election,1,15,96
https://www.foxnews.com/politics/environmentalists-blocking-forest-management-methods-saving-sequoias-yosemite-wildfire,Environmentalists are blocking forest management methods saving iconic sequoias amid Yosemite wildfire,FoxNews,Environmentalists are blocking forest management methods saving iconic sequoias amid Yosemite wildfire,1,12,102
https://www.nbcnews.com/politics/2024-election/harris-spars-fox-news-host-says-not-continuation-biden-rcna175742,Harris spars with host and says she wouldn't be a 'continuation' of Biden,NBC,Harris spars with host and says she wouldn't be a 'continuation' of Biden,0,13,73
https://www.foxnews.com/us/florida-sheriff-describes-demeanor-during-arrest-suspect-2nd-trump-assassination-attempt?dicbo=v2-HVDcbv6,Florida sheriff who nabbed alleged would be Trump assassin describes his suspicious behavior,FoxNews,Florida sheriff who nabbed alleged would be Trump assassin describes his suspicious behavior,1,13,92
https://www.nbcnews.com/nbc-out/out-news/biden-gives-historic-interview-lgbtq-newspaper-washington-blade-rcna171349,Biden gives historic interview to LGBTQ newspaper,NBC,Biden gives historic interview to LGBTQ newspaper,0,7,49
https://www.foxnews.com/media/nbc-reporter-calls-out-kamala-harris-saying-her-values-havent-changed,reporter calls out Kamala Harris for saying her 'values haven't changed': 'Her positions have changed',FoxNews,reporter calls out Kamala Harris for saying her 'values haven't changed': 'Her positions have changed',1,15,102
https://www.foxnews.com/media/trump-has-taken-81-questions-press-conferences-interviews-compared-harris-14-since-walz-joined-ticket,"Trump has taken 81 questions at press conferences, interviews compared to Harris' 14 since Walz joined ticket",FoxNews,"Trump has taken 81 questions at press conferences, interviews compared to Harris' 14 since Walz joined ticket",1,17,109
https://www.nbcnews.com/politics/justice-department/trump-hatted-rioter-sentenced-bear-spraying-8-officers-jan-6-rcna123792,Trump hatted rioter sentenced for bear spraying 8 officers on Jan. 6,NBC,Trump hatted rioter sentenced for bear spraying 8 officers on Jan. 6,0,12,68
https://www.foxnews.com/media/cnns-long-struggling-am-lineup-gets-another-reboot,CNN’s long struggling AM lineup gets another reboot as network fails to maintain signature morning show,FoxNews,CNN’s long struggling AM lineup gets another reboot as network fails to maintain signature morning show,1,16,103
https://www.nbcnews.com/news/world/climate-change-made-uk-heat-wave-hotter-likely-study-finds-rcna40680,"Climate change made U.K. heat wave hotter and more likely, study finds",NBC,"Climate change made U.K. heat wave hotter and more likely, study finds",0,12,70
https://www.foxnews.com/sports/fans-boo-tim-walz-he-leaves-michigan-minnesota-game-get-out-here,Fans boo Tim Walz as he leaves Michigan Minnesota game: 'Get out of here!',FoxNews,Fans boo Tim Walz as he leaves Michigan Minnesota game: 'Get out of here!',1,14,74
https://www.nbcnews.com/news/world/north-korea-claims-progress-developing-hypersonic-missile-rcna144201,North Korea claims progress in developing a hypersonic missile designed to strike distant U.S. targets,NBC,North Korea claims progress in developing a hypersonic missile designed to strike distant U.S. targets,0,15,102
https://www.foxnews.com/us/north-carolina-sheriff-hunting-christmas-day-killer-knows-him-personally-warns-he-has-nothing-lose,"North Carolina sheriff hunting 'Christmas Day Killer' knows him personally, warns he has 'nothing to lose'",FoxNews,"North Carolina sheriff hunting 'Christmas Day Killer' knows him personally, warns he has 'nothing to lose'",1,16,106
https://www.nbcnews.com/select/shopping/best-tv-streaming-service-rcna146886,Cutting down on your subscriptions? Here’s how to choose the best streaming service,NBC,Cutting down on your subscriptions? Here’s how to choose the best streaming service,0,13,83
https://www.nbcnews.com/select/shopping/best-cordless-vacuum-cleaner-ncna1280900,These are the best cordless vacuums that we’ve ever tried,NBC,These are the best cordless vacuums that we’ve ever tried,0,10,57
https://www.foxnews.com/lifestyle/charlie-daniels-proud-nonprofit-marks-10-years-helping-america-veterans,Charlie Daniels ‘would be proud’ as nonprofit marks 10 years of helping America’s veterans,FoxNews,Charlie Daniels ‘would be proud’ as nonprofit marks 10 years of helping America’s veterans,1,14,90
https://www.nbcnews.com/select/shopping/best-body-washes-dry-skin-rcna135086,These 3 factors can be causing dry skin here’s how to combat them using your body wash,NBC,These 3 factors can be causing dry skin here’s how to combat them using your body wash,0,17,86
https://www.nbcnews.com/news/us-news/hundreds-palestinian-protesters-arrested-campuses-universities-crack-e-rcna149705,Hundreds of pro Palestinian protesters arrested at campuses as colleges crack down on encampments,NBC,Hundreds of pro Palestinian protesters arrested at campuses as colleges crack down on encampments,0,14,97
https://www.nbcnews.com/politics/2024-election/live-blog/harris-trump-presidential-election-live-updates-rcna172152/rcrd56222?canonicalCard=true,Trump says he'll attend Al Smith dinner; Harris is skipping the event,NBC,Trump says he'll attend Al Smith dinner; Harris is skipping the event,0,12,69
https://www.foxnews.com/travel/top-us-states-visit-where-people-have-claimed-ufo-sightings,Top US states to visit where people have claimed UFO sightings,FoxNews,Top US states to visit where people have claimed UFO sightings,1,11,62
https://www.nbcnews.com/politics/donald-trump/prosecutors-trump-sentencing-delay-hush-money-election-rcna166813,Prosecutors defer to judge on Trump sentencing delay in hush money case,NBC,Prosecutors defer to judge on Trump sentencing delay in hush money case,0,12,71
https://www.foxnews.com/media/kamala-harris-receives-worst-vice-presidential-rating-nbc-news-polls-history.print,Kamala Harris receives worst vice presidential rating in poll's history,FoxNews,Kamala Harris receives worst vice presidential rating in poll's history,1,10,71
https://www.nbcnews.com/politics/florida-abortion-ballot-measure-2024-constitution-rcna129771,Florida abortion rights groups collect enough signatures to advance ballot measure,NBC,Florida abortion rights groups collect enough signatures to advance ballot measure,0,11,82
https://www.nbcnews.com/news/world/saudi-dissidents-betrayed-biden-trip-defends-planned-visit-rcna37717,Saudi dissidents 'betrayed' by Biden trip as he defends his planned visit,NBC,Saudi dissidents 'betrayed' by Biden trip as he defends his planned visit,0,12,73
https://www.nbcnews.com/select/shopping/curl-hair-type-explained-rcna129053,There are 9 types of curly hair here's how to identify and care for yours,NBC,There are 9 types of curly hair here's how to identify and care for yours,0,15,73
https://www.nbcnews.com/select/shopping/best-tech-devices-focus-ncna1164246,A longtime remote worker's tips on staying focused during remote work,NBC,A longtime remote worker's tips on staying focused during remote work,0,11,69
https://www.foxnews.com/lifestyle/this-day-history-feb-23-1945-us-marines-raise-american-flag-over-iwo-jima,"On this day in history, February 23, 1945, US Marines raise American flag on Iwo Jima, seen in stunning photo",FoxNews,"On this day in history, February 23, 1945, US Marines raise American flag on Iwo Jima, seen in stunning photo",1,20,109
https://www.nbcnews.com/news/world/israeli-steps-gaza-bombardment-palestinians-flee-fears-ground-invasion-grow-n1267334,Israel steps up Gaza bombardment as fears of ground invasion grow,NBC,Israel steps up Gaza bombardment as fears of ground invasion grow,0,11,65
https://www.foxnews.com/politics/armed-services-republicans-push-back-accusation-zelenskyys-pa-visit-political,"Armed Services Republicans, White House push back against claims that Zelenskyy's PA visit was 'political'",FoxNews,"Armed Services Republicans, White House push back against claims that Zelenskyy's PA visit was 'political'",1,15,106
https://www.nbcnews.com/news/world/south-africa-israel-genocide-case-icj-gaza-displacement-rcna132021,Israel faces genocide case as comments on displacing Gazans draw alarm,NBC,Israel faces genocide case as comments on displacing Gazans draw alarm,0,11,70
https://www.nbcnews.com/politics/justice-department/trump-fan-assaulted-capitol-cops-trump-flag-billboard-jan-6-gets-priso-rcna44988,"Trump fan who assaulted Capitol cops with Trump flag, billboard on Jan. 6 gets over 3.5 years in prison",NBC,"Trump fan who assaulted Capitol cops with Trump flag, billboard on Jan. 6 gets over 3.5 years in prison",0,19,103
https://www.nbcnews.com/news/nbcblk/black-men-drifted-democrats-toward-trump-record-numbers-polls-show-n1246447,"Black men shift slightly toward Trump in record numbers, polls show",NBC,"Black men shift slightly toward Trump in record numbers, polls show",0,11,67
https://www.nbcnews.com/politics/supreme-court/biden-call-supreme-court-reforms-constitutional-limits-presidential-im-rcna163970,Biden says Supreme Court reforms are needed to counter an 'extreme and unchecked agenda',NBC,Biden says Supreme Court reforms are needed to counter an 'extreme and unchecked agenda',0,14,88
https://www.nbcnews.com/politics/white-house/israeli-president-isaac-herzog-biden-meet-tensions-netanyahus-policies-rcna94823,Israeli President Isaac Herzog and Biden meet amid tensions over Netanyahu's policies,NBC,Israeli President Isaac Herzog and Biden meet amid tensions over Netanyahu's policies,0,12,85
https://www.foxnews.com/politics/biden-admins-proposed-menthol-cigarette-ban-could-become-liability-2024,Biden admin's proposed menthol cigarette ban could become liability in 2024: 'Unintended consequences',FoxNews,Biden admin's proposed menthol cigarette ban could become liability in 2024: 'Unintended consequences',1,13,102
https://www.nbcnews.com/select/shopping/best-wet-dog-food-ncna1304108,Is wet or dry food better for dogs? We asked vets,NBC,Is wet or dry food better for dogs? We asked vets,0,11,49
https://www.nbcnews.com/select/shopping/best-stainless-steel-cookware-rcna169399,"Using stainless steel cookware can actually make your food taste better, according to experts",NBC,"Using stainless steel cookware can actually make your food taste better, according to experts",0,14,93
https://www.nbcnews.com/politics/justice-department/fbi-swat-team-hunt-ex-national-guardsman-wanted-jan-6-charges-rcna124196,FBI SWAT team on the hunt for ex National Guardsman wanted on Jan. 6 charges,NBC,FBI SWAT team on the hunt for ex National Guardsman wanted on Jan. 6 charges,0,15,76
https://www.foxnews.com/media/jd-vance-calls-out-deranged-mindset-we-need-illegal-immigrants-build-houses,JD Vance calls out 'deranged' mindset that we need illegal immigrants to build houses,FoxNews,JD Vance calls out 'deranged' mindset that we need illegal immigrants to build houses,1,14,85
https://www.nbcnews.com/politics/donald-trump/trump-indicted-jan-6-grand-jury-2020-election-rcna95199,Special counsel charges Trump with conspiracy to defraud the U.S.,NBC,Special counsel charges Trump with conspiracy to defraud the U.S.,0,10,65
https://www.nbcnews.com/tech/misinformation/taylor-swift-nude-deepfake-goes-viral-x-platform-rules-rcna135669,"Nude deepfakes of Taylor Swift went viral on X, evading moderation and sparking outrage",NBC,"Nude deepfakes of Taylor Swift went viral on X, evading moderation and sparking outrage",0,14,87
https://www.nbcnews.com/politics/congress/ethics-committee-investigating-allegations-sexual-misconduct-drug-use-rcna157719,Ethics Committee investigating Rep. Matt Gaetz over alleged drug use and sexual misconduct,NBC,Ethics Committee investigating Rep. Matt Gaetz over alleged drug use and sexual misconduct,0,13,90
https://www.nbcnews.com/investigations/agency-crisis-secret-service-decade-old-staffing-shortfall-rcna162698,'Agency in crisis': Secret Service has decade old staffing shortfall,NBC,'Agency in crisis': Secret Service has decade old staffing shortfall,0,10,68
https://www.foxnews.com/politics/trump-harris-toss-up-races-key-swing-states-pennsylvania-georgia-nevada-poll.print,"Trump and Harris in toss up races in key swing states Pennsylvania, Georgia, Nevada: poll",FoxNews,"Trump and Harris in toss up races in key swing states Pennsylvania, Georgia, Nevada: poll",1,15,89
https://www.nbcnews.com/select/shopping/last-minute-valentines-day-gifts-ncna1288868,21 last minute Valentine’s Day gifts that will arrive quickly,NBC,21 last minute Valentine’s Day gifts that will arrive quickly,0,10,61
https://www.nbcnews.com/news/world/mahsa-amini-death-iran-morality-police-protests-coroner-report-rcna51169,"Mahsa Amini did not die from blows to body, Iranian coroner says amid widespread protests",NBC,"Mahsa Amini did not die from blows to body, Iranian coroner says amid widespread protests",0,15,89
https://www.nbcnews.com/politics/2024-election/poll-half-gen-z-voters-support-kamala-harris-one-third-back-donald-tru-rcna169025,"Poll: Half of Gen Z voters support Harris, one third back Trump",NBC,"Poll: Half of Gen Z voters support Harris, one third back Trump",0,12,63
https://www.foxnews.com/tech/ios-18-maximize-your-privacy-turning-off-iphone-settings-now.print,iOS 18: Maximize your privacy by turning off these iPhone settings now,FoxNews,iOS 18: Maximize your privacy by turning off these iPhone settings now,1,12,70
https://www.foxnews.com/politics/supreme-court-rules-favor-colorado-graphic-designer-refused-create-same-sex-wedding-websites,Supreme Court rules in favor of Colorado graphic designer who refused to create same sex wedding websites,FoxNews,Supreme Court rules in favor of Colorado graphic designer who refused to create same sex wedding websites,1,17,105
https://www.foxnews.com/media/democratic-sen-bob-casey-concedes-no-videotape-disprove-bidens-age-concerns.print,Democratic Sen. Bob Casey concedes there's no 'videotape' that'll disprove Biden's age concerns,FoxNews,Democratic Sen. Bob Casey concedes there's no 'videotape' that'll disprove Biden's age concerns,1,13,95
https://www.foxnews.com/politics/debate-challenge-pressures-kamala-she-trump-trade-flip-flop-charges,Debate challenge: The pressure’s on Kamala as she and Trump trade flip flop charges,FoxNews,Debate challenge: The pressure’s on Kamala as she and Trump trade flip flop charges,1,14,83
https://www.nbcnews.com/select/shopping/october-bestsellers-cerave-oribe-ouai-ncna1300437,"October bestsellers: Loofahs, spoons and more",NBC,"October bestsellers: Loofahs, spoons and more",0,6,45
https://www.nbcnews.com/news/world/palestinians-israeli-troops-kill-9-west-bank-raid-rcna67578,Palestinians say Israeli troops kill 10 in West Bank violence,NBC,Palestinians say Israeli troops kill 10 in West Bank violence,0,10,61
https://www.nbcnews.com/news/world/oman-mosque-shooting-muscat-police-rcna162044,"9 killed, including 3 suspects, in rare shooting near mosque in Oman's capital",NBC,"9 killed, including 3 suspects, in rare shooting near mosque in Oman's capital",0,13,78
https://www.nbcnews.com/politics/politics-news/left-faces-reckoning-israel-divides-democrats-rcna120076,The left faces a reckoning as Israel divides Democrats,NBC,The left faces a reckoning as Israel divides Democrats,0,9,54
https://www.nbcnews.com/select/shopping/best-affordable-air-fryer-ncna1264288,Air fryers under $100 built with adjustable cook settings,NBC,Air fryers under $100 built with adjustable cook settings,0,9,57
https://www.foxnews.com/politics/harris-unveils-agenda-help-black-men-get-ahead-polls-suggest-trump-making-gains.print,Harris unveils agenda to help Black men 'get ahead' as polls show Trump gains,FoxNews,Harris unveils agenda to help Black men 'get ahead' as polls show Trump gains,1,14,77
https://www.nbcnews.com/news/world/b-tselem-labels-israel-apartheid-regime-first-time-n1253863,Prominent rights group labels Israel an 'apartheid regime',NBC,Prominent rights group labels Israel an 'apartheid regime',0,8,58
https://www.nbcnews.com/select/shopping/best-smart-home-ready-devices-thermostats-lights-smart-plugs-ncna1102186,The best smart assistant compatible devices for a smart home,NBC,The best smart assistant compatible devices for a smart home,0,10,60
https://www.foxnews.com/politics/pennsylvania-survey-finds-harris-leading-trump-narrowly-identifies-her-biggest-weakness-pollster-says,"Pennsylvania survey finds Harris leading Trump narrowly, identifies her 'biggest weakness,' pollster says",FoxNews,"Pennsylvania survey finds Harris leading Trump narrowly, identifies her 'biggest weakness,' pollster says",1,13,105
https://www.foxnews.com/live-news/rnc-republican-national-convention-2024-july-18-2024,"Former President Donald Trump recounts assassination attempt, accepts GOP nomination",FoxNews,"Former President Donald Trump recounts assassination attempt, accepts GOP nomination",1,10,84
https://www.nbcnews.com/news/world/iran-installing-starting-cascades-advanced-centrifuges-nuclear-tension-rcna157142,Iran installing and starting cascades of advanced centrifuges as tensions high over nuclear program,NBC,Iran installing and starting cascades of advanced centrifuges as tensions high over nuclear program,0,14,99
https://www.foxnews.com/politics/kamala-harris-finally-fields-questions-press-dodging-media-18-days-since-becoming-dem-nominee,Kamala Harris finally fields questions from press after dodging media for 18 days since becoming Dem nominee,FoxNews,Kamala Harris finally fields questions from press after dodging media for 18 days since becoming Dem nominee,1,17,108
https://www.nbcnews.com/politics/2024-election/live-blog/dnc-2024-live-updates-rcna165226/rcrd52510?canonicalCard=true,James Taylor to close out first night of DNC,NBC,James Taylor to close out first night of DNC,0,9,44
https://www.foxnews.com/world/iran-warns-decisive-response-israel-crosses-red-lines,Iran warns of 'decisive response' if Israel crosses 'red lines',FoxNews,Iran warns of 'decisive response' if Israel crosses 'red lines',1,10,63
https://www.nbcnews.com/news/world/south-korea-bts-member-j-hope-begins-process-join-military-rcna72417,BTS member j hope begins process to join South Korean military,NBC,BTS member j hope begins process to join South Korean military,0,11,62
https://www.nbcnews.com/politics/justice-department/teen-testifies-surreal-experience-tipping-fbi-dad-jan-6-riot-rcna18526,Teen testifies about ‘surreal’ experience tipping off FBI about his dad before Jan. 6 riot,NBC,Teen testifies about ‘surreal’ experience tipping off FBI about his dad before Jan. 6 riot,0,15,90
https://www.nbcnews.com/weather/hurricanes/live-blog/hurricane-milton-live-updates-rcna174624,"Hurricane Milton: Eye wall begins to move onshore near Tampa as Florida deals with tornadoes, flooding",NBC,"Hurricane Milton: Eye wall begins to move onshore near Tampa as Florida deals with tornadoes, flooding",0,16,102
https://www.nbcnews.com/health/health-news/opioid-overdose-antidote-narcan-will-widely-available-counter-week-rcna101611,Opioid overdose antidote Narcan will be widely available over the counter next week,NBC,Opioid overdose antidote Narcan will be widely available over the counter next week,0,13,83
https://www.foxnews.com/official-polls/fox-news-poll-voters-think-harris-did-better-than-trump-debate.print,Poll: Voters think Harris did better than Trump in debate,FoxNews,Poll: Voters think Harris did better than Trump in debate,1,10,57
https://www.foxnews.com/politics/dnc-paints-harris-law-order-standard-bearer-past-comments-militarization-police-resurface.print,DNC paints Harris as ‘law and order’ standard bearer as past comments on ‘militarization of police’ resurface,FoxNews,DNC paints Harris as ‘law and order’ standard bearer as past comments on ‘militarization of police’ resurface,1,17,109
https://www.nbcnews.com/select/shopping/most-purchased-uv-light-sanitizing-tech-products-march-ncna1176011,"Most purchased tech, fitness and kitchen products we covered last month",NBC,"Most purchased tech, fitness and kitchen products we covered last month",0,11,71
https://www.foxnews.com/media/rapper-50-cent-shares-why-people-identify-trump-after-assassination-attempt,Rapper 50 Cent shares why people 'identify' with Trump after assassination attempt,FoxNews,Rapper 50 Cent shares why people 'identify' with Trump after assassination attempt,1,12,82
https://www.nbcnews.com/tech/tech-news/google-canada-law-online-news-c-18-bill-news-links-rcna91882,Google to remove Canadian links from searches in the country,NBC,Google to remove Canadian links from searches in the country,0,10,60
https://www.foxnews.com/media/tim-walzs-selection-harris-running-mate-draws-skepticism-even-among-anti-trump-figures,"Tim Walz's selection as Harris running mate draws skepticism, even among anti Trump figures",FoxNews,"Tim Walz's selection as Harris running mate draws skepticism, even among anti Trump figures",1,14,91
https://www.nbcnews.com/news/world/north-korea-launches-icbm-threatening-us-alleged-spy-flights-rcna93794,North Korea launches ICBM after threatening U.S. over alleged spy flights,NBC,North Korea launches ICBM after threatening U.S. over alleged spy flights,0,11,73
https://www.nbcnews.com/news/world/north-koreas-kim-boasts-invincible-ties-russia-talks-putin-visit-rcna156701,North Korea's Kim boasts of 'invincible' ties with Russia amid talk of Putin visit,NBC,North Korea's Kim boasts of 'invincible' ties with Russia amid talk of Putin visit,0,14,82
https://www.nbcnews.com/politics/justice-department/election-denier-became-speaker-capitol-officer-testified-jan-6-tore-li-rcna122234,"As an election denier became speaker, a Capitol officer testified that Jan. 6 tore her life apart",NBC,"As an election denier became speaker, a Capitol officer testified that Jan. 6 tore her life apart",0,17,97
https://www.foxnews.com/entertainment/tyra-banks-defends-olivia-jade-dancing-with-the-stars,Tyra Banks defends Olivia Jade being on 'Dancing with the Stars' Season 30,FoxNews,Tyra Banks defends Olivia Jade being on 'Dancing with the Stars' Season 30,1,13,74
https://www.nbcnews.com/news/world/north-korea-linda-thomas-greenfield-china-russia-rcna148135,U.S. envoy to U.N. urges Russia and China not to ‘reward’ North Korea’s bad behavior,NBC,U.S. envoy to U.N. urges Russia and China not to ‘reward’ North Korea’s bad behavior,0,15,84
https://www.nbcnews.com/news/world/kremlin-denies-prigozhin-plane-crash-ordered-putin-assassination-rcna101764,Kremlin denies it was behind the Prigozhin plane crash,NBC,Kremlin denies it was behind the Prigozhin plane crash,0,9,54
https://www.nbcnews.com/politics/justice-department/new-covid-fraud-prosecutor-steps-effort-convict-people-stole-billions-rcna19536,New Covid fraud prosecutor steps up effort to convict people who stole billions in relief benefits,NBC,New Covid fraud prosecutor steps up effort to convict people who stole billions in relief benefits,0,16,98
https://www.foxnews.com/us/trump-assassination-attempt-3-key-takeaways-from-newly-released-bodycam,Trump assassination attempt: 3 key takeaways from newly released bodycam,FoxNews,Trump assassination attempt: 3 key takeaways from newly released bodycam,1,10,72
https://www.foxnews.com/politics/aoc-fires-back-fetterman-accuses-him-bleak-dunk-attempt,"AOC fires back at Fetterman, accuses him of 'bleak dunk attempt'",FoxNews,"AOC fires back at Fetterman, accuses him of 'bleak dunk attempt'",1,11,64
https://www.foxnews.com/politics/georgia-judge-overturns-states-six-week-heartbeat-abortion-law-calls-unconstitutional,"Georgia judge overturns state’s six week ‘heartbeat’ abortion law, calls it 'unconstitutional'",FoxNews,"Georgia judge overturns state’s six week ‘heartbeat’ abortion law, calls it 'unconstitutional'",1,12,94
https://www.nbcnews.com/news/world/israel-airstrikes-hit-gaza-after-rocket-attacks-clashes-intensify-jerusalem-n1265180,Israel airstrikes hit Gaza after rocket attacks,NBC,Israel airstrikes hit Gaza after rocket attacks,0,7,47
https://www.nbcnews.com/news/epstein-victim-drops-lawsuit-lawyer-alan-dershowitz-rcna56250,Epstein victim drops her lawsuit against lawyer Alan Dershowitz,NBC,Epstein victim drops her lawsuit against lawyer Alan Dershowitz,0,9,63
https://www.foxnews.com/politics/anti-israel-rhetoric-intensifies-critical-battleground-city-utterly-chilling.print,Anti Israel rhetoric intensifies in critical battleground city: 'Utterly chilling',FoxNews,Anti Israel rhetoric intensifies in critical battleground city: 'Utterly chilling',1,10,82
https://www.nbcnews.com/select/shopping/jbl-clip-5-review-rcna172453,Amazon just marked down my favorite clip on speaker to a crazy low price,NBC,Amazon just marked down my favorite clip on speaker to a crazy low price,0,14,72
https://www.nbcnews.com/news/world/israel-announces-measures-strengthen-settlements-attacks-rcna68046,Israel vows tough measures to 'strengthen' settlements following deadly attacks,NBC,Israel vows tough measures to 'strengthen' settlements following deadly attacks,0,10,79
https://www.nbcnews.com/politics/justice-department/enrique-tarrio-proud-boys-sentenced-jan-6-sedition-case-rcna103280,"Former Proud Boys leader Enrique Tarrio gets 22 years, longest Jan. 6 sentence yet",NBC,"Former Proud Boys leader Enrique Tarrio gets 22 years, longest Jan. 6 sentence yet",0,14,82
https://www.nbcnews.com/politics/donald-trump/president-trump-wrong-mike-pence-rejects-claim-overturned-election-rcna14952,'President Trump is wrong': Pence rejects claim he could have 'overturned the election',NBC,'President Trump is wrong': Pence rejects claim he could have 'overturned the election',0,13,87
https://www.nbcnews.com/news/us-news/atlanta-shooting-victim-s-husband-says-police-detained-him-hours-n1261741,Atlanta shooting victim's husband says police detained him for hours,NBC,Atlanta shooting victim's husband says police detained him for hours,0,10,68
https://www.foxnews.com/food-drink/best-worst-foods-people-diabetes-maintain-good-health,Best and worst foods for people with diabetes to maintain good health,FoxNews,Best and worst foods for people with diabetes to maintain good health,1,12,69
https://www.nbcnews.com/health/health-news/stage-4-kidney-cancer-diagnosis-didnt-stop-young-woman-getting-great-n-rcna31523,She's 31 and has stage 4 kidney cancer. How she still got a great new job.,NBC,She's 31 and has stage 4 kidney cancer. How she still got a great new job.,0,16,74
https://www.nbcnews.com/news/world/israel-protests-netanyahu-judicial-reforms-rcna76942,The fight forthe future of Israel's political system isn't over. Here's what to know.,NBC,The fight forthe future of Israel's political system isn't over. Here's what to know.,0,14,85
https://www.foxnews.com/entertainment/production-companies-said-filming-georgia-states-abortion-law.print,Georgia abortion law: A look back at what Hollywood production companies have said about filming in the state,FoxNews,Georgia abortion law: A look back at what Hollywood production companies have said about filming in the state,1,18,109
https://www.nbcnews.com/politics/2024-election/live-blog/south-carolina-republican-primary-live-updates-rcna139423#rcrd35032,Trump defeats Nikki Haley in the South Carolina Republican primary: Recap,NBC,Trump defeats Nikki Haley in the South Carolina Republican primary: Recap,0,11,73
https://www.foxnews.com/us/illegal-immigrant-suspected-rachel-morin-murder-entered-us-gotaway-after-being-released-3-times-ice,Illegal immigrant suspected in Rachel Morin murder entered US as gotaway after being released 3 times: ICE,FoxNews,Illegal immigrant suspected in Rachel Morin murder entered US as gotaway after being released 3 times: ICE,1,17,106
https://www.nbcnews.com/tech/internet/sextortion-yahoo-boys-snapchat-tiktok-teen-wizz-rcna134200,"Sextortion training materials found on TikTok, Instagram and YouTube, according to new report",NBC,"Sextortion training materials found on TikTok, Instagram and YouTube, according to new report",0,13,93
https://www.foxnews.com/media/kamala-harris-far-left-record-dismissed-accusations-attacks-from-trump-gop-shes-moderate,"Kamala Harris' far left record dismissed as 'accusations,' attacks from Trump and GOP: 'She's moderate'",FoxNews,"Kamala Harris' far left record dismissed as 'accusations,' attacks from Trump and GOP: 'She's moderate'",1,15,103
https://foxnews.com/politics/taylor-swift-endorses-kamala-harris-president-after-debate-ive-made-my-choice,Taylor Swift endorses Kamala Harris for president after debate: ‘I’ve made my choice’,FoxNews,Taylor Swift endorses Kamala Harris for president after debate: ‘I’ve made my choice’,1,13,85
https://www.foxnews.com/politics/judge-blocks-texas-ag-requiring-info-transgender-kids-receiving-gender-transition-treatment,Judge blocks Texas AG from requiring info on transgender kids receiving gender transition treatment,FoxNews,Judge blocks Texas AG from requiring info on transgender kids receiving gender transition treatment,1,14,99
https://www.foxnews.com/entertainment/bruce-willis-paradise-city-hollywood-career,"A look at Bruce Willis’ upcoming acting role in 'Paradise City,’ his storied Hollywood career",FoxNews,"A look at Bruce Willis’ upcoming acting role in 'Paradise City,’ his storied Hollywood career",1,15,93
https://www.foxnews.com/sports/riley-gaines-ncaa-lawsuit-time-we-fight-back,Riley Gaines on NCAA lawsuit: 'It is time that we fight back',FoxNews,Riley Gaines on NCAA lawsuit: 'It is time that we fight back',1,12,61
https://www.nbcnews.com/news/world/israel-gaza-aid-letter-blinken-austin-warning-netanyahu-government-rcna175657,Stern U.S. letter prompts Israel to allow first aid into northern Gaza this month. Will it last?,NBC,Stern U.S. letter prompts Israel to allow first aid into northern Gaza this month. Will it last?,0,17,96
https://www.foxnews.com/media/bill-maher-makes-bold-2024-prediction-after-trump-harris-debate,Bill Maher makes this bold 2024 prediction after Trump Harris debate,FoxNews,Bill Maher makes this bold 2024 prediction after Trump Harris debate,1,11,68
https://www.foxnews.com/media/unzipping-truth-fox-nation-reveals-michael-baden-forensics-cases-heads,Unzipping the truth: Nation series reveals how Dr. Michael Baden's forensics turned cases on their heads,FoxNews,Unzipping the truth: Nation series reveals how Dr. Michael Baden's forensics turned cases on their heads,1,16,104
https://www.foxnews.com/health/mental-health-improves-20-seconds-daily-affirmations-study-self-care-strategy,"Mental health improves with 20 seconds of daily affirmations, study finds: ‘Self care strategy’",FoxNews,"Mental health improves with 20 seconds of daily affirmations, study finds: ‘Self care strategy’",1,14,95
https://www.nbcnews.com/news/world/outspoken-critic-palestinian-authority-nizar-banat-dies-after-violent-arrest-n1272286,Outspoken critic of Palestinian Authority dies after violent arrest,NBC,Outspoken critic of Palestinian Authority dies after violent arrest,0,9,67
https://www.nbcnews.com/select/shopping/best-hair-straightener-brushes-ncna1279216,How effective are hair straightening brushes?,NBC,How effective are hair straightening brushes?,0,6,45
https://www.nbcnews.com/news/world/hezbollah-nasrallah-threats-hamas-israel-iran-gaza-rcna164677,Hezbollah head vows vengeance over killing of Hamas leader in Iran,NBC,Hezbollah head vows vengeance over killing of Hamas leader in Iran,0,11,66
https://www.foxnews.com/us/who-georgia-school-shooter-what-we-know,Who is the alleged Georgia school shooter? What we know,FoxNews,Who is the alleged Georgia school shooter? What we know,1,10,55
https://www.foxnews.com/us/snow-impacts-western-nc-mountain-towns-recovering-hurricane-helene-coldest-air-season-far,Snow impacts western NC mountain towns recovering from Hurricane Helene: 'Coldest air of the season so far',FoxNews,Snow impacts western NC mountain towns recovering from Hurricane Helene: 'Coldest air of the season so far',1,17,107
https://www.nbcnews.com/politics/politics-news/health-care-fraudster-philip-esformes-latest-trump-clemency-recipient-rcna175681,Health care fraudster Philip Esformes is latest Trump clemency recipient to be arrested,NBC,Health care fraudster Philip Esformes is latest Trump clemency recipient to be arrested,0,13,87
https://www.nbcnews.com/politics/donald-trump/trump-hush-money-trial-resumes-second-week-witness-testimony-rcna149848,Key witnesses in Trump’s criminal trial describe how the hush money deals came together,NBC,Key witnesses in Trump’s criminal trial describe how the hush money deals came together,0,14,87
https://www.foxnews.com/politics/biden-supreme-court-leak-womans-right-choose-fundamental,"Biden on Supreme Court leak: Roe should not be overturned, 'A woman's right to choose is fundamental'",FoxNews,"Biden on Supreme Court leak: Roe should not be overturned, 'A woman's right to choose is fundamental'",1,17,101
https://www.nbcnews.com/tech/tech-news/musk-pushes-debunked-dominion-voting-conspiracy-theory-campaign-appear-rcna175985,Musk pushes debunked Dominion voting conspiracy theory at campaign appearance,NBC,Musk pushes debunked Dominion voting conspiracy theory at campaign appearance,0,10,77
https://www.foxnews.com/politics/border-patrol-agents-nab-dozen-suspected-terrorists-southern-border-august,Border Patrol agents nab a dozen people on terror watchlist at southern border in August,FoxNews,Border Patrol agents nab a dozen people on terror watchlist at southern border in August,1,15,88
https://www.nbcnews.com/news/investigations/russias-2024-election-interference-already-begun-rcna134204,Russia’s 2024 election interference has already begun,NBC,Russia’s 2024 election interference has already begun,0,7,53
https://www.nbcnews.com/select/shopping/solar-pool-covers-top-rated-ncna1280026,Best solar pool covers to insulate and save you money,NBC,Best solar pool covers to insulate and save you money,0,10,53
https://www.foxnews.com/politics/house-gop-leaders-call-schumers-israel-comments-inappropriate-demand-apology-impromptu-press-conference,"House GOP leaders call Schumer's Israel comments 'inappropriate,’ demand apology in impromptu press conference",FoxNews,"House GOP leaders call Schumer's Israel comments 'inappropriate,’ demand apology in impromptu press conference",1,14,110
https://www.foxnews.com/health/be-well-take-walk-outside-boost-your-mental-health,Be well: Take a walk outside to boost your mental health,FoxNews,Be well: Take a walk outside to boost your mental health,1,11,56
https://www.foxnews.com/lifestyle/sleep-better-bed-viral-finds,Sleep through the night with these 5 viral bedroom finds,FoxNews,Sleep through the night with these 5 viral bedroom finds,1,10,56
https://www.foxnews.com/official-polls/fox-news-poll-trump-hits-50-wisconsin-edges-harris-just-1-point,"Poll: Trump hits 50% in Wisconsin, edges Harris by just 1 point",FoxNews,"Poll: Trump hits 50% in Wisconsin, edges Harris by just 1 point",1,12,63
https://www.nbcnews.com/politics/2024-election/michelle-obama-former-first-lady-not-running-president-2024-rcna141767,Michelle Obama's office says the former first lady 'will not be running for president' in 2024,NBC,Michelle Obama's office says the former first lady 'will not be running for president' in 2024,0,16,94
https://www.nbcnews.com/news/world/hostage-deal-reached-hamas-release-50-israelis-rcna126146,Israel and Hamas reach deal to release 50 hostages and pause fighting for 4 days in Gaza,NBC,Israel and Hamas reach deal to release 50 hostages and pause fighting for 4 days in Gaza,0,17,88
https://www.nbcnews.com/politics/justice-department/fbi-hasnt-arrested-hundreds-joined-capitol-mob-jan-6-just-ask-maga-com-rcna30509,The FBI hasn’t arrested hundreds who joined the Capitol mob on Jan. 6. Just ask this MAGA comedian.,NBC,The FBI hasn’t arrested hundreds who joined the Capitol mob on Jan. 6. Just ask this MAGA comedian.,0,18,99
https://www.nbcnews.com/news/world/famine-gaza-hunger-israel-hamas-war-rcna141891,"As malnutrition deaths are reported and hunger grows, will 'famine' be declared in Gaza?",NBC,"As malnutrition deaths are reported and hunger grows, will 'famine' be declared in Gaza?",0,14,88
https://www.nbcnews.com/news/us-news/indian-man-charged-alleged-plot-kill-sikh-activist-nyc-rcna127212,DOJ charges Indian man in alleged assassination plot to kill Sikh activist in the U.S.,NBC,DOJ charges Indian man in alleged assassination plot to kill Sikh activist in the U.S.,0,15,86
https://www.nbcnews.com/news/world/turkey-election-erdogan-earthquakes-economy-syria-refugees-rcna84282,Earthquakes and the economy leave Turkey's Erdoğan facing his toughest election in years,NBC,Earthquakes and the economy leave Turkey's Erdoğan facing his toughest election in years,0,13,88
https://www.foxnews.com/world/sinwars-ruthless-brother-mohammed-slated-take-over-leader-hamas.print,Sinwar's ruthless brother Mohammed slated to take over as leader of Hamas,FoxNews,Sinwar's ruthless brother Mohammed slated to take over as leader of Hamas,1,12,73
https://www.foxnews.com/politics/dems-plan-revive-border-bill-rejected-republicans-november-election,Dems plan to revive border bill rejected by Republicans ahead of November election,FoxNews,Dems plan to revive border bill rejected by Republicans ahead of November election,1,13,82
https://www.foxnews.com/media/bloodied-pro-cuba-demonstrator-slams-biden-cubans-dont-want-vaccines-they-want-freedom,"'Bloodied' Little Havana demonstrator slams Biden: 'Cubans don't want vaccines, they want freedom'",FoxNews,"'Bloodied' Little Havana demonstrator slams Biden: 'Cubans don't want vaccines, they want freedom'",1,13,98
https://www.nbcnews.com/news/world/russian-veto-brings-end-un-panel-monitors-north-korea-nuclear-sanction-rcna145577,Russian veto brings an end to the U.N. panel that monitors North Korea nuclear sanctions,NBC,Russian veto brings an end to the U.N. panel that monitors North Korea nuclear sanctions,0,15,88
https://www.foxnews.com/politics/trump-urges-biden-follow-debate-promise-ready,Trump urges Biden to follow through with debate promise: 'I'm ready to go anywhere',FoxNews,Trump urges Biden to follow through with debate promise: 'I'm ready to go anywhere',1,14,83
https://www.nbcnews.com/select/shopping/womens-walking-shoes-amazon-ncna1302556,4 things to look for in comfortable walking shoes plus the best pairs we found on Amazon,NBC,4 things to look for in comfortable walking shoes plus the best pairs we found on Amazon,0,17,88
https://www.foxnews.com/travel/top-thrill-2-roller-coaster-cedar-point-closes-indefinitely-days-after-opening,'Top Thrill 2' roller coaster at Cedar Point closes indefinitely just days after long awaited opening,FoxNews,'Top Thrill 2' roller coaster at Cedar Point closes indefinitely just days after long awaited opening,1,16,101
https://www.foxnews.com/entertainment/matt-damon-rare-appearance-daughters-ben-affleck-jennifer-lopez-heat-up-air-premiere,"Matt Damon makes rare appearance with daughters as Ben Affleck, Jennifer Lopez heat up 'Air' premiere",FoxNews,"Matt Damon makes rare appearance with daughters as Ben Affleck, Jennifer Lopez heat up 'Air' premiere",1,16,101
https://www.foxnews.com/entertainment/elton-john-bids-farewell-philadelphia-freedom-performance,Elton John bids farewell to Philly with 'Philadelphia Freedom' performance,FoxNews,Elton John bids farewell to Philly with 'Philadelphia Freedom' performance,1,10,74
https://www.nbcnews.com/news/world/death-iran-president-raisi-prompts-grief-relief-celebration-rcna153003,"Grief, but also relief for some, after Iran President Raisi dies in helicopter crash",NBC,"Grief, but also relief for some, after Iran President Raisi dies in helicopter crash",0,14,84
https://www.nbcnews.com/weather/hurricanes/hurricane-milton-tracker-map-path-forecast-status-rcna174747,"Hurricane Milton tracker: See map, forecast and status",NBC,"Hurricane Milton tracker: See map, forecast and status",0,8,54
https://www.foxnews.com/politics/trump-targets-biden-harris-over-federal-response-hurricane-incompetently-managed,"Trump targets Biden, Harris over federal response to hurricane: 'Incompetently managed'",FoxNews,"Trump targets Biden, Harris over federal response to hurricane: 'Incompetently managed'",1,11,87
https://www.foxnews.com/politics/sen-john-fetterman-proclaims-unflinching-support-israel-will-not-waver.print,Sen. John Fetterman proclaims unflinching support for Israel: 'Will not waver',FoxNews,Sen. John Fetterman proclaims unflinching support for Israel: 'Will not waver',1,11,78
https://www.nbcnews.com/tech/tech-news/tiktok-creators-file-lawsuit-us-government-over-potential-ban-rcna152265,Eight TikTok creators sue U.S. government over potential ban,NBC,Eight TikTok creators sue U.S. government over potential ban,0,9,60
https://www.nbcnews.com/science/environment/amazon-rainforest-port-records-lowest-water-level-121-years-drought-rcna120575,Amazon rainforest port records lowest water level in 121 years amid drought,NBC,Amazon rainforest port records lowest water level in 121 years amid drought,0,12,75
https://www.foxnews.com/politics/biden-defiantly-charges-ahead-election-run-despite-speculation-he-would-drop-weekend,Biden defiantly charges ahead with election run despite speculation he would drop out this weekend,FoxNews,Biden defiantly charges ahead with election run despite speculation he would drop out this weekend,1,15,98
https://www.foxnews.com/sports/womens-volleyball-team-transgender-player-getting-police-security-amid-backlash-lawsuit,Women's volleyball team with transgender player getting police protection amid backlash and lawsuit,FoxNews,Women's volleyball team with transgender player getting police protection amid backlash and lawsuit,1,13,99
https://www.foxnews.com/us/good-samaritan-helps-drag-wounded-houston-cop-out-highway-gunfight.print,Good Samaritan helps drag wounded Houston cop out of highway gunfight,FoxNews,Good Samaritan helps drag wounded Houston cop out of highway gunfight,1,11,69
https://www.nbcnews.com/select/shopping/editors-favorite-products-march-rcna145578,"The 19 best products we tried and loved this month: Medicube, Phlur and more",NBC,"The 19 best products we tried and loved this month: Medicube, Phlur and more",0,14,76
https://www.nbcnews.com/investigations/trump-doj-officials-supreme-court-made-easy-trump-attack-enemies-rcna160144,Some ex DOJ officials who worked for Trump say the Supreme Court just made it easy for him to weaponize the DOJ,NBC,Some ex DOJ officials who worked for Trump say the Supreme Court just made it easy for him to weaponize the DOJ,0,22,111
https://www.foxnews.com/health/hundreds-rural-hospitals-danger-shutting-down-study-finds-risk-closure,"Hundreds of rural hospitals are in danger of shutting down, study finds: ‘At risk of closure'",FoxNews,"Hundreds of rural hospitals are in danger of shutting down, study finds: ‘At risk of closure'",1,16,93
https://www.foxnews.com/lifestyle/patriot-remembered-military-mom-memorializes-son-died-national-guard-helicopter-crash-book,Patriot remembered: Military mom memorializes son who died in National Guard helicopter crash with new book,FoxNews,Patriot remembered: Military mom memorializes son who died in National Guard helicopter crash with new book,1,16,107
https://www.nbcnews.com/politics/justice-department/new-jan-6-footage-appears-show-rioter-firing-gun-air-capitol-attack-rcna138137,New Jan. 6 footage appears to show rioter firing a gun in the air during Capitol attack,NBC,New Jan. 6 footage appears to show rioter firing a gun in the air during Capitol attack,0,17,87
https://www.nbcnews.com/news/world/russia-ukraine-war-poland-warsaw-bomb-shelters-rcna143161,Poland's capital Warsaw earmarks $30 million for bomb shelters and other security,NBC,Poland's capital Warsaw earmarks $30 million for bomb shelters and other security,0,12,81
https://www.nbcnews.com/politics/2024-election/live-blog/harris-trump-presidential-election-live-updates-rcna172152/rcrd56221?canonicalCard=true,Trump targets young men with nicotine pouch and Jake Paul ads,NBC,Trump targets young men with nicotine pouch and Jake Paul ads,0,11,61
https://www.nbcnews.com/politics/justice-department/trump-supporter-called-capitol-cops-weasels-jan-6-sentenced-prison-rcna42865,Trump supporter who called Capitol cops 'weasels' on Jan. 6 sentenced to prison,NBC,Trump supporter who called Capitol cops 'weasels' on Jan. 6 sentenced to prison,0,13,79
https://www.nbcnews.com/news/us-news/jimmy-carter-turns-100-rcna172235,Jimmy Carter turns 100,NBC,Jimmy Carter turns 100,0,4,22
https://www.nbcnews.com/politics/2024-election/kamala-harris-trump-father-ivf-rcna175788,Harris slams Trump for claiming to be 'the father of IVF',NBC,Harris slams Trump for claiming to be 'the father of IVF',0,11,57
https://www.foxnews.com/politics/schumer-controls-fate-election-integrity-bill-would-require-proof-citizenship-vote,Republicans say Schumer must act on voter proof of citizenship bill if Democrat 'really cares about democracy',FoxNews,Republicans say Schumer must act on voter proof of citizenship bill if Democrat 'really cares about democracy',1,17,110
https://www.foxnews.com/health/researchers-sources-four-brain-disorders-new-treatments,"Researchers find sources of four brain disorders, which could lead to new treatments",FoxNews,"Researchers find sources of four brain disorders, which could lead to new treatments",1,13,84
https://www.nbcnews.com/politics/2024-election/vivek-ramaswamy-wounded-trumps-movement-needs-new-leader-rcna131921,Vivek Ramaswamy argues Trump is ‘wounded’ and his movement needs a new leader,NBC,Vivek Ramaswamy argues Trump is ‘wounded’ and his movement needs a new leader,0,13,77
https://www.foxnews.com/lifestyle/meet-american-wrote-america-beautiful-katharine-lee-bates,"Meet the American who wrote 'America the Beautiful,' Katharine Lee Bates, professor poet prayed for unity",FoxNews,"Meet the American who wrote 'America the Beautiful,' Katharine Lee Bates, professor poet prayed for unity",1,16,105
https://www.nbcnews.com/news/world/5-israeli-soldiers-killed-friendly-fire-northern-gaza-jabalia-rcna152534,5 Israeli soldiers killed by friendly fire in northern Gaza,NBC,5 Israeli soldiers killed by friendly fire in northern Gaza,0,10,59
https://www.nbcnews.com/news/world/israel-hamas-war-manhunt-leader-yahya-sinwar-video-tunnels-gaza-rcna139032,A glimpse of Hamas’ elusive leader is spurring Israel’s military to catch him 'dead or alive',NBC,A glimpse of Hamas’ elusive leader is spurring Israel’s military to catch him 'dead or alive',0,16,93
https://www.foxnews.com/health/father-created-drug-save-his-son-from-rare-disease-now-other-families-desperate-get.print,"Father created a drug to save his son from a rare disease, now other families are desperate to get it",FoxNews,"Father created a drug to save his son from a rare disease, now other families are desperate to get it",1,20,101
https://www.foxnews.com/politics/harris-claims-trump-one-biggest-losers-ever-economy-speech,Harris calls Trump 'one of the biggest losers ever' during economy speech in key battleground,FoxNews,Harris calls Trump 'one of the biggest losers ever' during economy speech in key battleground,1,15,93
https://www.foxnews.com/official-polls/fox-news-poll-majorities-approve-president-biden-dropping-out-2024-race-dont-think-he-should-resign,"Poll: Majorities approve President Biden dropping out of 2024 race, but don’t think he should resign",FoxNews,"Poll: Majorities approve President Biden dropping out of 2024 race, but don’t think he should resign",1,16,100
https://www.foxnews.com/us/illegal-masterminds-nyc-robbery-ring-hacked-bank-apps-resold-stolen-phones-overseas,"Illegal masterminds of NYC robbery ring hacked bank apps, resold stolen phones overseas",FoxNews,"Illegal masterminds of NYC robbery ring hacked bank apps, resold stolen phones overseas",1,13,87
https://www.foxnews.com/politics/republican-democrat-team-up-tackle-student-loan-debt-biden-harris-forgiveness-bids-derail,"Florida Republican, Democrat team up to tackle student loan debt as Biden Harris forgiveness bids derail",FoxNews,"Florida Republican, Democrat team up to tackle student loan debt as Biden Harris forgiveness bids derail",1,16,104
https://www.foxnews.com/opinion/oct-7-anniversary-we-remember-betrayal-silence.print,"On Oct. 7 anniversary, we remember this betrayal of silence",FoxNews,"On Oct. 7 anniversary, we remember this betrayal of silence",1,10,59
https://www.nbcnews.com/news/world/former-bangladesh-leader-calls-inquiry-killings-unrest-led-ouster-rcna166522,Former Bangladesh leader calls for inquiry into killings during unrest that led to her ouster,NBC,Former Bangladesh leader calls for inquiry into killings during unrest that led to her ouster,0,15,93
https://www.foxnews.com/food-drink/tiktok-video-fast-food-restaurant-shows-how-speedy-machine-makes-salad-bowl-no-time,TikTok video at fast food restaurant shows how speedy machine makes salad bowl in no time,FoxNews,TikTok video at fast food restaurant shows how speedy machine makes salad bowl in no time,1,16,89
https://www.nbcnews.com/nbc-out/out-news/matthew-shepards-mom-calls-anti-lgbtq-bills-vicious-attack-25-years-mu-rcna121240,Matthew Shepard’s mom calls anti LGBTQ bills a ‘vicious attack’ 25 years after his murder,NBC,Matthew Shepard’s mom calls anti LGBTQ bills a ‘vicious attack’ 25 years after his murder,0,15,89
https://www.foxnews.com/politics/harris-off-putting-manner-put-zelenskyy-defensive-ahead-russian-invasion-new-book-reveals,"Harris' off putting manner put Zelenskyy on defensive ahead of Russian invasion, new book reveals",FoxNews,"Harris' off putting manner put Zelenskyy on defensive ahead of Russian invasion, new book reveals",1,15,97
https://www.foxnews.com/media/former-secret-service-agent-questions-why-trump-rushed-stage-amid-threat-concerns,Former Secret Service agent questions why Trump was allowed on stage amid threat concerns: 'Why not delay?',FoxNews,Former Secret Service agent questions why Trump was allowed on stage amid threat concerns: 'Why not delay?',1,17,107
https://www.nbcnews.com/politics/congress/jan-6-panel-warns-attempts-influence-witnesses-trump-allies-rcna35800,Jan. 6 panel warns of attempts to 'influence' witnesses by Trump allies,NBC,Jan. 6 panel warns of attempts to 'influence' witnesses by Trump allies,0,12,71
https://www.foxnews.com/opinion/bidens-moral-equivalency-between-israel-palestinians-will-result-failure-again,Biden’s moral equivalency between Israel and the Palestinians will result in failure again,FoxNews,Biden’s moral equivalency between Israel and the Palestinians will result in failure again,1,13,90
https://www.foxnews.com/politics/trump-announces-ohio-senator-j-d-vance-his-2024-running-mate,Trump announces Ohio Sen JD Vance as his 2024 running mate,FoxNews,Trump announces Ohio Sen JD Vance as his 2024 running mate,1,11,58
https://www.foxnews.com/politics/veterans-increasingly-calling-out-walzs-military-record-shameful,Veterans increasingly calling out Walz's military record: 'Shameful',FoxNews,Veterans increasingly calling out Walz's military record: 'Shameful',1,8,68
https://www.foxnews.com/media/parents-rights-groups-newest-addition-southern-poverty-law-centers-hate-extremism-report,Parents' rights groups are the newest addition to Southern Poverty Law Center's 'Hate and Extremism' report,FoxNews,Parents' rights groups are the newest addition to Southern Poverty Law Center's 'Hate and Extremism' report,1,16,107
https://www.foxnews.com/politics/over-200-former-bush-mccain-and-romney-staffers-endorse-harris-the-alternative-is-simply-untenable,"Over 200 former Bush, McCain, Romney staffers endorse Harris: 'The alternative ... is simply untenable'",FoxNews,"Over 200 former Bush, McCain, Romney staffers endorse Harris: 'The alternative ... is simply untenable'",1,15,103
https://www.nbcnews.com/politics/congress/trump-surrogate-byron-donalds-harkens-back-jim-crow-era-black-family-w-rcna155663,Trump surrogate Byron Donalds hearkens back to Jim Crow era when 'the Black family was together',NBC,Trump surrogate Byron Donalds hearkens back to Jim Crow era when 'the Black family was together',0,16,96
https://www.nbcnews.com/politics/elections/north-carolina-elections-risk-chaos-legislatures-proposed-overhaul-rcna91295,North Carolina elections at risk of chaos with Legislature's proposed overhaul,NBC,North Carolina elections at risk of chaos with Legislature's proposed overhaul,0,11,78
https://www.nbcnews.com/politics/2024-election/young-voters-take-new-look-harris-are-waiting-instead-committing-rcna166647,"Young voters take a new look at Harris, but some are waiting instead of committing",NBC,"Young voters take a new look at Harris, but some are waiting instead of committing",0,15,82
https://www.nbcnews.com/news/world/wave-protests-iran-reflects-seething-anger-regime-treats-women-rcna48643,Wave of protests in Iran reflects seething anger over how its regime treats women,NBC,Wave of protests in Iran reflects seething anger over how its regime treats women,0,14,81
https://www.nbcnews.com/politics/2024-election/ron-desantis-says-us-shouldnt-take-refugees-gaza-rcna120457,Ron DeSantis says U.S. shouldn't take in refugees from Gaza,NBC,Ron DeSantis says U.S. shouldn't take in refugees from Gaza,0,10,59
https://www.foxnews.com/politics/rfk-jr-corporate-media-attacked-more-president-trump,RFK Jr says ‘corporate media’ has attacked him ‘even more than President Trump’,FoxNews,RFK Jr says ‘corporate media’ has attacked him ‘even more than President Trump’,1,13,79
https://www.nbcnews.com/news/world/iranian-president-says-tehran-will-spend-6-billion-released-prisoner-e-rcna104475,Iranian president says Tehran will spend the $6 billion released in prisoner exchange ‘wherever we need it’,NBC,Iranian president says Tehran will spend the $6 billion released in prisoner exchange ‘wherever we need it’,0,17,107
https://www.foxnews.com/media/rachel-maddow-defends-msnbcs-refusal-air-trumps-iowa-victory-speech-not-spite,Rachel Maddow defends MSNBC's refusal to air Trump's Iowa victory speech: ‘Not out of spite’,FoxNews,Rachel Maddow defends MSNBC's refusal to air Trump's Iowa victory speech: ‘Not out of spite’,1,15,92
https://www.foxnews.com/health/20-worst-places-live-have-asthma-major-health-organization,"20 worst places to live if you have asthma, per major health organization",FoxNews,"20 worst places to live if you have asthma, per major health organization",1,13,73
https://www.nbcnews.com/news/world/iranian-president-says-not-want-war-israel-rcna172190,Iranian president says he doesn't want war with Israel,NBC,Iranian president says he doesn't want war with Israel,0,9,54
https://www.foxnews.com/lifestyle/on-this-day-history-jan-17-1706-benjamin-franklin-founding-father-born-boston,"On this day in history, January 17, 1706, Benjamin Franklin, Founding Father, is born in Boston",FoxNews,"On this day in history, January 17, 1706, Benjamin Franklin, Founding Father, is born in Boston",1,16,95
https://www.foxnews.com/sports/kentucky-derby-most-memorable-races-history,11 monumental Kentucky Derby moments from years past,FoxNews,11 monumental Kentucky Derby moments from years past,1,8,52
https://www.foxnews.com/health/mother-frantic-save-clinical-trial-could-cure-daughter-treatment-sitting-fridge.print,Mother frantic to save clinical trial that could cure her daughter: ‘The treatment is sitting in a fridge',FoxNews,Mother frantic to save clinical trial that could cure her daughter: ‘The treatment is sitting in a fridge',1,18,106
https://www.nbcnews.com/news/world/full-transcript-read-lester-holts-interview-iranian-president-ebrahim-rcna104913,Full Transcript: Read Lester Holt’s interview with Iranian President Ebrahim Raisi,NBC,Full Transcript: Read Lester Holt’s interview with Iranian President Ebrahim Raisi,0,11,82
https://www.foxnews.com/politics/jewish-americans-on-edge-amid-growing-anti-israel-hostility-coordinated-effort,Jewish Americans on edge amid growing anti Israel hostility: 'Coordinated effort',FoxNews,Jewish Americans on edge amid growing anti Israel hostility: 'Coordinated effort',1,11,81
https://www.nbcnews.com/news/latino/fema-acknowledges-puerto-rico-lacks-rebuilt-homes-hospital-survive-covid-n1234810,FEMA acknowledges Puerto Rico lacks rebuilt homes and a hospital to survive COVID 19,NBC,FEMA acknowledges Puerto Rico lacks rebuilt homes and a hospital to survive COVID 19,0,14,84
https://www.nbcnews.com/investigations/police-roof-trump-shooter-butler-rally-never-spoke-secret-service-rcna172007,"Local police responsible for roof where Trump shooter hid at Butler rally had never spoken to Secret Service, report says",NBC,"Local police responsible for roof where Trump shooter hid at Butler rally had never spoken to Secret Service, report says",0,20,121
https://www.foxnews.com/entertainment/taylor-swift-travis-kelces-romance-under-microscope-after-singer-skipped-last-two-games,"Taylor Swift, Travis Kelce’s romance under microscope after singer skipped last two games",FoxNews,"Taylor Swift, Travis Kelce’s romance under microscope after singer skipped last two games",1,13,89
https://www.nbcnews.com/politics/2024-election/justice-department-endorse-kamala-harris-fear-trump-rcna163069,"Fearing a Trump takeover, Justice Department alumni endorse Kamala Harris",NBC,"Fearing a Trump takeover, Justice Department alumni endorse Kamala Harris",0,10,73
https://www.nbcnews.com/news/world/israeli-rescue-hamas-hostages-gaza-brutal-painful-rcna120061,Here’s why any Israeli attempt to rescue hostages in Gaza will be ‘brutal’,NBC,Here’s why any Israeli attempt to rescue hostages in Gaza will be ‘brutal’,0,13,74
https://www.foxnews.com/politics/unearthed-photo-shows-tim-walz-appointee-decorated-house-posters-communist-dictators,Unearthed photo shows Tim Walz appointee decorated house with posters of murderous communist dictators,FoxNews,Unearthed photo shows Tim Walz appointee decorated house with posters of murderous communist dictators,1,14,102
https://www.foxnews.com/lifestyle/meet-american-made-flip-fast-food-white-castle-founder-billy-ingram,Meet the American who made us flip for fast food: White Castle founder Billy Ingram,FoxNews,Meet the American who made us flip for fast food: White Castle founder Billy Ingram,1,15,83
https://www.foxnews.com/us/utah-mom-kept-missing-daughter-hidden-cult-compound-months-help-from-adult-sons-prosecutors,"Utah mom kept missing daughter, 5, hidden in cult 'compound' for months with help from adult sons: prosecutors",FoxNews,"Utah mom kept missing daughter, 5, hidden in cult 'compound' for months with help from adult sons: prosecutors",1,18,110
https://www.foxnews.com/us/seven-deadly-sins-biker-gang-founder-kills-7-people-dog.print,‘Seven Deadly Sins’ biker gang founder kills seven people and dog,FoxNews,‘Seven Deadly Sins’ biker gang founder kills seven people and dog,1,11,65
https://www.nbcnews.com/meet-the-press/meetthepressblog/trump-calls-people-charged-convicted-jan-6-riots-hostages-rcna123617,Trump calls people charged and convicted for Jan. 6 riots 'hostages',NBC,Trump calls people charged and convicted for Jan. 6 riots 'hostages',0,11,68
https://www.foxnews.com/politics/why-jd-vance-concentrating-three-states-red-wall-november,Why JD Vance is concentrating on these 3 states: 'Red wall in November',FoxNews,Why JD Vance is concentrating on these 3 states: 'Red wall in November',1,13,71
https://www.foxnews.com/media/5-over-top-dnc-media-moments-coining-term-kamala-harris-democrats-comparing-obama-jesus,"5 over the top DNC media moments, from coining the term 'Kamala Harris Democrats' to comparing Obama and Jesus",FoxNews,"5 over the top DNC media moments, from coining the term 'Kamala Harris Democrats' to comparing Obama and Jesus",1,19,110
https://www.foxnews.com/travel/top-us-states-most-likely-strike-gold.print,Top US states where you're most likely to strike gold,FoxNews,Top US states where you're most likely to strike gold,1,10,53
https://www.foxnews.com/media/laura-ingraham-walz-has-helped-tank-law-enforcement-his-state-his-way-tanking-education,LAURA INGRAHAM: Walz has helped tank law enforcement in his state and is on his way to tanking education,FoxNews,LAURA INGRAHAM: Walz has helped tank law enforcement in his state and is on his way to tanking education,1,19,104
https://www.nbcnews.com/politics/congress/speaker-johnson-trump-allies-tried-overturn-2020-election-roll-new-vot-rcna151256,Speaker Mike Johnson and Trump allies who tried to overturn the 2020 election roll out voting 'integrity' bill,NBC,Speaker Mike Johnson and Trump allies who tried to overturn the 2020 election roll out voting 'integrity' bill,0,18,110
https://www.foxnews.com/politics/queen-congress-elizabeth-ii-addressed-capitol-hill-lawmakers-1991,The queen and Congress: Elizabeth II addressed Capitol Hill lawmakers in 1991,FoxNews,The queen and Congress: Elizabeth II addressed Capitol Hill lawmakers in 1991,1,12,77
https://www.nbcnews.com/news/world/live-blog/israel-hamas-war-live-updates-rcna138259,Israel rescues 2 hostages; IDF launches airstrikes on Rafah despite global concern,NBC,Israel rescues 2 hostages; IDF launches airstrikes on Rafah despite global concern,0,12,82
https://www.nbcnews.com/politics/donald-trump/trump-accuses-doj-mishandling-downplaying-second-assassination-plot-rcna172315,Trump accuses DOJ of 'mishandling and downplaying' second assassination plot,NBC,Trump accuses DOJ of 'mishandling and downplaying' second assassination plot,0,10,76
https://www.foxnews.com/politics/schumer-backed-border-bill-fails-second-time-even-less-dem-support,Schumer backed border bill fails a second time with even less Dem support,FoxNews,Schumer backed border bill fails a second time with even less Dem support,1,13,73
https://www.nbcnews.com/news/irans-axis-resistance-collapsing-israeli-attacks-rcna173169,Is Iran's 'axis of resistance' collapsing under Israeli attacks?,NBC,Is Iran's 'axis of resistance' collapsing under Israeli attacks?,0,9,64
https://www.nbcnews.com/politics/donald-trump/jack-smith-urges-trump-classified-docs-judge-set-clarence-thomas-opini-rcna161669,Jack Smith urges Trump classified docs judge to set aside Clarence Thomas opinion on special counsels,NBC,Jack Smith urges Trump classified docs judge to set aside Clarence Thomas opinion on special counsels,0,16,101
https://www.foxnews.com/entertainment/whoopi-goldberg-view-barbara-walters-saved-career-after-2004-george-bush-controversy,"Whoopi Goldberg says 'The View,' Barbara Walters saved her career after 2004 George Bush controversy",FoxNews,"Whoopi Goldberg says 'The View,' Barbara Walters saved her career after 2004 George Bush controversy",1,15,100
https://www.foxnews.com/media/trump-says-howard-stern-great-went-woke-ratings-down-tubes,Trump says Howard Stern was great until he ‘went woke’ and ratings have 'gone down the tubes',FoxNews,Trump says Howard Stern was great until he ‘went woke’ and ratings have 'gone down the tubes',1,17,93
https://www.nbcnews.com/news/asian-america/how-sex-addiction-has-historically-been-used-absolve-white-men-n1261623,How 'sex addiction' has historically been used to absolve white men,NBC,How 'sex addiction' has historically been used to absolve white men,0,11,67
https://www.foxnews.com/media/kamala-harris-struggling-how-shes-different-biden-the-view-surprises-cnn-panel.print,Kamala Harris struggling to say how she's different than Biden on 'The View' surprises CNN panel,FoxNews,Kamala Harris struggling to say how she's different than Biden on 'The View' surprises CNN panel,1,16,96
https://www.foxnews.com/politics/hispanic-house-dems-accuse-biden-leaving-them-dark-possible-executive-action-border,Hispanic House Dems accuse Biden of leaving them in dark on possible executive action at border,FoxNews,Hispanic House Dems accuse Biden of leaving them in dark on possible executive action at border,1,16,95
https://www.nbcnews.com/politics/2024-election/hakeem-jeffries-democrats-house-majority-2024-election-calm-governance-rcna174499,Hakeem Jeffries pitches calm governance over chaos as Democrats seek the House majority,NBC,Hakeem Jeffries pitches calm governance over chaos as Democrats seek the House majority,0,13,87
https://www.nbcnews.com/politics/white-house/biden-moves-ahead-tariff-hikes-numerous-chinese-goods-rcna152090,Biden moves ahead on tariff hikes for numerous Chinese goods,NBC,Biden moves ahead on tariff hikes for numerous Chinese goods,0,10,60
https://www.nbcnews.com/select/shopping/cuticle-care-oils-cutters-pushers-ncna1279777,Cuticle trimming: yes or no? Here’s what nail experts actually recommend,NBC,Cuticle trimming: yes or no? Here’s what nail experts actually recommend,0,11,72
https://www.nbcnews.com/politics/elections/election-results-point-major-gop-liability-abortion-heading-2024-rcna123103,Election results point to major GOP liability on abortion heading into 2024,NBC,Election results point to major GOP liability on abortion heading into 2024,0,12,75
https://www.nbcnews.com/politics/justice-department/giuliani-powell-appear-alleged-trump-co-conspirators-rcna97641,Rudy Giuliani and Sidney Powell appear to be among alleged Trump co conspirators,NBC,Rudy Giuliani and Sidney Powell appear to be among alleged Trump co conspirators,0,13,80
https://www.nbcnews.com/politics/national-security/cia-director-iranian-attack-israel-was-spectacular-failure-rcna148461,CIA director: Iranian attack on Israel was a 'spectacular failure',NBC,CIA director: Iranian attack on Israel was a 'spectacular failure',0,10,66
https://www.nbcnews.com/politics/elections/republicans-are-spending-millions-turnout-operations-are-deeply-flawed-rcna74920,"Republicans are spending millions on turnout operations that are deeply flawed, insiders say",NBC,"Republicans are spending millions on turnout operations that are deeply flawed, insiders say",0,13,92
https://www.nbcnews.com/politics/donald-trump/false-claims-fema-disaster-funds-migrants-pushed-trump-rcna173955,False claims about FEMA disaster funds and migrants pushed by Trump,NBC,False claims about FEMA disaster funds and migrants pushed by Trump,0,11,67
https://www.foxnews.com/politics/first-fox-top-outside-group-backing-senate-republicans,First on : Top outside group backing Senate Republicans showcases fundraising haul,FoxNews,First on : Top outside group backing Senate Republicans showcases fundraising haul,1,12,82
https://www.foxnews.com/us/california-man-allegedly-robbed-bank-took-hostages-day-release-state-prison-doj,"California man allegedly robbed bank, took hostages day after release from state prison: DOJ",FoxNews,"California man allegedly robbed bank, took hostages day after release from state prison: DOJ",1,14,92
https://www.nbcnews.com/politics/2024-election/harris-campaign-adds-top-adviser-lead-outreach-muslim-arab-voters-rcna166318,Harris' campaign adds top adviser to lead outreach to Muslim and Arab voters,NBC,Harris' campaign adds top adviser to lead outreach to Muslim and Arab voters,0,13,76
https://www.foxnews.com/politics/cash-dash-trump-tops-biden-fundraising-battle-past-three-months,Cash Dash: Trump tops Biden in fundraising battle the past three months,FoxNews,Cash Dash: Trump tops Biden in fundraising battle the past three months,1,12,71
https://www.nbcnews.com/news/world/israel-braces-weekend-violence-after-spate-shootings-eviction-protests-n1266697,Violence and protests expected in Israel after spate of shootings,NBC,Violence and protests expected in Israel after spate of shootings,0,10,65
https://www.nbcnews.com/news/world/israel-hamas-war-friendly-fire-incidents-gaza-soldiers-killed-rcna135089,Deaths of Israeli soldiers in explosion highlight friendly fire accidents in Gaza,NBC,Deaths of Israeli soldiers in explosion highlight friendly fire accidents in Gaza,0,12,81
https://www.foxnews.com/world/idf-investigating-whether-hamas-chief-yahya-sinwar-killed-gaza-operations.print,"Hamas terror leader Yahya Sinwar killed in Gaza, Israel says",FoxNews,"Hamas terror leader Yahya Sinwar killed in Gaza, Israel says",1,10,60
https://www.nbcnews.com/sports/mlb/guardians-yankees-alcs-game-3-rcna176042,Guardians stun Yankees on walk off home run in extra innings,NBC,Guardians stun Yankees on walk off home run in extra innings,0,11,60
https://www.foxnews.com/food-drink/salad-always-better-choice-sandwich-think-twice.print,Is a salad always a better choice than a sandwich? Think twice about that,FoxNews,Is a salad always a better choice than a sandwich? Think twice about that,1,14,73
https://www.nbcnews.com/news/latino/song-wins-latin-grammy-one-songwriters-cuban-prison-rcna6150,A hit song wins a Latin Grammy. One of its songwriters is in a Cuban prison.,NBC,A hit song wins a Latin Grammy. One of its songwriters is in a Cuban prison.,0,16,76
https://www.nbcnews.com/politics/2024-election/harris-releases-medical-report-saying-fit-office-trump-yet-provide-spe-rcna175129,Harris releases medical report saying she's fit for office; Trump has yet to provide his,NBC,Harris releases medical report saying she's fit for office; Trump has yet to provide his,0,15,88
https://www.nbcnews.com/politics/2024-election/harris-proposes-raising-corporate-tax-rate-28-rolling-back-trump-law-rcna167208,"Harris proposes raising the corporate tax rate to 28%, rolling back a Trump law",NBC,"Harris proposes raising the corporate tax rate to 28%, rolling back a Trump law",0,14,79
https://www.foxnews.com/sports/riley-gaines-slams-new-title-ix-protections-most-anti-woman-pursuit-biden-administration.print,Riley Gaines slams new Title IX protections as the 'most anti woman' pursuit of the Biden administration,FoxNews,Riley Gaines slams new Title IX protections as the 'most anti woman' pursuit of the Biden administration,1,17,104
https://www.nbcnews.com/politics/2024-election/key-nebraska-republican-opposes-changing-state-awards-electoral-votes-rcna172276,"Key Nebraska Republican opposes changing how the state awards electoral votes, blocking Trump push",NBC,"Key Nebraska Republican opposes changing how the state awards electoral votes, blocking Trump push",0,14,98
https://www.nbcnews.com/politics/2024-election/gop-senate-candidates-soften-abortion-stances-2024-roe-losing-streak-rcna125185,GOP Senate candidates soften their abortion stances amid a post Roe losing streak,NBC,GOP Senate candidates soften their abortion stances amid a post Roe losing streak,0,13,81
https://www.foxnews.com/health/new-drug-stiff-person-syndrome-granted-designation-speed-development-thrilled-community,New drug for stiff person syndrome granted designation to speed up development: ‘Thrilled for the community’,FoxNews,New drug for stiff person syndrome granted designation to speed up development: ‘Thrilled for the community’,1,16,108
https://www.foxnews.com/politics/ohio-haitian-community-leader-argues-america-should-open-country-everybody.print,Ohio Haitian community leader argues ‘America should be an open country for everybody’,FoxNews,Ohio Haitian community leader argues ‘America should be an open country for everybody’,1,13,86
https://www.foxnews.com/politics/new-trump-website-reveals-how-much-money-harris-presidency-could-cost-taxpayers.print,New Trump website reveals how much money a Harris presidency could cost taxpayers,FoxNews,New Trump website reveals how much money a Harris presidency could cost taxpayers,1,13,81
https://www.nbcnews.com/news/world/israel-hamas-truce-greeted-relief-skepticism-celebration-gaza-n1268109,"Truce greeted with relief, skepticism in Israel and joy in Gaza",NBC,"Truce greeted with relief, skepticism in Israel and joy in Gaza",0,11,63
https://www.foxnews.com/politics/texas-appeals-court-blocks-state-investigating-parents-providing-children-transgender-treatment,Texas appeals court blocks state from investigating parents providing children with transgender treatment,FoxNews,Texas appeals court blocks state from investigating parents providing children with transgender treatment,1,13,105
https://www.foxnews.com/sports/panthers-owner-donates-3-million-hurricane-helene-relief-efforts-bucs-also-give-seven-figures,Panthers owners donates $3 million to Hurricane Helene relief efforts; Bucs also give seven figures,FoxNews,Panthers owners donates $3 million to Hurricane Helene relief efforts; Bucs also give seven figures,1,15,99
https://www.foxnews.com/sports/nfl-great-believes-panic-jets-organization-played-role-robert-salehs-firing,NFL great believes panic in Jets’ organization played a role in Robert Saleh’s firing,FoxNews,NFL great believes panic in Jets’ organization played a role in Robert Saleh’s firing,1,14,85
https://www.nbcnews.com/politics/donald-trump/trump-splits-ally-mccarthy-ashli-babbitt-shooting-jan-6-rcna69018,Trump splits with ally McCarthy over Ashli Babbitt shooting on Jan. 6,NBC,Trump splits with ally McCarthy over Ashli Babbitt shooting on Jan. 6,0,12,69
https://www.foxnews.com/media/cnn-host-surprised-harris-2019-policy-positions-like-decriminalizing-drugs-funding-migrant-sex-changes.print,"CNN host surprised by Harris’ 2019 policy positions like decriminalizing drugs, funding migrant sex changes",FoxNews,"CNN host surprised by Harris’ 2019 policy positions like decriminalizing drugs, funding migrant sex changes",1,15,107
https://www.nbcnews.com/feature/nbc-out/laramie-project-stages-special-reading-matthew-shepard-murder-annivers-rcna119957,'The Laramie Project' stages a special reading on the 25th anniversary of Shepard murder,NBC,'The Laramie Project' stages a special reading on the 25th anniversary of Shepard murder,0,14,88
https://www.nbcnews.com/news/world/live-blog/israel-hamas-war-live-updates-rcna128049/rcrd27249?canonicalCard=true,U.S. to impose visa restrictions on extremist Israeli settlers,NBC,U.S. to impose visa restrictions on extremist Israeli settlers,0,9,62
https://www.foxnews.com/us/rachel-morin-murder-maryland-police-discuss-potential-suspect-womans-mysterious-death.print,"Rachel Morin murder: Maryland police tie crime scene DNA to Los Angeles assault, home invasion",FoxNews,"Rachel Morin murder: Maryland police tie crime scene DNA to Los Angeles assault, home invasion",1,15,94
https://www.foxnews.com/entertainment/jelly-roll-embraces-role-country-music-revolution-overcoming-addiction-prison-time,Jelly Roll embraces role in country music revolution after overcoming addiction and prison time,FoxNews,Jelly Roll embraces role in country music revolution after overcoming addiction and prison time,1,14,95
https://www.foxnews.com/lifestyle/kids-video-gaming-health-experts-fret-fuel-using-win,"Kids may like video gaming, but health experts fret about the 'fuel' they may be using to 'win'",FoxNews,"Kids may like video gaming, but health experts fret about the 'fuel' they may be using to 'win'",1,18,95
https://www.foxnews.com/entertainment/jelly-roll-felonies-prevent-him-booking-gigs-overseas,Jelly Roll says his felonies prevent him from booking gigs overseas,FoxNews,Jelly Roll says his felonies prevent him from booking gigs overseas,1,11,67
https://www.foxnews.com/politics/harris-holds-big-advantage-among-early-voters-trump-election-day-voters-poll,"Harris holds big advantage among early voters, Trump with Election Day voters: poll",FoxNews,"Harris holds big advantage among early voters, Trump with Election Day voters: poll",1,13,83
https://www.foxnews.com/politics/one-year-anniversary-oct-7-attacks-arrives-lasting-trauma-israelis-american-jews-expert,"One year anniversary of Oct. 7 attacks arrives with lasting trauma for Israelis, American Jews: expert",FoxNews,"One year anniversary of Oct. 7 attacks arrives with lasting trauma for Israelis, American Jews: expert",1,16,102
https://www.nbcnews.com/news/world/live-blog/live-updates-israel-urges-civilians-leave-eastern-rafah-cease-fire-hop-rcna150801,Hamas says it agreed to a cease fire proposal; Israel strikes Rafah and says deal âfar fromâ meeting its demands,NBC,Hamas says it agreed to a cease fire proposal; Israel strikes Rafah and says deal âfar fromâ meeting its demands,0,20,116
https://www.nbcnews.com/news/us-news/university-pennsylvania-president-steps-criticism-antisemitism-testimo-rcna128712,University of Pennsylvania president steps down amid criticism of antisemitism testimony,NBC,University of Pennsylvania president steps down amid criticism of antisemitism testimony,0,11,88
https://www.foxnews.com/media/bill-maher-trashes-kamala-harris-being-full-s-israel-middle-east-just-shut-up.print,"Bill Maher trashes Kamala Harris for being 'full of s ' on Israel, Middle East: 'Just shut up'",FoxNews,"Bill Maher trashes Kamala Harris for being 'full of s ' on Israel, Middle East: 'Just shut up'",1,18,94
https://www.foxnews.com/media/ny-times-ap-washington-post-raise-eyebrows-glowing-coverage-terror-leader-hassan-nasrallah,"NY Times, AP, Washington Post raise eyebrows with glowing coverage of terror leader Hassan Nasrallah",FoxNews,"NY Times, AP, Washington Post raise eyebrows with glowing coverage of terror leader Hassan Nasrallah",1,15,100
https://www.foxnews.com/politics/biden-cancels-overseas-trip-milton-bears-down-florida-desantis-tells-vp-its-not-about-you-kamala,Biden cancels overseas trip as Milton bears down on Florida; DeSantis tells VP 'it's not about you Kamala',FoxNews,Biden cancels overseas trip as Milton bears down on Florida; DeSantis tells VP 'it's not about you Kamala',1,18,106
https://www.nbcnews.com/select/shopping/best-tech-gifts-giftable-tech-awards-rcna121422,Gift a new set of speakers you won’t have to help them set up. We picked the most giftable tech for everyone on your list.,NBC,Gift a new set of speakers you won’t have to help them set up. We picked the most giftable tech for everyone on your list.,0,25,122
https://www.nbcnews.com/news/world/china-building-nuclear-weapons-arsenal-faster-rcna121349,"China is building up its nuclear arsenal faster than predicted, U.S. report says",NBC,"China is building up its nuclear arsenal faster than predicted, U.S. report says",0,13,80
https://www.nbcnews.com/news/world/south-korea-suspend-military-pact-north-trash-balloons-rcna155131,South Korea to suspend military pact with North over trash balloons,NBC,South Korea to suspend military pact with North over trash balloons,0,11,67
https://www.nbcnews.com/news/world/timeline-idf-mistakenly-killed-3-israeli-hostages-gaza-rcna130092,IDF mistakenly killed 3 Israeli hostages in Gaza. This is what we know so far.,NBC,IDF mistakenly killed 3 Israeli hostages in Gaza. This is what we know so far.,0,15,78
https://www.nbcnews.com/news/world/live-blog/israel-hamas-war-live-updates-rcna134047/rcrd31099?canonicalCard=true,"Gaza hits 96 hour telecom blackout, a new record",NBC,"Gaza hits 96 hour telecom blackout, a new record",0,9,48
https://www.foxnews.com/politics/black-group-fires-back-obama-insulting-harris-pitch-worst-kind-identity-politics,Black group fires back at Obama for ‘insulting’ Harris pitch: 'Worst kind of identity politics',FoxNews,Black group fires back at Obama for ‘insulting’ Harris pitch: 'Worst kind of identity politics',1,15,95
https://www.nbcnews.com/politics/2024-election/skeptical-voters-wrestle-know-kamala-harris-seen-donald-trump-rcna168784,Skeptical voters wrestle with what they know about Harris versus what they've seen from Trump,NBC,Skeptical voters wrestle with what they know about Harris versus what they've seen from Trump,0,15,93
https://www.foxnews.com/politics/reports-biden-white-house-sharing-sensitive-hamas-intel-draws-outrage,Reports of Biden White House keeping 'sensitive' Hamas intel from Israel draws outrage,FoxNews,Reports of Biden White House keeping 'sensitive' Hamas intel from Israel draws outrage,1,13,86
https://www.foxnews.com/us/woke-da-sued-by-own-office-allegedly-protecting-ethics-chief-charged-with-felonies,'Woke' DA sued by his own office for allegedly protecting ethics chief charged with felonies,FoxNews,'Woke' DA sued by his own office for allegedly protecting ethics chief charged with felonies,1,15,92
https://www.foxnews.com/media/kamala-harris-latest-word-salad-honors-women-made-history-throughout-history-womens-history-month,Kamala Harris' latest word salad honors 'women who made history throughout history' for Women's History Month,FoxNews,Kamala Harris' latest word salad honors 'women who made history throughout history' for Women's History Month,1,16,109
https://www.foxnews.com/world/stories-torture-torment-revealed-israeli-children-kidnapped-hamas-terrorists,"Stories of torture, torment revealed by Israeli children kidnapped by Hamas terrorists",FoxNews,"Stories of torture, torment revealed by Israeli children kidnapped by Hamas terrorists",1,12,86
https://www.foxnews.com/politics/ai-sector-frustrated-congress-slow-pace-keeping-up-advanced-tech.print,AI sector frustrated by Congress' slow pace keeping up with the advanced tech,FoxNews,AI sector frustrated by Congress' slow pace keeping up with the advanced tech,1,13,77
https://www.foxnews.com/world/biden-warned-meddling-israeli-politics-intel-report-says-netanyahus-leadership-jeopardy,Biden warned about 'meddling' in Israeli politics after intel report says Netanyahu's leadership 'in jeopardy',FoxNews,Biden warned about 'meddling' in Israeli politics after intel report says Netanyahu's leadership 'in jeopardy',1,15,110
https://www.foxnews.com/food-drink/dolly-parton-sister-share-sweet-potato-casserole-recipe-perfect-fall,Dolly Parton and her sister share their 'Sweet Potato Casserole' recipe: 'Perfect for the fall',FoxNews,Dolly Parton and her sister share their 'Sweet Potato Casserole' recipe: 'Perfect for the fall',1,15,95
https://www.nbcnews.com/news/latino/new-probe-confirms-trump-officials-blocked-puerto-rico-receiving-hurri-rcna749,New probe confirms Trump officials blocked Puerto Rico from receiving hurricane aid,NBC,New probe confirms Trump officials blocked Puerto Rico from receiving hurricane aid,0,12,83
https://www.nbcnews.com/investigations/effort-create-far-reaching-us-saudi-israeli-pact-end-war-rcna134396,Inside the effort to create a far reaching U.S. Saudi Israeli pact to end the war,NBC,Inside the effort to create a far reaching U.S. Saudi Israeli pact to end the war,0,16,81
https://www.nbcnews.com/politics/justice-department/fbi-official-was-warned-jan-6-bureau-sympathetic-capitol-rioters-rcna52144,FBI official was warned after Jan. 6 that some in the bureau were 'sympathetic' to the Capitol rioters,NBC,FBI official was warned after Jan. 6 that some in the bureau were 'sympathetic' to the Capitol rioters,0,18,102
https://www.nbcnews.com/news/world/saudi-arabia-opec-oil-production-joe-biden-mohammed-bin-salman-russia-rcna52039,Too late for a Saudi rethink? Critics say oil cut was a predictable blow for Biden,NBC,Too late for a Saudi rethink? Critics say oil cut was a predictable blow for Biden,0,16,82
https://www.nbcnews.com/news/world/israel-hits-gaza-new-airstrikes-despite-biden-joining-ceasefire-calls-n1267725,Israel and Hamas trade attacks after Biden expresses support for cease fire,NBC,Israel and Hamas trade attacks after Biden expresses support for cease fire,0,12,75
https://www.nbcnews.com/politics/national-security/top-israeli-official-ron-dermer-yelling-meeting-us-officials-gaza-rcna146293,Top Israeli official Ron Dermer began yelling during a meeting with U.S. officials on Gaza,NBC,Top Israeli official Ron Dermer began yelling during a meeting with U.S. officials on Gaza,0,15,90
https://www.foxnews.com/politics/michigan-becomes-top-gop-senate-target-mike-rogers-ties-dem-opponent-among-older-voters,Michigan becomes a top GOP Senate target as Mike Rogers ties with Dem opponent among older voters,FoxNews,Michigan becomes a top GOP Senate target as Mike Rogers ties with Dem opponent among older voters,1,17,97
https://www.foxnews.com/politics/harris-supporters-sound-off-her-border-blueprint-her-policies-make-difference,Harris supporters sound off on her border blueprint: ‘Her policies will make a difference',FoxNews,Harris supporters sound off on her border blueprint: ‘Her policies will make a difference',1,14,90
https://www.nbcnews.com/news/world/hamas-hostage-video-hersh-goldberg-polin-wake-up-call-parents-rcna169888,"Final Hamas video of slain hostage Hersh Goldberg Polin should be a 'wake up call,' parents say",NBC,"Final Hamas video of slain hostage Hersh Goldberg Polin should be a 'wake up call,' parents say",0,17,95
https://www.foxnews.com/world/kim-jong-un-xi-jinping-declare-2024-year-dprk-china-friendship,"Kim Jong Un, Xi Jinping declare 2024 'year of DPRK China friendship'",FoxNews,"Kim Jong Un, Xi Jinping declare 2024 'year of DPRK China friendship'",1,12,68
https://www.foxnews.com/media/byron-donalds-spars-breakfast-club-hosts-over-harris-economic-record-you-sure-you-want-go-there,Byron Donalds spars with 'Breakfast Club' hosts over Harris' economic record: 'You sure you want to go there?',FoxNews,Byron Donalds spars with 'Breakfast Club' hosts over Harris' economic record: 'You sure you want to go there?',1,18,110
https://www.nbcnews.com/news/world/israel-hamas-war-rafah-destroyed-tunnels-idf-visit-cease-fire-talks-rcna160651,Devastated Rafah a ghost town as cease fire and hostage release talks go on,NBC,Devastated Rafah a ghost town as cease fire and hostage release talks go on,0,14,75
https://www.nbcnews.com/news/us-news/michael-avenatti-sentenced-4-years-stealing-stormy-daniels-rcna31611,Michael Avenatti sentenced to 4 years in prison for stealing from Stormy Daniels,NBC,Michael Avenatti sentenced to 4 years in prison for stealing from Stormy Daniels,0,13,80
https://www.nbcnews.com/politics/congress/live-blog/january-6-hearings-day-three-live-updates-rcna32981/rcrd2840?canonicalCard=true,"Luttig concludes testimony with a stark warning for 2024, saying Trump remains 'a danger'",NBC,"Luttig concludes testimony with a stark warning for 2024, saying Trump remains 'a danger'",0,14,89
https://www.foxnews.com/politics/victim-brutal-2008-illegal-migrant-attack-speaks-out-about-harris-record-prosecutor,Victim of brutal 2008 illegal migrant attack speaks out about Harris’ record as prosecutor,FoxNews,Victim of brutal 2008 illegal migrant attack speaks out about Harris’ record as prosecutor,1,14,90
https://www.nbcnews.com/news/latino/disfiguring-acid-attack-saxophone-mexican-female-musicians-sword-rcna71589,"After disfiguring acid attack, saxophone is Mexican female musician's 'sword'",NBC,"After disfiguring acid attack, saxophone is Mexican female musician's 'sword'",0,10,77
https://www.foxnews.com/lifestyle/this-day-history-oct-14-1912-teddy-roosevelt-shot-chest-campaign-stop,"On this day in history, October 14, 1912, Teddy Roosevelt shot in chest, makes campaign stop minutes later",FoxNews,"On this day in history, October 14, 1912, Teddy Roosevelt shot in chest, makes campaign stop minutes later",1,18,106
https://www.nbcnews.com/politics/congress/house-vote-senate-passed-bill-provide-security-supreme-court-justices-rcna33427,Congress passes bill to provide security to Supreme Court justices’ family members,NBC,Congress passes bill to provide security to Supreme Court justices’ family members,0,12,82
https://www.nbcnews.com/politics/donald-trump/trump-says-wants-make-ivf-treatments-paid-government-insurance-compani-rcna168804,Trump says he wants to make IVF treatments paid for by government or insurance companies if elected,NBC,Trump says he wants to make IVF treatments paid for by government or insurance companies if elected,0,17,99
https://www.nbcnews.com/investigations/us-un-israeli-officials-discuss-restarting-gaza-food-aid-distribution-rcna159225,"U.S., U.N. and Israeli officials meet to discuss restarting food aid distribution in Gaza",NBC,"U.S., U.N. and Israeli officials meet to discuss restarting food aid distribution in Gaza",0,14,89
https://www.foxnews.com/health/one-family-donates-four-kidneys-save-new-york-mans-life-defied-all-odds,One family donates four kidneys to save a New York man’s life: ‘Defied all odds’,FoxNews,One family donates four kidneys to save a New York man’s life: ‘Defied all odds’,1,15,80
https://www.nbcnews.com/news/world/live-blog/israel-hezbollah-live-updates-hamas-leader-lebanon-killed-strike-hits-rcna173218,"Israeli forces begin 'targeted' ground operation in Lebanon, IDF says",NBC,"Israeli forces begin 'targeted' ground operation in Lebanon, IDF says",0,10,69
https://www.nbcnews.com/politics/donald-trump/trump-briefed-ongoing-iranian-threats-assassinate-campaign-says-rcna172588,"Trump briefed by intelligence officials about ongoing Iranian threats to assassinate him, campaign says",NBC,"Trump briefed by intelligence officials about ongoing Iranian threats to assassinate him, campaign says",0,14,103
https://www.nbcnews.com/politics/justice-department/jan-6-rioter-sentence-reduced-supreme-court-obstruction-ruling-rcna169442,Former officer gets reduced Jan. 6 sentence thanks to Supreme Court ruling,NBC,Former officer gets reduced Jan. 6 sentence thanks to Supreme Court ruling,0,12,74
https://www.foxnews.com/media/kamala-harris-confident-potential-2024-trump-rematch-were-winning-no-matter-who-gop-nominates.print,Kamala Harris confident ahead of potential 2024 Trump rematch: 'We're winning' no matter who GOP nominates,FoxNews,Kamala Harris confident ahead of potential 2024 Trump rematch: 'We're winning' no matter who GOP nominates,1,16,106
https://www.foxnews.com/media/biden-praises-florida-gov-ron-desantis-very-gracious-amid-hurricane-relief-effort.print,Biden praises Florida Gov. Ron DeSantis as ‘very gracious’ amid hurricane relief effort,FoxNews,Biden praises Florida Gov. Ron DeSantis as ‘very gracious’ amid hurricane relief effort,1,13,87
https://www.foxnews.com/sports/va-tech-swimmer-ncaa-transgender-participation,VA Tech swimmer rips NCAA transgender participation policy: 'Feels like the final spot was taken from me',FoxNews,VA Tech swimmer rips NCAA transgender participation policy: 'Feels like the final spot was taken from me',1,17,105
https://www.nbcnews.com/news/world/israel-hamas-war-gaza-tent-city-rafah-bombardment-sheets-buckets-rcna129543,'God help us': Displaced Gazans who fled bombardment now face health crisis in a makeshift tent city,NBC,'God help us': Displaced Gazans who fled bombardment now face health crisis in a makeshift tent city,0,17,100
https://www.nbcnews.com/news/world/idf-hits-beirut-retaliation-golan-majdal-shams-lebanon-rcna164322,Israel says it killed Hezbollah leader in Beirut strike after attack on Golan Heights,NBC,Israel says it killed Hezbollah leader in Beirut strike after attack on Golan Heights,0,14,85
https://www.nbcnews.com/news/world/gaza-death-toll-30000-israel-hamas-victory-or-quagmire-rcna140951,"As Gaza death toll tops 30,000, is Israel on the path to victory or quagmire?",NBC,"As Gaza death toll tops 30,000, is Israel on the path to victory or quagmire?",0,15,77
https://www.nbcnews.com/politics/justice-department/violent-crime-dropped-america-last-year-new-fbi-data-shows-rcna172217,"Murder and other violent crime dropped across the U.S. last year, FBI data shows",NBC,"Murder and other violent crime dropped across the U.S. last year, FBI data shows",0,14,80
https://www.nbcnews.com/politics/2024-election/ron-desantis-fires-roughly-dozen-staffers-campaign-shake-rcna94470,Ron DeSantis fires roughly a dozen staffers in a campaign shake up,NBC,Ron DeSantis fires roughly a dozen staffers in a campaign shake up,0,12,66
https://www.nbcnews.com/news/world/israeli-leaders-discussed-arafat-style-ship-exit-hamas-leader-rcna137295,Israeli leaders have discussed an Arafat style exit for Hamas leader Yahya Sinwar,NBC,Israeli leaders have discussed an Arafat style exit for Hamas leader Yahya Sinwar,0,13,81
https://www.foxnews.com/politics/9-11-survivors-suffering-from-health-complications-completely-left-out-controversial-plea-deal,9/11 survivors with potentially fatal illnesses left out of controversial plea deal talks: attorneys,FoxNews,9/11 survivors with potentially fatal illnesses left out of controversial plea deal talks: attorneys,1,14,100
https://www.foxnews.com/lifestyle/tunnel-towers-pays-mortgage-fallen-connecticut-police-sergeant-comfort,Tunnel to Towers pays off mortgage of fallen Connecticut police sergeant: 'Comfort and connectedness',FoxNews,Tunnel to Towers pays off mortgage of fallen Connecticut police sergeant: 'Comfort and connectedness',1,14,101
https://www.foxnews.com/entertainment/sydney-sweeney-wants-push-boundaries-acting-doesnt-like-rehearse.print,"Sydney Sweeney wants to 'push the boundaries' in acting, doesn't like to rehearse",FoxNews,"Sydney Sweeney wants to 'push the boundaries' in acting, doesn't like to rehearse",1,13,81
https://www.foxnews.com/politics/longtime-pa-dem-silent-on-support-for-freshman-squad-member-after-his-name-is-quietly-removed-from-site,Longtime PA Dem silent on support for freshman 'Squad' member after his name is quietly removed from site,FoxNews,Longtime PA Dem silent on support for freshman 'Squad' member after his name is quietly removed from site,1,18,105
https://www.nbcnews.com/news/world/israel-netanyahu-likud-far-right-colaition-ben-gvir-jewish-power-rcna58724,Netanyahu signs coalition deal with Israeli far right,NBC,Netanyahu signs coalition deal with Israeli far right,0,8,53
https://www.foxnews.com/lifestyle/mike-rowe-announces-something-stand-film-celebrating-america,"Mike Rowe, well known storyteller, announces 'Something to Stand For,' new film celebrating America",FoxNews,"Mike Rowe, well known storyteller, announces 'Something to Stand For,' new film celebrating America",1,14,99
https://www.foxnews.com/politics/harris-calls-eliminating-filibuster-pass-roe-abortion-bill-federal-law,Harris calls for eliminating filibuster to pass 'Roe' abortion bill into federal law,FoxNews,Harris calls for eliminating filibuster to pass 'Roe' abortion bill into federal law,1,13,84
https://www.nbcnews.com/news/world/teen-burnt-alive-israeli-strike-gaza-hospital-rcna175595,Teen recounts horror after his mom and brother were burned alive by Israeli strike on Gaza hospital,NBC,Teen recounts horror after his mom and brother were burned alive by Israeli strike on Gaza hospital,0,17,99
https://www.foxnews.com/politics/braggs-office-faces-bar-complaint-over-alleged-discriminatory-diversity-hiring-practices,Bragg's office faces bar complaint alleging discrimination in 'diversity' hiring practices,FoxNews,Bragg's office faces bar complaint alleging discrimination in 'diversity' hiring practices,1,11,90
https://www.nbcnews.com/news/world/hostage-families-share-disturbing-video-israeli-soldiers-abducted-hama-rcna153558,Hostage families share disturbing video of Israeli soldiers being abducted by Hamas on Oct. 7,NBC,Hostage families share disturbing video of Israeli soldiers being abducted by Hamas on Oct. 7,0,15,93
https://www.nbcnews.com/news/world/hamas-hostages-netanyahu-israel-captives-gaza-assault-forgotten-rcna140015,"Netanyahu has 'forgotten' Hamas' captives, former hostage says",NBC,"Netanyahu has 'forgotten' Hamas' captives, former hostage says",0,8,62
https://www.foxnews.com/politics/vice-president-kamala-harris-names-minnesota-gov-tim-walz-her-running-mate,Vice President Kamala Harris names Minnesota Gov. Tim Walz as her running mate,FoxNews,Vice President Kamala Harris names Minnesota Gov. Tim Walz as her running mate,1,13,78
https://www.nbcnews.com/select/shopping/best-vegetarian-vegan-meal-delivery-ncna1298934,The best meal delivery services if you’re vegetarian or vegan,NBC,The best meal delivery services if you’re vegetarian or vegan,0,10,61
https://www.nbcnews.com/select/shopping/best-flat-irons-hair-straighteners-ncna1234372,Choosing the best flat iron depends on your hair type and texture here’s what experts recommend,NBC,Choosing the best flat iron depends on your hair type and texture here’s what experts recommend,0,16,95
https://www.nbcnews.com/news/world/israel-seizes-trove-intelligence-hamas-gaza-us-help-rcna144365,"Israel seizes trove of intelligence on Hamas in Gaza offensive, with U.S. help",NBC,"Israel seizes trove of intelligence on Hamas in Gaza offensive, with U.S. help",0,13,78
https://www.foxnews.com/us/rachel-morin-mom-calls-out-biden-harris-ignoring-them-after-migrant-murder,Rachel Morin's mom calls out Biden Harris for ignoring them after migrant murder,FoxNews,Rachel Morin's mom calls out Biden Harris for ignoring them after migrant murder,1,13,80
https://www.foxnews.com/us/nj-teen-stabbed-popular-boardwalk-civil-unrest-hits-another-beach-town,"NJ teen stabbed at popular boardwalk, 'civil unrest' hits another beach town",FoxNews,"NJ teen stabbed at popular boardwalk, 'civil unrest' hits another beach town",1,12,76
https://www.nbcnews.com/politics/justice-department/jan-6-anniversary-donald-trump-trial-2024-election-rcna132466,2023 was a massive year in the Jan. 6 probe. 2024 will be even bigger.,NBC,2023 was a massive year in the Jan. 6 probe. 2024 will be even bigger.,0,15,70
https://www.nbcnews.com/news/asian-america/asian-woman-punched-125-new-york-attack-suspect-charged-attempted-murd-rcna19984,Asian woman punched 125 times in New York attack; suspect charged with attempted murder as hate crime,NBC,Asian woman punched 125 times in New York attack; suspect charged with attempted murder as hate crime,0,17,101
https://www.nbcnews.com/select/shopping/best-eco-friendly-laundry-detergents-ncna1298853,How to tell if laundry detergent is actually eco friendly,NBC,How to tell if laundry detergent is actually eco friendly,0,10,57
https://www.nbcnews.com/politics/donald-trump/trump-pardon-jan-6-capitol-rioters-rcna149900,Trump says he may free every Jan. 6 rioter. His team is eyeing 'case by case' pardons.,NBC,Trump says he may free every Jan. 6 rioter. His team is eyeing 'case by case' pardons.,0,17,86
https://www.foxnews.com/media/biden-donors-freaked-out-his-reliance-teleprompters-private-fundraisers,Biden donors 'freaked out' by his reliance on teleprompters at private fundraisers,FoxNews,Biden donors 'freaked out' by his reliance on teleprompters at private fundraisers,1,12,82
https://www.nbcnews.com/politics/white-house/biden-germany-speaks-hope-ceasefire-gaza-sinwar-death-rcna176079,Biden in Germany speaks of hope of a cease fire in Gaza after Sinwar death,NBC,Biden in Germany speaks of hope of a cease fire in Gaza after Sinwar death,0,15,74
https://www.foxnews.com/entertainment/bruce-willis-wife-emma-heming-struggles-guilt-deals-dementia-diagnosis,Bruce Willis’ wife Emma Heming struggles with ‘guilt’ as she deals with his dementia diagnosis,FoxNews,Bruce Willis’ wife Emma Heming struggles with ‘guilt’ as she deals with his dementia diagnosis,1,15,94
https://www.nbcnews.com/news/us-news/iowa-meteorologist-quitting-tv-cites-ptsd-death-threat-climate-change-rcna90791,"Iowa meteorologist quitting TV, cites PTSD from death threat over climate change coverage",NBC,"Iowa meteorologist quitting TV, cites PTSD from death threat over climate change coverage",0,13,89
https://www.nbcnews.com/news/us-news/milton-shreds-roof-tropicana-field-home-baseballs-tampa-bay-rays-rcna174808,"Milton shreds roof of Tropicana Field, home of baseball's Tampa Bay Rays",NBC,"Milton shreds roof of Tropicana Field, home of baseball's Tampa Bay Rays",0,12,72
https://www.foxnews.com/entertainment/simon-cowell-lauren-silverman-engaged,"Simon Cowell, Lauren Silverman engaged nearly 8 years after welcoming son",FoxNews,"Simon Cowell, Lauren Silverman engaged nearly 8 years after welcoming son",1,11,73
https://www.foxnews.com/politics/gop-senate-hopeful-rips-dem-opponent-not-holding-biden-harris-accountable-key-issue,'Has done nothing': GOP Senate hopeful rips Dem opponent for not holding Biden Harris accountable on key issue,FoxNews,'Has done nothing': GOP Senate hopeful rips Dem opponent for not holding Biden Harris accountable on key issue,1,18,110
https://www.nbcnews.com/news/world/israel-hamas-war-gaza-border-kibbutz-massacre-rebuild-rcna121593,'This is my home': Israel's kibbutz communities look to rebuild after devastation of Hamas attack,NBC,'This is my home': Israel's kibbutz communities look to rebuild after devastation of Hamas attack,0,15,97
https://www.foxnews.com/lifestyle/meet-american-who-won-war-us-andrew-jackson-higgins-wwii-new-orleans-boatbuilder,"Meet the American who 'won the war for us': Andrew Jackson Higgins, World War II New Orleans boatbuilder",FoxNews,"Meet the American who 'won the war for us': Andrew Jackson Higgins, World War II New Orleans boatbuilder",1,18,104
https://www.nbcnews.com/politics/donald-trump/trump-rallies-south-bronx-win-black-hispanic-voters-rcna153293,Trump rallies in the South Bronx as he seeks to win over Black and Hispanic voters,NBC,Trump rallies in the South Bronx as he seeks to win over Black and Hispanic voters,0,16,82
https://www.nbcnews.com/news/world/bangladesh-restores-internet-students-job-quota-protests-rcna164015,Bangladesh restores internet as students call off job quota protests,NBC,Bangladesh restores internet as students call off job quota protests,0,10,68
https://www.foxnews.com/politics/democratic-candidate-vicente-gonzalez-claims-mayra-flores-supporters-stole-texas-special-election,"Democratic candidate Vicente Gonzalez claims Mayra Flores, supporters 'stole' Texas special election",FoxNews,"Democratic candidate Vicente Gonzalez claims Mayra Flores, supporters 'stole' Texas special election",1,12,100
https://www.foxnews.com/media/trump-spox-battles-cnn-host-over-harris-change-candidate-shes-white-house-right-now.print,Trump spox battles CNN host over Harris as the 'change' candidate: She's in White House 'right now',FoxNews,Trump spox battles CNN host over Harris as the 'change' candidate: She's in White House 'right now',1,17,99
https://www.foxnews.com/politics/laken-riley-act-sponsor-blasts-bill-clintons-claim-about-georgia-students-death.print,Laken Riley Act sponsor blasts Bill Clinton's claim about Georgia student's death,FoxNews,Laken Riley Act sponsor blasts Bill Clinton's claim about Georgia student's death,1,12,81
https://www.foxnews.com/politics/rachel-morins-mom-sounds-alarm-illegal-immigration-daughters-murder,'Our people are dying': Rachel Morin's mom sounds alarm about illegal immigration after daughter's murder,FoxNews,'Our people are dying': Rachel Morin's mom sounds alarm about illegal immigration after daughter's murder,1,15,105
https://www.foxnews.com/world/who-is-noa-argamani-woman-kidnapped-hamas-terrorists-trance-music-festival-israel,Who is Noa Argamani? Woman kidnapped by Hamas terrorists at trance music festival in Israel,FoxNews,Who is Noa Argamani? Woman kidnapped by Hamas terrorists at trance music festival in Israel,1,15,91
https://www.nbcnews.com/news/world/palestinians-shoot-4-israelis-spurring-west-bank-revenge-attacks-rcna90316,"Palestinians fatally shoot 4 Israelis, spurring West Bank revenge attacks",NBC,"Palestinians fatally shoot 4 Israelis, spurring West Bank revenge attacks",0,10,73
https://www.nbcnews.com/news/world/iran-presidential-election-runoff-rcna160393,Iran holds runoff presidential vote pitting hard line former negotiator against reformist lawmaker,NBC,Iran holds runoff presidential vote pitting hard line former negotiator against reformist lawmaker,0,13,98
https://www.nbcnews.com/politics/supreme-court/liberal-justices-say-trump-immunity-decision-will-disastrous-consequen-rcna159755,Liberal justices say Trump immunity decision 'will have disastrous consequences' for the U.S.,NBC,Liberal justices say Trump immunity decision 'will have disastrous consequences' for the U.S.,0,13,93
https://www.nbcnews.com/politics/2024-election/gop-donors-pour-hundreds-millions-trump-super-pacs-election-day-rcna175705,GOP donors pour hundreds of millions into pro Trump super PACs before Election Day,NBC,GOP donors pour hundreds of millions into pro Trump super PACs before Election Day,0,14,82
https://www.foxnews.com/politics/top-outside-group-backing-house-republicans-showcases-fundraising-prowess,First on : Top outside group backing House Republicans sets fundraising record,FoxNews,First on : Top outside group backing House Republicans sets fundraising record,1,12,78
https://www.foxnews.com/politics/sen-john-fetterman-makes-prediction-trump-harris-debate-going-close,Sen. John Fetterman makes prediction for Trump and Harris debate: ‘It's going to be close’,FoxNews,Sen. John Fetterman makes prediction for Trump and Harris debate: ‘It's going to be close’,1,15,90
https://www.foxnews.com/lifestyle/catching-zzzs-5-amazon-buys-help-sleep-better-night.print,Catching Zzz's: 5 Amazon buys that could help you sleep better at night,FoxNews,Catching Zzz's: 5 Amazon buys that could help you sleep better at night,1,13,71
https://www.foxnews.com/entertainment/star-wars-actress-carrie-fisher-honored-star-hollywood-walk-of-fame-amid-family-drama,'Star Wars' actress Carrie Fisher honored with star on Hollywood Walk of Fame amid family drama,FoxNews,'Star Wars' actress Carrie Fisher honored with star on Hollywood Walk of Fame amid family drama,1,16,95
https://www.foxnews.com/media/new-cnn-boss-christ-licht-determined-tamp-down-spectacle-evaluates-who-should-stick-around.print,New CNN boss Chris Licht ‘determined to tamp down spectacle’ as he evaluates who should stick around: insider,FoxNews,New CNN boss Chris Licht ‘determined to tamp down spectacle’ as he evaluates who should stick around: insider,1,18,109
https://www.foxnews.com/lifestyle/nashville-hot-chicken-conquers-america-tennessee-tradition-popularity,Nashville hot chicken conquers America: Tennessee tradition has exploded in popularity,FoxNews,Nashville hot chicken conquers America: Tennessee tradition has exploded in popularity,1,11,86
https://www.foxnews.com/media/utah-governor-blasts-politicized-american-medical-association-pushing-gender-transition-minors,Utah governor blasts 'politicized' American Medical Association for pushing gender transition for minors,FoxNews,Utah governor blasts 'politicized' American Medical Association for pushing gender transition for minors,1,13,104
https://www.nbcnews.com/science/environment/noaa-hurriane-forecast-high-rcna153161,NOAA issues highest ever early forecast for the coming hurricane season,NBC,NOAA issues highest ever early forecast for the coming hurricane season,0,11,71
https://www.foxnews.com/lifestyle/veteran-military-nonprofits-help-americas-heroes-focus-once-lifetime-adventure,Veteran and military nonprofits that help America's heroes are focus of 'once in a lifetime' adventure,FoxNews,Veteran and military nonprofits that help America's heroes are focus of 'once in a lifetime' adventure,1,16,102
https://www.foxnews.com/health/florida-brain-tumor-patient-plays-guitar-during-surgery-this-wild,Florida brain tumor patient plays guitar during his surgery: ‘This is wild’,FoxNews,Florida brain tumor patient plays guitar during his surgery: ‘This is wild’,1,12,75
https://www.nbcnews.com/science/climate-change/hurricane-helene-milton-climate-change-wetter-windier-rcna174347,"Hurricane Helene was wetter and windier due to climate change, report finds with same expected of Milton",NBC,"Hurricane Helene was wetter and windier due to climate change, report finds with same expected of Milton",0,17,104
https://www.nbcnews.com/politics/2024-election/live-blog/election-2024-dnc-live-updates-rcna165227#rcrd52707,DNC 2024 highlights: Barack Obama praises Harris and Biden in keynote convention speech,NBC,DNC 2024 highlights: Barack Obama praises Harris and Biden in keynote convention speech,0,13,87
https://www.foxnews.com/politics/zelenskyy-downplays-comment-trump-doesnt-know-how-end-russias-war-ukraine,Zelenskyy downplays comment that Trump doesn't know how to end Russia's war with Ukraine,FoxNews,Zelenskyy downplays comment that Trump doesn't know how to end Russia's war with Ukraine,1,14,88
https://www.foxnews.com/lifestyle/105-year-old-woman-graduates-stanford-university-83-years-leaving-campus-amazing,105 year old woman graduates from Stanford University 83 years after leaving campus: 'Amazing',FoxNews,105 year old woman graduates from Stanford University 83 years after leaving campus: 'Amazing',1,14,94
https://www.foxnews.com/sports/bidens-title-ix-rule-adds-discrimination-against-women-through-backdoor-opinion,Opinion: Biden’s Title IX rule adds discrimination against women through the backdoor,FoxNews,Opinion: Biden’s Title IX rule adds discrimination against women through the backdoor,1,12,85
https://www.nbcnews.com/politics/2024-election/kamala-harris-sees-path-victory-pennsylvania-running-suburbs-rcna175307,Harris campaign sees its path to victory in Pennsylvania running through the suburbs,NBC,Harris campaign sees its path to victory in Pennsylvania running through the suburbs,0,13,84
https://www.nbcnews.com/politics/donald-trump/charlie-kirk-ronna-mcdaniel-rnc-trump-rcna139288,Conservative activist Charlie Kirk helped oust Ronna McDaniel at the RNC. Now the knives are out for him.,NBC,Conservative activist Charlie Kirk helped oust Ronna McDaniel at the RNC. Now the knives are out for him.,0,18,105
https://www.nbcnews.com/news/world/live-blog/israel-hamas-war-live-updates-rcna132789/rcrd29565?canonicalCard=true,"Anti U.S. opinion in Arab countries grows over support for Israel, Middle East leaders tell Blinken",NBC,"Anti U.S. opinion in Arab countries grows over support for Israel, Middle East leaders tell Blinken",0,16,99
https://www.nbcnews.com/health/health-news/narcan-opioid-overdose-drug-otc-access-varies-us-stores-rcna135324,"Where's the Narcan? At pharmacies across the U.S., the OTC antidote can be hard to find",NBC,"Where's the Narcan? At pharmacies across the U.S., the OTC antidote can be hard to find",0,16,87
https://www.foxnews.com/us/trump-assassination-plot-exposes-ryan-rouths-bomb-bust-barricade-illegal-gun-professional-demise.print,"Trump assassination plot exposes Ryan Routh's bomb bust, barricade with illegal gun in professional demise",FoxNews,"Trump assassination plot exposes Ryan Routh's bomb bust, barricade with illegal gun in professional demise",1,15,106
https://www.foxnews.com/media/harris-campaign-distances-itself-from-60-minutes-edit-we-do-not-control-cbss-production-decisions.print,Harris campaign distances itself from ’60 Minutes’ edit: ‘We do not control CBS's production decisions’,FoxNews,Harris campaign distances itself from ’60 Minutes’ edit: ‘We do not control CBS's production decisions’,1,15,103
https://www.foxnews.com/lifestyle/high-school-students-strong-shot-success-career-technical-education-win-win,High school students have a strong shot at success with career technical education: 'A win win',FoxNews,High school students have a strong shot at success with career technical education: 'A win win',1,16,95
https://www.foxnews.com/media/white-women-kamala-speaker-tells-viewers-never-correct-black-women-put-our-listening-ears-on,'White Women For Kamala' speaker tells viewers to never correct Black women: 'Put our listening ears on!',FoxNews,'White Women For Kamala' speaker tells viewers to never correct Black women: 'Put our listening ears on!',1,17,105
https://www.nbcnews.com/tech/tech-news/microsoft-ceo-satya-nadella-calls-taylor-swift-deepfakes-alarming-terr-rcna136402,Microsoft CEO Satya Nadella calls for coordination to address AI risk,NBC,Microsoft CEO Satya Nadella calls for coordination to address AI risk,0,11,69
https://www.foxnews.com/entertainment/sydney-sweeney-backlash-moms-maga-like-birthday-party-decor-wildfire,Sydney Sweeney says the backlash from her mom's MAGA like birthday party décor was 'wildfire',FoxNews,Sydney Sweeney says the backlash from her mom's MAGA like birthday party décor was 'wildfire',1,15,93
https://www.nbcnews.com/politics/nevada-abortion-rights-groups-signatures-ballot-measure-rcna146116,Nevada abortion rights groups submit signatures to advance ballot measure,NBC,Nevada abortion rights groups submit signatures to advance ballot measure,0,10,73
https://www.foxnews.com/politics/kamala-harris-rabbit-ears-criticism-source-frustration-biden-white-house-book,"Kamala Harris has 'rabbit ears' for any 'hint of criticism,' frustrating Biden White House: book",FoxNews,"Kamala Harris has 'rabbit ears' for any 'hint of criticism,' frustrating Biden White House: book",1,15,96
https://www.foxnews.com/media/harris-says-wealthy-americans-corporations-will-pay-higher-taxes-to-fund-economic-plan,"Harris says wealthy Americans, corporations will pay higher taxes to fund economic plan",FoxNews,"Harris says wealthy Americans, corporations will pay higher taxes to fund economic plan",1,13,87
https://www.nbcnews.com/health/health-news/fentanyl-stimulants-drives-fourth-wave-overdose-epidemic-us-rcna104953,Fentanyl plus stimulants drives ‘fourth wave’ of overdose epidemic in the U.S.,NBC,Fentanyl plus stimulants drives ‘fourth wave’ of overdose epidemic in the U.S.,0,12,78
https://www.nbcnews.com/politics/justice-department/ex-police-chief-spread-conspiracies-jan-6-found-guilty-capitol-attack-rcna93407,Ex police chief who spread conspiracies about Jan. 6 found guilty in Capitol attack,NBC,Ex police chief who spread conspiracies about Jan. 6 found guilty in Capitol attack,0,14,83
https://www.foxnews.com/media/popstar-olivia-rodrigo-visits-white-house-promotes-covid-19-youth-vaccination-at-press-briefing.print,"Popstar Olivia Rodrigo visits White House, promotes COVID 19 youth vaccination at press briefing",FoxNews,"Popstar Olivia Rodrigo visits White House, promotes COVID 19 youth vaccination at press briefing",1,14,96
https://www.nbcnews.com/news/us-news/university-leaders-condemn-jewish-genocide-rhetoric-backlash-grows-rcna128502,University leaders condemn Jewish genocide rhetoric as backlash grows,NBC,University leaders condemn Jewish genocide rhetoric as backlash grows,0,9,69
https://www.foxnews.com/lifestyle/this-day-history-august-25-1980-broadway-musical-42nd-street-opens,"On this day in history, August 25, 1980, the Broadway musical '42nd Street' opens",FoxNews,"On this day in history, August 25, 1980, the Broadway musical '42nd Street' opens",1,14,81
https://www.foxnews.com/entertainment/luke-bryans-son-surprised-katy-perry-odd-question-his-dad,Luke Bryan’s son surprised Katy Perry with a very odd question for his dad,FoxNews,Luke Bryan’s son surprised Katy Perry with a very odd question for his dad,1,14,74
https://www.foxnews.com/lifestyle/surfing-stunner-woman-wakesurfs-lake-heels-coffee-reads-board.print,"Surfing stunner: Woman wakesurfs on lake in high heels, sips coffee, reads while 'on board'",FoxNews,"Surfing stunner: Woman wakesurfs on lake in high heels, sips coffee, reads while 'on board'",1,15,91
https://www.nbcnews.com/news/world/israel-sets-goal-doubling-number-jewish-settlers-golan-heights-rcna10029,Israel sets goal of doubling number of Jewish settlers on Golan Heights,NBC,Israel sets goal of doubling number of Jewish settlers on Golan Heights,0,12,71
https://www.foxnews.com/lifestyle/lemon-chicken-spaghetti-creamy-alfredo-sauce-recipe,Lemon chicken spaghetti with creamy alfredo sauce: Try the recipe,FoxNews,Lemon chicken spaghetti with creamy alfredo sauce: Try the recipe,1,10,65
https://www.foxnews.com/media/bidens-friendly-seth-meyers-sit-down-no-substitute-real-interviews-white-house-journalists-say,"Biden's friendly Seth Meyers sit down no 'substitute' for real interviews, White House journalists say",FoxNews,"Biden's friendly Seth Meyers sit down no 'substitute' for real interviews, White House journalists say",1,15,102
https://www.foxnews.com/us/texas-woman-robbed-gunpoint-ritzy-neighborhood-4-venezuelan-illegal-immigrants-gang-ties.print,"Texas woman robbed, pistol whipped in ritzy Dallas area by illegal Venezuelan migrants with gang ties: report",FoxNews,"Texas woman robbed, pistol whipped in ritzy Dallas area by illegal Venezuelan migrants with gang ties: report",1,17,109
https://foxnews.com/politics/trump-spars-harris-moderators-during-heated-presidential-debate-doesnt-have-plan,"Trump spars with Harris, moderators during heated presidential debate: 'She doesn't have a plan'",FoxNews,"Trump spars with Harris, moderators during heated presidential debate: 'She doesn't have a plan'",1,14,96
https://www.foxnews.com/lifestyle/colorado-world-war-ii-veteran-celebrate-100th-birthday-month-pleased-serve-country,Colorado World War II veteran to celebrate 100th birthday this month: 'Pleased to serve my country',FoxNews,Colorado World War II veteran to celebrate 100th birthday this month: 'Pleased to serve my country',1,16,99
https://www.foxnews.com/us/veterans-day-vietnam-vet-message,"On Veterans Day, this Vietnam vet wants others to know: ‘You are not alone’",FoxNews,"On Veterans Day, this Vietnam vet wants others to know: ‘You are not alone’",1,14,75
https://www.nbcnews.com/politics/2022-election/live-blog/midterm-elections-live-updates-rcna56065,"Midterm elections see key runoff, razor thin races as Senate and House control hangs in the balance",NBC,"Midterm elections see key runoff, razor thin races as Senate and House control hangs in the balance",0,17,99
https://www.foxnews.com/politics/gop-lawmakers-warn-biden-parole-scheme-could-lead-massive-spike-marriage-fraud,GOP lawmakers warn Biden parole scheme could lead to massive spike in marriage fraud,FoxNews,GOP lawmakers warn Biden parole scheme could lead to massive spike in marriage fraud,1,14,84
https://www.foxnews.com/media/msnbcs-stephanie-ruhle-fawns-over-harris-says-non-answers-okay-arent-clear-direct-issues,"MSNBC's Stephanie Ruhle fawns over Harris, says non answers are 'okay': These aren't 'clear and direct issues'",FoxNews,"MSNBC's Stephanie Ruhle fawns over Harris, says non answers are 'okay': These aren't 'clear and direct issues'",1,17,110
https://www.foxnews.com/politics/trump-sounds-alarm-illegal-immigrant-murderers-bad-genes-in-country.print,Trump sounds alarm on illegal immigrant murderers: 'A lot of bad genes in our country',FoxNews,Trump sounds alarm on illegal immigrant murderers: 'A lot of bad genes in our country',1,15,86
https://www.foxnews.com/travel/emergency-landing-prompts-united-airlines-pilot-order-dinner-150-passengers,Emergency landing prompts United Airlines pilot to order dinner for 150 passengers,FoxNews,Emergency landing prompts United Airlines pilot to order dinner for 150 passengers,1,12,82
https://www.foxnews.com/politics/an-absolute-disgrace-senate-republicans-condemn-palestinian-authoritys-un-bid-undermine-israel,'An absolute disgrace': Senate Republicans condemn Palestinian Authority's UN bid to undermine Israel,FoxNews,'An absolute disgrace': Senate Republicans condemn Palestinian Authority's UN bid to undermine Israel,1,13,101
https://www.nbcnews.com/politics/2024-election/trump-bernie-moreno-ohio-gop-senate-primary-rcna142861,Trump plays attack dog for Bernie Moreno as Ohio's GOP Senate primary ends on a vicious note,NBC,Trump plays attack dog for Bernie Moreno as Ohio's GOP Senate primary ends on a vicious note,0,17,92
https://www.nbcnews.com/politics/congress/sen-lindsey-grahams-phone-investigated-potential-hack-rcna150507,Sen. Lindsey Graham's phone being investigated for potential hack,NBC,Sen. Lindsey Graham's phone being investigated for potential hack,0,9,65
https://www.nbcnews.com/politics/national-security/secret-service-director-step-resignation-calls-trump-assassination-att-rcna163222,Secret Service director resigns after admitting agency's failure to protect Trump,NBC,Secret Service director resigns after admitting agency's failure to protect Trump,0,11,81
https://www.foxnews.com/entertainment/david-spade-amy-schumer-comedians-react-will-smith-chris-rock-slap,"Howard Stern, Judd Apatow, other comedians defend Chris Rock: 'He handled it like a pro'",FoxNews,"Howard Stern, Judd Apatow, other comedians defend Chris Rock: 'He handled it like a pro'",1,15,88
https://www.foxnews.com/us/tren-de-aragua-gang-members-arrested-aurora-colorado-connection-apartment-building-takeover-police,"Tren de Aragua gang members arrested in Aurora, Colorado in connection to apartment building takeover: police",FoxNews,"Tren de Aragua gang members arrested in Aurora, Colorado in connection to apartment building takeover: police",1,16,109
https://www.foxnews.com/us/los-angeles-county-da-releases-menendez-brothers-letter-cited-new-evidence-sparked-review-case,Los Angeles County DA releases Menendez brothers letter cited as 'new evidence' that sparked review of case,FoxNews,Los Angeles County DA releases Menendez brothers letter cited as 'new evidence' that sparked review of case,1,17,107
https://www.foxnews.com/politics/farmers-ranchers-landowners-take-aim-biden-admin-latest-crackdown.print,"Farmers, ranchers, landowners take aim at Biden admin for latest crackdown",FoxNews,"Farmers, ranchers, landowners take aim at Biden admin for latest crackdown",1,11,74
https://www.nbcnews.com/business/autos/stellantis-sell-shutter-large-testing-facility-cost-cutting-efforts-rcna176126,"Stellantis to sell, shutter large testing facility amid cost cutting efforts",NBC,"Stellantis to sell, shutter large testing facility amid cost cutting efforts",0,11,76
https://www.foxnews.com/politics/walz-mocked-after-being-caught-video-struggling-load-his-own-shotgun.print,Walz mocked after being caught on video struggling to load his own shotgun,FoxNews,Walz mocked after being caught on video struggling to load his own shotgun,1,13,74
https://www.foxnews.com/lifestyle/mom-praises-viral-parenting-tactic-allows-kids-play-themselves-whole-new-world,Mom praises viral parenting tactic as she allows her kids to play by themselves: 'Whole new world',FoxNews,Mom praises viral parenting tactic as she allows her kids to play by themselves: 'Whole new world',1,17,98
https://www.nbcnews.com/sports/nfl/tom-brady-expected-become-part-owner-nfls-las-vegas-raiders-rcna175455,Tom Brady and partner Tom Wagner to pay over $200 million for stake in Las Vegas Raiders,NBC,Tom Brady and partner Tom Wagner to pay over $200 million for stake in Las Vegas Raiders,0,17,88
https://www.nbcnews.com/politics/congress/blog/electoral-college-certification-updates-n1252864/ncrd1253052#blogHeader,"Defying Trump, Pence says he won't overturn the 2020 election",NBC,"Defying Trump, Pence says he won't overturn the 2020 election",0,10,61
https://www.foxnews.com/us/stairwell-b-story-14-survivors-north-tower-9-11,"How Stairwell B became the site of a miracle amidst the tragedy of Sept. 11, 2001",FoxNews,"How Stairwell B became the site of a miracle amidst the tragedy of Sept. 11, 2001",1,16,81
https://www.nbcnews.com/news/world/china-economy-falters-middle-class-confidence-xi-business-rcna145809,"As China’s economy falters, so does middle class confidence",NBC,"As China’s economy falters, so does middle class confidence",0,9,59
https://www.nbcnews.com/politics/congress/house-poised-impeach-trump-second-time-incitement-insurrection-n1254051,"House impeaches Trump for second time, days before term expires",NBC,"House impeaches Trump for second time, days before term expires",0,10,63
https://www.foxnews.com/entertainment/agt-judge-simon-cowell-has-rare-public-outing-son-fiancee-after-revealing-10-year-old-saved-him.print,'AGT' judge Simon Cowell has rare public outing with son and fiancée after revealing 10 year old 'saved' him,FoxNews,'AGT' judge Simon Cowell has rare public outing with son and fiancée after revealing 10 year old 'saved' him,1,19,108
https://www.nbcnews.com/news/world/hamas-leader-yahya-sinwar-israel-investigating-dead-rcna175892,"Sinwar, mastermind of Oct. 7 attacks, was long sought by Israeli forces",NBC,"Sinwar, mastermind of Oct. 7 attacks, was long sought by Israeli forces",0,12,71
https://www.foxnews.com/lifestyle/veterans-day-numbers-8-facts-federal-holiday,"Before there was Veterans Day, there was Armistice Day",FoxNews,"Before there was Veterans Day, there was Armistice Day",1,9,54
https://www.foxnews.com/entertainment/arnold-schwarzenegger-gruesome-injury-total-recall.print,Arnold Schwarzenegger remembers gruesome injury while filming 'Total Recall',FoxNews,Arnold Schwarzenegger remembers gruesome injury while filming 'Total Recall',1,9,76
https://www.foxnews.com/media/snl-head-insists-therell-no-trump-harris-cameos-season-cites-equal-time-provisions,"'SNL' head insists there'll be no Trump or Harris cameos this season, cites 'equal time provisions'",FoxNews,"'SNL' head insists there'll be no Trump or Harris cameos this season, cites 'equal time provisions'",1,16,99
https://www.foxnews.com/politics/haitian-migration-roils-town-battleground-state-signs-pro-trump-support-rise.print,Haitian migration roils town in key battleground state with signs of pro Trump support on the rise,FoxNews,Haitian migration roils town in key battleground state with signs of pro Trump support on the rise,1,17,98
https://www.nbcnews.com/news/world/stampede-religious-event-india-kills-100-people-almost-women-rcna160102,"Stampede at religious event in India kills more than 100 people, almost all of them women",NBC,"Stampede at religious event in India kills more than 100 people, almost all of them women",0,16,89
https://www.nbcnews.com/news/us-news/former-nfl-qb-jay-cutler-arrested-charges-dui-gun-possession-minor-cra-rcna176111,Former NFL QB Jay Cutler arrested on charges of DUI and gun possession after minor crash in Tennessee,NBC,Former NFL QB Jay Cutler arrested on charges of DUI and gun possession after minor crash in Tennessee,0,18,101
https://www.nbcnews.com/select/shopping/best-electric-toothbrush-kids-ncna1289925,Should kids use an electric toothbrush? Here's what dentists think.,NBC,Should kids use an electric toothbrush? Here's what dentists think.,0,10,67
https://www.foxnews.com/world/hamas-launches-rockets-from-gaza-one-year-after-oct-7-attacks-while-idf-strikes-terror-targets,"Hamas launches rockets from Gaza one year after Oct. 7 attacks, while IDF strikes terror targets",FoxNews,"Hamas launches rockets from Gaza one year after Oct. 7 attacks, while IDF strikes terror targets",1,16,96
https://www.nbcnews.com/politics/joe-biden/biden-says-not-surprised-judges-specious-decision-toss-trump-documents-rcna162000,Biden says he's 'not surprised' by judge's 'specious' decision to toss Trump documents case,NBC,Biden says he's 'not surprised' by judge's 'specious' decision to toss Trump documents case,0,14,91
https://www.foxnews.com/entertainment/jake-e-lee-former-guitarist-ozzy-osbourne-shot-multiple-times-las-vegas,"Jake E Lee, former guitarist for Ozzy Osbourne, shot multiple times in Las Vegas",FoxNews,"Jake E Lee, former guitarist for Ozzy Osbourne, shot multiple times in Las Vegas",1,14,80
https://www.nbcnews.com/politics/2024-election/desantis-debate-memo-urges-defend-trump-attack-ramaswamy-rcna100414,DeSantis debate memo urges him to defend Trump and take 'a sledge hammer' to Ramaswamy,NBC,DeSantis debate memo urges him to defend Trump and take 'a sledge hammer' to Ramaswamy,0,15,86
https://www.nbcnews.com/news/world/israel-hamas-war-hostages-hersh-goldberg-polin-parents-cease-fire-deal-rcna174557,"Parents of slain Hamas captive push for deal, warning remaining hostages won't 'make it much longer'",NBC,"Parents of slain Hamas captive push for deal, warning remaining hostages won't 'make it much longer'",0,16,100
https://www.nbcnews.com/politics/2024-election/weeks-early-voting-data-tell-us-democrats-republicans-are-turning-2024-rcna175419,What weeks of early voting data tell us about how Democrats and Republicans are turning out in 2024,NBC,What weeks of early voting data tell us about how Democrats and Republicans are turning out in 2024,0,18,99
https://www.foxnews.com/us/trump-shooter-thomas-matthew-crooks-cause-manner-death-revealed,"Trump shooter Thomas Matthew Crooks' cause, manner of death revealed",FoxNews,"Trump shooter Thomas Matthew Crooks' cause, manner of death revealed",1,10,68
https://www.nbcnews.com/news/world/china-floods-drought-farming-wheat-climate-change-rcna96111,China's summer of extremes has farmers worried,NBC,China's summer of extremes has farmers worried,0,7,46
https://www.foxnews.com/travel/airline-passenger-goes-viral-recording-neighbors-midflight-photo-attempts.print,Airline passenger goes viral for recording neighbor's midflight photo attempts,FoxNews,Airline passenger goes viral for recording neighbor's midflight photo attempts,1,10,78
https://www.nbcnews.com/news/us-news/how-billions-pandemic-aid-was-swindled-con-artists-crime-syndicates-n1257766,How billions in pandemic aid was swindled by con artists and crime syndicates,NBC,How billions in pandemic aid was swindled by con artists and crime syndicates,0,13,77
https://www.foxnews.com/faith-values/archbishop-canterbury-condemns-gay-marriage-anglican-bishops-remain-divided,"Archbishop of Canterbury condemns gay marriage, but Anglican bishops remain divided",FoxNews,"Archbishop of Canterbury condemns gay marriage, but Anglican bishops remain divided",1,11,83
https://www.nbcnews.com/news/world/sinwars-killing-boost-netanyahu-israeli-politics-hamas-war-rcna176067,"Sinwar's killing looks set to boost Netanyahu, the Houdini of Israeli politics",NBC,"Sinwar's killing looks set to boost Netanyahu, the Houdini of Israeli politics",0,12,78
https://www.nbcnews.com/science/science-news/maui-wildfires-grass-overgrown-nonnative-flammable-hawaii-rcna99963,"Left unchecked, Maui’s nonnative grasses turned into wildfire fuel",NBC,"Left unchecked, Maui’s nonnative grasses turned into wildfire fuel",0,9,66
https://www.nbcnews.com/politics/2024-election/live-blog/election-2024-live-updates-rcna131516,Ron DeSantis says Trump is not 'pro life' at Iowa town hall event,NBC,Ron DeSantis says Trump is not 'pro life' at Iowa town hall event,0,13,65
https://www.foxnews.com/food-drink/bear-meat-dinner-follow-steps-prevent-parasitic-infection-cdc-says,"Bear meat for dinner? Follow these steps to prevent parasitic infection, CDC says",FoxNews,"Bear meat for dinner? Follow these steps to prevent parasitic infection, CDC says",1,13,81
https://www.foxnews.com/media/james-madison-perspective-slavery-nuanced-turley,James Madison's perspective on slavery is a far more 'nuanced' historical subject than many understand: Turley,FoxNews,James Madison's perspective on slavery is a far more 'nuanced' historical subject than many understand: Turley,1,16,110
https://www.nbcnews.com/investigations/iran-assassination-plot-trump-secret-service-tightened-security-rcna162203,Secret Service tightened security around Trump after learning of alleged Iranian assassination plot,NBC,Secret Service tightened security around Trump after learning of alleged Iranian assassination plot,0,13,99
https://www.foxnews.com/health/stiff-person-syndrome-patients-share-like-live-disease,Stiff person syndrome patients share what it’s like to live with the rare disease,FoxNews,Stiff person syndrome patients share what it’s like to live with the rare disease,1,14,81
https://www.nbcnews.com/politics/2024-election/2024-gop-candidates-iowa-6-week-abortion-ban-kim-reynolds-rcna94689,2024 GOP candidates forced to grapple with a 6 week abortion ban to win Iowa,NBC,2024 GOP candidates forced to grapple with a 6 week abortion ban to win Iowa,0,15,76
https://www.foxnews.com/media/ex-cnn-host-brian-stelter-doesnt-know-reliable-sources-canceled.print,Ex CNN host Brian Stelter says he still doesn't know why 'Reliable Sources' was canceled,FoxNews,Ex CNN host Brian Stelter says he still doesn't know why 'Reliable Sources' was canceled,1,15,88
https://www.nbcnews.com/news/us-news/suspect-wadea-al-fayoume-death-was-obsessed-israel-hamas-war-prosecuto-rcna120589,"Suspect in death of 6 year old Palestinian boy was obsessed with Israel Hamas war, prosecutors say",NBC,"Suspect in death of 6 year old Palestinian boy was obsessed with Israel Hamas war, prosecutors say",0,17,98
https://www.foxnews.com/media/biden-mistakenly-touts-2020-agenda-seth-meyers-interview,Biden mistakenly touts his '2020 agenda' during Seth Meyers interview,FoxNews,Biden mistakenly touts his '2020 agenda' during Seth Meyers interview,1,10,69
https://www.nbcnews.com/politics/2024-election/biden-campaign-blames-trump-alabama-supreme-courts-ivf-ruling-rcna139984,"Biden blasts Alabama Supreme Court's IVF ruling as Harris, campaign blame Trump",NBC,"Biden blasts Alabama Supreme Court's IVF ruling as Harris, campaign blame Trump",0,12,79
https://www.foxnews.com/us/illegal-immigrants-arrested-wealthy-florida-county-sexual-crimes-against-child.print,Illegal immigrants arrested in wealthy Florida county for sexual crimes against a child,FoxNews,Illegal immigrants arrested in wealthy Florida county for sexual crimes against a child,1,13,87
https://www.foxnews.com/media/nearly-two-dozen-north-carolina-teachers-missing-aftermath-hurricane-helene-devastating,North Carolina community 'hunting' for missing teachers in 'devastating' aftermath of Hurricane Helene,FoxNews,North Carolina community 'hunting' for missing teachers in 'devastating' aftermath of Hurricane Helene,1,13,102
https://www.nbcnews.com/select/shopping/best-scalp-acne-shampoos-treatments-ncna1274741,Can scalp acne actually lead to hair loss? Experts weigh in,NBC,Can scalp acne actually lead to hair loss? Experts weigh in,0,11,59
https://www.nbcnews.com/news/world/live-blog/israel-hamas-war-live-updates-rcna134245/rcrd31194?canonicalCard=true,Gazans in Khan Younis allege Israeli soldiers raided cemetery,NBC,Gazans in Khan Younis allege Israeli soldiers raided cemetery,0,9,61
https://www.foxnews.com/politics/house-republicans-political-fallout-government-shutdown.print,House Republicans privately worry about political fallout of government shutdown,FoxNews,House Republicans privately worry about political fallout of government shutdown,1,10,80
https://www.nbcnews.com/politics/congress/congress-get-enhanced-security-jan-6-2025-electoral-vote-count-rcna170747,Congress to get beefed up security for electoral vote certification on Jan. 6,NBC,Congress to get beefed up security for electoral vote certification on Jan. 6,0,13,77
https://www.foxnews.com/politics/desantis-touts-florida-lawsuit-seeking-block-biden-title-ix-changes,DeSantis touts Florida lawsuit seeking to block Biden's Title IX changes,FoxNews,DeSantis touts Florida lawsuit seeking to block Biden's Title IX changes,1,11,72
https://www.nbcnews.com/tech/internet/hunting-ai-bots-four-words-trick-rcna161318,Hunting for AI bots? These four words could do the trick,NBC,Hunting for AI bots? These four words could do the trick,0,11,56
https://www.nbcnews.com/news/world/israel-hamas-war-gaza-new-phase-netanyahu-rcna158982,Israeli war’s latest phase may reckon with tension between dismantling Hamas and rescuing hostages,NBC,Israeli war’s latest phase may reckon with tension between dismantling Hamas and rescuing hostages,0,14,98
https://www.nbcnews.com/politics/donald-trump/after-acquitting-trump-mcconnell-slams-him-disgraceful-dereliction-duty-n1257900,"After acquitting Trump, McConnell slams him for a 'disgraceful dereliction of duty'",NBC,"After acquitting Trump, McConnell slams him for a 'disgraceful dereliction of duty'",0,12,83
https://www.nbcnews.com/news/world/bts-star-jin-begins-military-service-south-korea-rcna61406,BTS star Jin begins military service at front line boot camp,NBC,BTS star Jin begins military service at front line boot camp,0,11,60
https://www.nbcnews.com/politics/justice-department/jury-reaches-verdict-proud-boys-seditious-conspiracy-trial-rcna81129,Four Proud Boys members found guilty of seditious conspiracy in Jan. 6 trial,NBC,Four Proud Boys members found guilty of seditious conspiracy in Jan. 6 trial,0,13,76
https://www.foxnews.com/politics/father-american-israeli-hostage-pleads-deal-with-satan-before-biden-harris-enter-situation-room,"Father of Israeli American hostage pleads for deal 'with Satan' before Biden, Harris enter Situation Room",FoxNews,"Father of Israeli American hostage pleads for deal 'with Satan' before Biden, Harris enter Situation Room",1,16,105
https://www.foxnews.com/lifestyle/this-day-history-november-6-1984-ronald-reagan-wins-re-election-white-house-landslide.print,"On this day in history, November 6, 1984, Ronald Reagan wins re election to the White House by a landslide",FoxNews,"On this day in history, November 6, 1984, Ronald Reagan wins re election to the White House by a landslide",1,20,106
https://www.nbcnews.com/feature/nbc-out/transgender-model-valentina-sampaio-makes-sports-illustrated-swimsuit-history-n1233478,Sports Illustrated Swimsuit Issue features its first trans model,NBC,Sports Illustrated Swimsuit Issue features its first trans model,0,9,64
https://www.nbcnews.com/news/world/beijing-half-marathon-organizers-investigate-chinese-runners-controver-rcna147782,Beijing Half Marathon organizers investigate Chinese runner's controversial win,NBC,Beijing Half Marathon organizers investigate Chinese runner's controversial win,0,9,79
https://www.foxnews.com/opinion/understanding-election-2024-more-than-just-reading-polls,Understanding Election 2024 is more than just reading polls,FoxNews,Understanding Election 2024 is more than just reading polls,1,9,59
https://www.foxnews.com/lifestyle/this-day-history-sept-21-1780-benedict-arnold-betrays-cause-american-independence.print,"On this day in history, September 21, 1780, Benedict Arnold betrays cause of American independence",FoxNews,"On this day in history, September 21, 1780, Benedict Arnold betrays cause of American independence",1,15,98
https://www.foxnews.com/health/study-reveals-extreme-weathers-impact-seniors-attendance-doctor-appointments,New study reveals extreme weather's impact on seniors' attendance at doctor appointments,FoxNews,New study reveals extreme weather's impact on seniors' attendance at doctor appointments,1,12,88
https://www.foxnews.com/lifestyle/samaritans-purse-continues-helene-relief-efforts-three-water-filtration-systems-north-carolina,Samaritan's Purse continues Helene relief efforts with three water filtration systems in North Carolina,FoxNews,Samaritan's Purse continues Helene relief efforts with three water filtration systems in North Carolina,1,14,103
https://www.foxnews.com/politics/sen-ron-johnson-releases-preliminary-findings-probe-trump-assassination-attempt,Sen. Ron Johnson releases preliminary findings of probe into Trump assassination attempt,FoxNews,Sen. Ron Johnson releases preliminary findings of probe into Trump assassination attempt,1,12,88
https://www.nbcnews.com/select/shopping/how-get-rid-fleas-ncna1262654,"Yes, you can get fleas from your pets and they can get fleas from you. Here’s how to prevent them",NBC,"Yes, you can get fleas from your pets and they can get fleas from you. Here’s how to prevent them",0,20,97
https://www.foxnews.com/world/sinwars-removal-from-battlefield-significant-presents-opportunity-cease-fire-state-department-says,"Sinwar's removal from battlefield is ‘significant,’ presents opportunity for cease fire, State Department says",FoxNews,"Sinwar's removal from battlefield is ‘significant,’ presents opportunity for cease fire, State Department says",1,14,110
https://www.foxnews.com/politics/aclu-lgbt-groups-sue-missouri-ag-gender-transition-emergency-rule,"ACLU, LGBT groups sue Missouri AG over gender transition emergency rule",FoxNews,"ACLU, LGBT groups sue Missouri AG over gender transition emergency rule",1,11,71
https://www.foxnews.com/media/kamala-harris-grants-first-interview-cnn-after-weeks-avoiding-press-joined-tim-walz,"Kamala Harris grants first interview to CNN after weeks of avoiding press, to be joined by Tim Walz",FoxNews,"Kamala Harris grants first interview to CNN after weeks of avoiding press, to be joined by Tim Walz",1,18,99
https://www.foxnews.com/politics/feel-betrayed-top-conservative-group-blasts-vulnerable-dems-inflation-multimillion-dollar-ad-blitz,'Feel betrayed': Top conservative group blasts vulnerable Dems on inflation in multimillion dollar ad blitz,FoxNews,'Feel betrayed': Top conservative group blasts vulnerable Dems on inflation in multimillion dollar ad blitz,1,15,107
https://www.nbcnews.com/news/world/china-hamas-fatah-palestinian-unity-middle-east-diplomacy-rcna162825,China raises Middle East diplomatic ambitions with talks between Hamas and rival Fatah,NBC,China raises Middle East diplomatic ambitions with talks between Hamas and rival Fatah,0,13,86
https://www.foxnews.com/media/cnn-not-waiting-make-more-changes-network-insider-not-going-wait-deals,"CNN not waiting to make more changes at network, insider says: 'They’re not going to wait out deals'",FoxNews,"CNN not waiting to make more changes at network, insider says: 'They’re not going to wait out deals'",1,18,100
https://www.foxnews.com/opinion/what-happens-supreme-court-struck-down-biden-student-loan-handout-scheme,What happens now that Supreme Court struck down Biden's student loan handout scheme,FoxNews,What happens now that Supreme Court struck down Biden's student loan handout scheme,1,13,83
https://www.nbcnews.com/politics/politics-news/arrested-fatal-stabbing-utah-man-told-police-brought-gun-capitol-riot-rcna16351,"Arrested after a fatal stabbing, a Utah man told police he brought a gun to Capitol riot",NBC,"Arrested after a fatal stabbing, a Utah man told police he brought a gun to Capitol riot",0,17,88
https://www.foxnews.com/politics/gorsuch-blasts-sotomayors-dissent-in-christian-web-designer-ruling-reimagines-facts-from-top-to-bottom.print,Gorsuch blasts Sotomayor's dissent in Christian web designer ruling: 'Reimagines' facts from 'top to bottom',FoxNews,Gorsuch blasts Sotomayor's dissent in Christian web designer ruling: 'Reimagines' facts from 'top to bottom',1,15,108
https://www.nbcnews.com/politics/2024-election/trumps-black-gop-allies-challenged-tense-discussion-rcna159246,Trump's Black GOP allies challenged during tense discussion tailored to Black men,NBC,Trump's Black GOP allies challenged during tense discussion tailored to Black men,0,12,81
https://www.foxnews.com/us/jocelyn-nungaray-family-confirms-sexual-assault-opposes-death-penalty-murder-illegal-immigrants,"Jocelyn Nungaray was sexually assaulted before alleged murder by illegal immigrants, family says",FoxNews,"Jocelyn Nungaray was sexually assaulted before alleged murder by illegal immigrants, family says",1,13,96
https://www.foxnews.com/world/hamas-affiliates-reportedly-call-hostage-families-threats-harassment-you-wont-see-your-loved-ones,"Hamas 'affiliates' reportedly call hostage families with threats, harassment: 'you won't see your loved ones'",FoxNews,"Hamas 'affiliates' reportedly call hostage families with threats, harassment: 'you won't see your loved ones'",1,15,109
https://www.nbcnews.com/investigations/sinwars-death-offers-opening-end-war-gaza-test-netanyahu-rcna175914,Sinwar’s death offers an opening to end the war in Gaza and a test for Netanyahu,NBC,Sinwar’s death offers an opening to end the war in Gaza and a test for Netanyahu,0,16,80
https://www.foxnews.com/entertainment/bruce-willis-daughter-says-hes-shown-her-to-not-take-any-moment-granted-theres-painful-days,Bruce Willis' daughter says he's shown her 'to not take any moment for granted': 'There's painful days',FoxNews,Bruce Willis' daughter says he's shown her 'to not take any moment for granted': 'There's painful days',1,17,103
https://www.nbcnews.com/news/us-news/alabama-murderer-gives-appeals-asks-executed-victims-families-justice-rcna146404,Alabama murderer gives up appeals and asks to be executed so that victims’ families have ‘justice’,NBC,Alabama murderer gives up appeals and asks to be executed so that victims’ families have ‘justice’,0,16,98
https://www.foxnews.com/travel/travel-obsessed-woman-works-time-off-system-visiting-28-countries-budget,"Travel obsessed woman 'works' the time off system, visiting 28 countries on a budget",FoxNews,"Travel obsessed woman 'works' the time off system, visiting 28 countries on a budget",1,14,84
https://www.foxnews.com/us/nasa-astronaut-shares-timelapse-video-massive-hurricane-milton-from-space,NASA astronaut shares timelapse video of massive Hurricane Milton from space,FoxNews,NASA astronaut shares timelapse video of massive Hurricane Milton from space,1,11,76
https://www.foxnews.com/entertainment/lori-loughlin-college-admissions-scandal-case,Lori Loughlin's college admissions scandal case: Everything to know about it,FoxNews,Lori Loughlin's college admissions scandal case: Everything to know about it,1,11,76
https://www.nbcnews.com/tech/security/us-confirms-trump-campaign-claim-was-breached-iranian-hackers-rcna167285,U.S. confirms Trump campaign claim it was breached by Iranian hackers,NBC,U.S. confirms Trump campaign claim it was breached by Iranian hackers,0,11,69
https://www.foxnews.com/sports/womens-pro-soccer-league-systemic-abuse-exual-misconduct-investigation-reveals,"Women's pro soccer league had systemic abuse and sexual misconduct, investigation reveals",FoxNews,"Women's pro soccer league had systemic abuse and sexual misconduct, investigation reveals",1,12,89
https://www.foxnews.com/media/liberal-snl-takes-swipe-abcs-biased-presidential-debate-cold-open-duh,Liberal 'SNL' takes swipe at ABC's 'biased' presidential debate in cold open: 'Duh',FoxNews,Liberal 'SNL' takes swipe at ABC's 'biased' presidential debate in cold open: 'Duh',1,13,83
https://www.nbcnews.com/politics/2024-election/harris-eyes-wisconsin-blue-wall-rcna171791,"In effort to shore up blue wall, Harris eyes Wisconsin",NBC,"In effort to shore up blue wall, Harris eyes Wisconsin",0,10,54
https://www.nbcnews.com/news/world/shehbaz-sharif-elected-pakistans-prime-minister-second-term-rcna141541,Shehbaz Sharif elected Pakistan’s prime minister for second term,NBC,Shehbaz Sharif elected Pakistan’s prime minister for second term,0,9,64
https://www.nbcnews.com/select/shopping/body-wash-sensitive-skin-rcna126240,When to use a soap free body wash,NBC,When to use a soap free body wash,0,8,33
https://www.nbcnews.com/news/world/israel-ben-gvir-visits-jerusalem-holy-site-palestinians-rcna63996,Israeli ultranationalist minister visits Jerusalem holy site,NBC,Israeli ultranationalist minister visits Jerusalem holy site,0,7,60
https://www.nbcnews.com/select/shopping/best-pet-products-reviews-ncna1298522,"19 best pet products for dogs and cats, according to staff pet owners",NBC,"19 best pet products for dogs and cats, according to staff pet owners",0,13,69
https://www.nbcnews.com/select/shopping/last-minute-fathers-day-gifts-ncna1296209,15 last minute Father's Day gifts,NBC,15 last minute Father's Day gifts,0,6,33
https://www.foxnews.com/politics/esper-replacement-chris-miller-tells-us-troops-its-time-to-come-home,Esper replacement Chris Miller tells US troops: 'It's time to come home',FoxNews,Esper replacement Chris Miller tells US troops: 'It's time to come home',1,12,72
https://www.nbcnews.com/politics/2024-election/lindsey-graham-mark-robinson-must-defend-himself-north-carolina-rcna172133,South Carolina GOP Sen. Lindsey Graham on Sunday said North Carolina Lt. Gov. Mark Robinson “has an obligation to defend himself” after reports surfaced this week about lewd posts Robinson made on a pornographic website over a decade ago.,NBC,South Carolina GOP Sen. Lindsey Graham on Sunday said North Carolina Lt. Gov. Mark Robinson “has an obligation to defend himself” after reports surfaced this week about lewd posts Robinson made on a pornographic website over a decade ago.,0,39,238
https://www.nbcnews.com/politics/donald-trump/trump-hush-money-trial-guide-what-expect-rcna145943,Trump's hush money trial begins Monday. Here's what to expect.,NBC,Trump's hush money trial begins Monday. Here's what to expect.,0,10,62
https://www.nbcnews.com/politics/donald-trump/judge-georgia-election-interference-case-dismisses-three-counts-trump-rcna143182,Judge in Georgia election interference case dismisses three counts against Trump,NBC,Judge in Georgia election interference case dismisses three counts against Trump,0,11,80
https://www.foxnews.com/entertainment/american-graffiti-cast-50-years-film-launched-harrison-ford-struggling-carpenter-han-solo,'American Graffiti' cast 50 years later: How film launched Harrison Ford from struggling carpenter to Han Solo,FoxNews,'American Graffiti' cast 50 years later: How film launched Harrison Ford from struggling carpenter to Han Solo,1,17,110
https://www.foxnews.com/politics/critics-blast-harris-grasp-inflation-attack-business-ahead-policy-speech-lunatic-behavior,"Critics blast Harris' grasp of inflation, attack on business ahead of policy speech: 'Lunatic behavior'",FoxNews,"Critics blast Harris' grasp of inflation, attack on business ahead of policy speech: 'Lunatic behavior'",1,15,103
https://www.foxnews.com/politics/navy-seal-turned-gop-lawmaker-special-ops-hostages-rescue-israel-would-take-considerable-effort,Navy SEAL turned GOP lawmaker: Special ops hostage rescue mission in Israel would take 'considerable effort',FoxNews,Navy SEAL turned GOP lawmaker: Special ops hostage rescue mission in Israel would take 'considerable effort',1,16,108
https://www.foxnews.com/media/howard-stern-tells-harris-sun-go-out-she-loses-were-darkest-skies-planet.print,Howard Stern tells Harris sun will 'go out' if she loses: 'We're in for the darkest skies on the planet',FoxNews,Howard Stern tells Harris sun will 'go out' if she loses: 'We're in for the darkest skies on the planet',1,20,104
https://www.nbcnews.com/politics/congress/clear-capitol-pence-pleaded-timeline-riot-shows-n1263729,"‘Clear the Capitol,’ Pence pleaded, timeline of riot shows",NBC,"‘Clear the Capitol,’ Pence pleaded, timeline of riot shows",0,9,58
https://www.foxnews.com/lifestyle/minnesota-wwii-veteran-celebrates-turning-100-years-old-wishes-young-people-more-backbone,"Minnesota WWII veteran celebrates turning 100 years old, wishes today's young people had 'more backbone'",FoxNews,"Minnesota WWII veteran celebrates turning 100 years old, wishes today's young people had 'more backbone'",1,15,104
https://www.foxnews.com/entertainment/sydney-sweeney-unrecognizable-channels-famous-athlete-upcoming-role,Sydney Sweeney is unrecognizable as she channels famous athlete for upcoming role,FoxNews,Sydney Sweeney is unrecognizable as she channels famous athlete for upcoming role,1,12,81
https://www.nbcnews.com/news/us-news/easy-money-how-international-scam-artists-pulled-epic-theft-covid-n1276789,‘Easy money’: How international scam artists pulled off an epic theft of Covid benefits,NBC,‘Easy money’: How international scam artists pulled off an epic theft of Covid benefits,0,14,87
https://www.nbcnews.com/politics/donald-trump/trump-secret-service-dc-hotel-emoluments-pardons-jobs-democrat-report-rcna175714,"Trump overcharged Secret Service agents to stay at his D.C. hotel, new Democratic report says",NBC,"Trump overcharged Secret Service agents to stay at his D.C. hotel, new Democratic report says",0,15,93
https://www.foxnews.com/us/breaking-into-trump-shooters-cellphone-complicated-modern-technology-expert,Breaking into Trump shooter’s cellphone complicated by modern technology: expert,FoxNews,Breaking into Trump shooter’s cellphone complicated by modern technology: expert,1,10,80
https://www.foxnews.com/entertainment/american-idol-judge-katy-perry-suffers-wardrobe-malfunction-during-show.print,'American Idol' judge Katy Perry suffers wardrobe malfunction during show,FoxNews,'American Idol' judge Katy Perry suffers wardrobe malfunction during show,1,10,73
https://www.nbcnews.com/politics/donald-trump/trumps-inconsistent-messaging-clashes-rncs-attempted-embrace-early-vot-rcna165972,Trump's inconsistent messaging clashes with the RNC's attempted embrace of early voting,NBC,Trump's inconsistent messaging clashes with the RNC's attempted embrace of early voting,0,12,87
https://www.nbcnews.com/tech/security/russia-iran-china-are-using-ai-election-interference-efforts-us-intell-rcna172476,"Russia, Iran and China are using AI in election interference efforts, U.S. intelligence officials say",NBC,"Russia, Iran and China are using AI in election interference efforts, U.S. intelligence officials say",0,15,101
https://www.foxnews.com/politics/schumer-may-let-controversial-biden-nominee-problematic-ties-quietly-expire-expert,Schumer may let controversial Biden nominee with 'problematic' ties quietly expire: expert,FoxNews,Schumer may let controversial Biden nominee with 'problematic' ties quietly expire: expert,1,12,90
https://www.foxnews.com/lifestyle/planning-vacation-experts-workers-think,Planning a 2 week vacation getaway? Experts say workers should think again,FoxNews,Planning a 2 week vacation getaway? Experts say workers should think again,1,12,74
https://www.foxnews.com/politics/trump-keeps-massive-lead-haley-ties-desantis-second-new-2024-gop-presidential-primary-poll,"Trump keeps massive lead, Haley ties DeSantis for second in new 2024 GOP presidential primary poll",FoxNews,"Trump keeps massive lead, Haley ties DeSantis for second in new 2024 GOP presidential primary poll",1,16,98
https://www.nbcnews.com/politics/2024-election/matt-gaetz-florida-primary-house-aaron-dimmock-rcna167141,Rep. Matt Gaetz defeats Kevin McCarthy backed GOP primary challenger,NBC,Rep. Matt Gaetz defeats Kevin McCarthy backed GOP primary challenger,0,10,68
https://www.foxnews.com/sports/4-horses-died-churchill-downs-ahead-149th-kentucky-derby,4 horses have died at Churchill Downs ahead of 149th Kentucky Derby,FoxNews,4 horses have died at Churchill Downs ahead of 149th Kentucky Derby,1,12,67
https://www.foxnews.com/media/liberal-theory-trying-dismiss-supreme-court-win-christian-graphic-designer-shot-down-legal-experts,Liberal theory trying to dismiss Supreme Court win for Christian graphic designer shot down by legal experts,FoxNews,Liberal theory trying to dismiss Supreme Court win for Christian graphic designer shot down by legal experts,1,17,108
https://www.nbcnews.com/politics/congress/pelosi-said-new-jan-6-video-wanted-punch-trump-rcna52247,Pelosi said in new Jan. 6 video she wanted to 'punch' Trump out,NBC,Pelosi said in new Jan. 6 video she wanted to 'punch' Trump out,0,13,63
https://www.nbcnews.com/politics/donald-trump/ryan-routh-arrested-trumps-florida-golf-course-charged-attempted-assas-rcna172571,"Ryan Routh, arrested near Trump's Florida golf course, is charged with attempted assassination",NBC,"Ryan Routh, arrested near Trump's Florida golf course, is charged with attempted assassination",0,13,94
https://www.foxnews.com/media/jewish-college-students-scared-class-blame-universities-silence-antisemitism,"Jewish college students say they're scared to go to class, blame universities for silence on antisemitism",FoxNews,"Jewish college students say they're scared to go to class, blame universities for silence on antisemitism",1,16,105
https://www.foxnews.com/politics/gov-wolf-migrant-flights-only-passed-through-scranton-en-route-to-their-final-destination,Pennsylvania Gov. Wolf: Migrant flights only 'passed through' Scranton 'en route to their final destination',FoxNews,Pennsylvania Gov. Wolf: Migrant flights only 'passed through' Scranton 'en route to their final destination',1,15,108
https://www.nbcnews.com/politics/2024-election/trumps-2024-plan-win-iowa-double-digits-wrap-nomination-march-rcna130464,"Trump's 2024 plan: Win Iowa by double digits, wrap up the nomination by March",NBC,"Trump's 2024 plan: Win Iowa by double digits, wrap up the nomination by March",0,14,77
https://www.nbcnews.com/pop-culture/pop-culture-news/emmy-nominations-2024-live-updates-rcna162133,Emmy nominations 2024: Complete list,NBC,Emmy nominations 2024: Complete list,0,5,36
https://www.foxnews.com/politics/bidens-charlottesville-moment-potus-torched-telling-dnc-anti-israel-mob-outside-has-point,Biden’s Charlottesville moment? POTUS torched for telling DNC anti Israel mob outside they ‘have a point’,FoxNews,Biden’s Charlottesville moment? POTUS torched for telling DNC anti Israel mob outside they ‘have a point’,1,16,105
https://www.foxnews.com/lifestyle/protests-against-israel-american-way-freedom-deeply-challenged-says-author-historian,"In protests against Israel, 'American way of freedom' is being 'deeply challenged,' says author and historian",FoxNews,"In protests against Israel, 'American way of freedom' is being 'deeply challenged,' says author and historian",1,16,109
https://www.foxnews.com/entertainment/sydney-sweeney-internet-trolls-family-nude-scenes-disgusting,Sydney Sweeney rips internet trolls for tagging family in screenshotted nude scenes: ‘Disgusting’,FoxNews,Sydney Sweeney rips internet trolls for tagging family in screenshotted nude scenes: ‘Disgusting’,1,13,97
https://www.nbcnews.com/news/world/nobel-laureate-muhammad-yunus-sworn-in-head-bangladesh-government-rcna165909,Nobel laureate Muhammad Yunus is sworn in as interim leader of Bangladesh,NBC,Nobel laureate Muhammad Yunus is sworn in as interim leader of Bangladesh,0,12,73
https://www.foxnews.com/us/georgia-school-shooting-teen-suspects-moms-criminal-record-part-emerging-picture-troubled-home-life,Georgia school shooting: Teen suspect's mom's criminal record part of emerging picture of troubled home life,FoxNews,Georgia school shooting: Teen suspect's mom's criminal record part of emerging picture of troubled home life,1,16,108
https://www.nbcnews.com/politics/2024-election/generational-divide-black-voters-biden-trump-politics-desk-rcna151089,A generational divide splits Black voters ahead of Biden Trump rematch,NBC,A generational divide splits Black voters ahead of Biden Trump rematch,0,11,70
https://foxnews.com/politics/trump-says-he-probably-took-bullet-head-due-dem-rhetoric,Trump says he 'probably took a bullet to the head' due to Dem rhetoric,FoxNews,Trump says he 'probably took a bullet to the head' due to Dem rhetoric,1,14,70
https://www.nbcnews.com/news/asian-america/modis-popularity-grows-india-hindu-nationalism-rising-us-rcna90680,What’s fueling the rise in Hindu nationalism in the U.S.,NBC,What’s fueling the rise in Hindu nationalism in the U.S.,0,10,56
https://www.foxnews.com/health/older-adult-women-caregivers-have-lower-death-rates-non-caregivers-study-finds-sense-purpose,"Older adult women caregivers have lower death rates than non caregivers, study finds: ‘A sense of purpose’",FoxNews,"Older adult women caregivers have lower death rates than non caregivers, study finds: ‘A sense of purpose’",1,17,106
https://www.foxnews.com/world/cuban-economy-minister-out-delayed-fuel-transport-price-hikes,"Cuban economy minister out over delayed fuel, transport price hikes",FoxNews,"Cuban economy minister out over delayed fuel, transport price hikes",1,10,67
https://www.nbcnews.com/select/shopping/best-skin-care-routine-rcna105133,"This is the right order to apply all your skin care products, according to derms",NBC,"This is the right order to apply all your skin care products, according to derms",0,15,80
https://www.foxnews.com/lifestyle/far-left-hatred-jews-today-echoes-socialism-antisemitism-hitler-1930s,Far left hatred of Jews today echoes the socialism and antisemitism of Hitler in the 1930s,FoxNews,Far left hatred of Jews today echoes the socialism and antisemitism of Hitler in the 1930s,1,16,90
https://www.nbcnews.com/politics/donald-trump/-was-slipping-peoples-blood-police-officer-describes-battling-rioters-rcna32903,'I was slipping in people's blood': Police officer describes battling rioters after Capitol became a 'war scene',NBC,'I was slipping in people's blood': Police officer describes battling rioters after Capitol became a 'war scene',0,17,112
https://www.foxnews.com/entertainment/ashley-tisdale-vanessa-hudgens-dance-high-school-musical,"Ashley Tisdale, Vanessa Hudgens dance to 'High School Musical' song during self quarantine",FoxNews,"Ashley Tisdale, Vanessa Hudgens dance to 'High School Musical' song during self quarantine",1,13,90
https://www.nbcnews.com/news/us-news/indiana-man-accused-killing-teen-girls-allegedly-confessed-phone-call-rcna91999,"Indiana man accused of killing teen girls allegedly confessed in phone call to wife, court documents say",NBC,"Indiana man accused of killing teen girls allegedly confessed in phone call to wife, court documents say",0,17,104
https://www.nbcnews.com/politics/2024-election/trump-turns-political-event-surreal-listening-party-rcna175442,Trump turns political event into surreal listening party,NBC,Trump turns political event into surreal listening party,0,8,56
https://www.nbcnews.com/news/world/israel-strikes-lebanon-hezbollah-revenge-device-blasts-nasrallah-rcna171946,Israel says it killed a top Hezbollah official in 'targeted' Beirut strike,NBC,Israel says it killed a top Hezbollah official in 'targeted' Beirut strike,0,12,74
https://www.foxnews.com/us/video-from-trump-assassination-attempt-victims-pov-shows-figure-moving-roof-moments-before-gunfire,Video from Trump assassination attempt victim's POV shows figure moving on roof moments before gunfire,FoxNews,Video from Trump assassination attempt victim's POV shows figure moving on roof moments before gunfire,1,15,102
https://www.foxnews.com/politics/democratic-heavyweights-speak-partys-convention-preparing-large-palestinian-protests,Democratic heavyweights to speak at party's convention; preparing for large Palestinian protests,FoxNews,Democratic heavyweights to speak at party's convention; preparing for large Palestinian protests,1,12,96
https://www.nbcnews.com/politics/2024-election/5-takeaways-walz-vance-presidential-debate-economy-health-care-defendi-rcna172591,5 key takeaways from the VP debate between JD Vance and Tim Walz,NBC,5 key takeaways from the VP debate between JD Vance and Tim Walz,0,13,64
https://www.nbcnews.com/nbc-out/out-pop-culture/hbos-last-us-adaptation-milestone-lgbtq-gamers-rcna67082,HBO's 'The Last of Us' adaptation is a milestone for LGBTQ gamers,NBC,HBO's 'The Last of Us' adaptation is a milestone for LGBTQ gamers,0,12,65
https://www.foxnews.com/media/vance-praised-absolute-fire-takedown-harris-walz-tag-team-riot-enablers-make-america-burn-again,Vance praised for 'absolute FIRE' takedown of Harris Walz 'tag team' riot enablers: 'Make America Burn Again',FoxNews,Vance praised for 'absolute FIRE' takedown of Harris Walz 'tag team' riot enablers: 'Make America Burn Again',1,17,109
https://www.foxnews.com/entertainment/simon-cowell-details-years-long-mental-health-battle,Simon Cowell details yearslong mental health battle: 'We're not all made of steel',FoxNews,Simon Cowell details yearslong mental health battle: 'We're not all made of steel',1,13,82
https://www.foxnews.com/health/be-well-add-egg-3-daily-diet-heart-health,Be well: Add an egg (or 3) to your daily diet for heart health,FoxNews,Be well: Add an egg (or 3) to your daily diet for heart health,1,14,62
https://www.foxnews.com/us/utah-mom-shot-missing-national-guard-husband-sleep-suggested-lover-take-grave-police.print,"Utah mom shot missing National Guard husband in his sleep, suggested lover ‘take it to the grave’: police",FoxNews,"Utah mom shot missing National Guard husband in his sleep, suggested lover ‘take it to the grave’: police",1,18,105
https://www.foxnews.com/lifestyle/new-jersey-restaurant-breaks-guinness-world-record-largest-tequila-mezcal-library,"New Jersey restaurant breaks Guinness World Record for largest tequila, mezcal library",FoxNews,"New Jersey restaurant breaks Guinness World Record for largest tequila, mezcal library",1,12,86
https://www.nbcnews.com/news/world/china-japan-end-dispute-fukushima-water-discharge-rcna171950,China and Japan end dispute over Fukushima water discharge,NBC,China and Japan end dispute over Fukushima water discharge,0,9,58
https://www.foxnews.com/politics/political-handicapper-shifts-montana-senate-leans-republican-tester-falls-behind,Political handicapper shifts Montana Senate to ‘leans Republican’ as Tester falls behind,FoxNews,Political handicapper shifts Montana Senate to ‘leans Republican’ as Tester falls behind,1,12,88
https://www.foxnews.com/health/dementia-warning-dont-say-16-things-loved-ones-disease-experts-advise,"Dementia warning: Don't ever say these 16 things to loved ones with the disease, experts advise",FoxNews,"Dementia warning: Don't ever say these 16 things to loved ones with the disease, experts advise",1,16,95
https://www.foxnews.com/us/jewish-americans-could-show-significant-change-in-voting-support-republican-candidates-2024-experts,"Jewish Americans could show 'significant change' in voting, support Republican candidates in 2024: experts",FoxNews,"Jewish Americans could show 'significant change' in voting, support Republican candidates in 2024: experts",1,14,106
https://www.foxnews.com/lifestyle/world-war-ii-heroes-ages-100-98-fought-battle-bulge-grand-marshals-philly-parade,"World War II heroes, ages 100 and 98, fought in Battle of the Bulge, now are grand marshals of Philly parade",FoxNews,"World War II heroes, ages 100 and 98, fought in Battle of the Bulge, now are grand marshals of Philly parade",1,21,108
https://www.foxnews.com/us/fbi-says-local-law-enforcement-investigated-ga-shooter-2023-found-no-probable-cause,"Georgia officers interviewed Apalachee High School shooting suspect in 2023, could not substantiate threat",FoxNews,"Georgia officers interviewed Apalachee High School shooting suspect in 2023, could not substantiate threat",1,14,106
https://www.nbcnews.com/politics/politics-news/steve-kramer-admitted-deepfaking-bidens-voice-new-hampshire-primary-rcna153626,"Political consultant who admitted deepfaking Biden's voice is indicted, fined $6 million",NBC,"Political consultant who admitted deepfaking Biden's voice is indicted, fined $6 million",0,12,88
https://www.foxnews.com/health/health-care-overwhelmingly-complex-older-adults-experts-increasing-hurdle,"Health care is ‘overwhelmingly complex’ for older adults, experts say: ‘Ever increasing hurdle’",FoxNews,"Health care is ‘overwhelmingly complex’ for older adults, experts say: ‘Ever increasing hurdle’",1,13,95
https://www.nbcnews.com/news/world/lebanons-hezbollah-allies-lose-majority-parliament-election-rcna28962,"Hezbollah, allies lose majority in Lebanon's parliament after election",NBC,"Hezbollah, allies lose majority in Lebanon's parliament after election",0,9,70
https://www.foxnews.com/politics/pro-lifers-blast-trump-betrayal-shifting-abortion-stance-answer-florida-amendment-4.print,"Pro lifers blast Trump 'betrayal' with shifting abortion stance, answer on Florida Amendment 4",FoxNews,"Pro lifers blast Trump 'betrayal' with shifting abortion stance, answer on Florida Amendment 4",1,14,94
https://www.nbcnews.com/news/asian-america/shogun-emmys-wins-awards-2024-rcna171040,'Shogun' breaks record with 18 Emmy wins,NBC,'Shogun' breaks record with 18 Emmy wins,0,7,40
https://www.foxnews.com/world/irans-ayatollah-ali-khamenei-hiding-extra-security-following-hezbollah-leaders-death-report.print,Iran's Ayatollah Ali Khamenei in hiding with extra security following Hezbollah leader's death: report,FoxNews,Iran's Ayatollah Ali Khamenei in hiding with extra security following Hezbollah leader's death: report,1,14,102
https://www.foxnews.com/politics/riley-gaines-visits-rnc-message-new-york-ag-letitia-james-democrats-claiming-party-women.print,"Riley Gaines visits RNC with message for New York AG Letitia James, Democrats claiming to be party for women",FoxNews,"Riley Gaines visits RNC with message for New York AG Letitia James, Democrats claiming to be party for women",1,19,108
https://www.foxnews.com/lifestyle/america-50-landmarks-national-story,America the beautiful: 50 must see landmarks that tell our national story,FoxNews,America the beautiful: 50 must see landmarks that tell our national story,1,12,73
https://www.foxnews.com/sports/nfl-legend-troy-aikman-rips-lazy-cowboys-wide-receivers-after-blowout-loss,NFL legend Troy Aikman rips 'lazy' Cowboys wide receivers after blowout loss,FoxNews,NFL legend Troy Aikman rips 'lazy' Cowboys wide receivers after blowout loss,1,12,76
https://www.foxnews.com/us/texas-uvalde-shooting-report-reveals-multiple-systemic-failiures,Texas officials: Uvalde shooting report reveals 'multiple systemic failures',FoxNews,Texas officials: Uvalde shooting report reveals 'multiple systemic failures',1,9,76
https://www.foxnews.com/entertainment/harry-styles-full-x-factor-uk-audition-video-reveals-details-about-singers-first-performance,Harry Styles' full 'X Factor UK' audition video reveals details about the singer's first performance,FoxNews,Harry Styles' full 'X Factor UK' audition video reveals details about the singer's first performance,1,15,100
https://www.foxnews.com/media/biden-says-hes-more-physically-viable-than-time-reporters-interviewing-him-i-can-take-you-too.print,Biden says he's more physically viable than TIME reporters interviewing him: ‘I can take you too’,FoxNews,Biden says he's more physically viable than TIME reporters interviewing him: ‘I can take you too’,1,16,97
https://www.foxnews.com/us/north-carolina-manhunt-launched-convicted-murderer-escaped-way-hospital-sheriff.print,North Carolina manhunt launched for convicted murderer who escaped on way to hospital: sheriff,FoxNews,North Carolina manhunt launched for convicted murderer who escaped on way to hospital: sheriff,1,14,94
https://www.foxnews.com/media/researchers-argue-rapid-onset-gender-dysphoria-does-exist-despite-narrative-against-it,"Researchers argue 'rapid onset gender dysphoria' does exist, despite narrative against it",FoxNews,"Researchers argue 'rapid onset gender dysphoria' does exist, despite narrative against it",1,12,89
https://www.nbcnews.com/select/shopping/best-teacher-gift-ideas-ncna1282861,23+ thoughtful gifts for teachers that will help them destress,NBC,23+ thoughtful gifts for teachers that will help them destress,0,10,62
https://www.foxnews.com/media/uncommitted-democratic-voters-creating-negative-press-biden-progressives-protest-support-israel,‘Uncommitted’ Democratic voters creating negative press for Biden as progressives protest support for Israel,FoxNews,‘Uncommitted’ Democratic voters creating negative press for Biden as progressives protest support for Israel,1,14,108
https://www.foxnews.com/us/defund-the-police-return-school-resource-officers,Crime spikes force schools to reinstate resource officers as defund movement collapses,FoxNews,Crime spikes force schools to reinstate resource officers as defund movement collapses,1,12,86
https://www.nbcnews.com/news/world/pager-new-device-explosions-lebanon-hezbollah-rcna171637,New device explosions reported in Lebanon,NBC,New device explosions reported in Lebanon,0,6,41
https://www.nbcnews.com/politics/donald-trump/jan-6-committee-issues-subpoenas-trump-s-alternate-electors-n1288180,"Jan. 6 committee issues subpoenas to Trump's 'alternate electors,' former spokesman",NBC,"Jan. 6 committee issues subpoenas to Trump's 'alternate electors,' former spokesman",0,11,83
https://www.foxnews.com/world/united-nations-slammed-silence-hamas-rapes-mutilation-murder-israeli-women-critics-say,"United Nations slammed for silence over Hamas rapes, mutilation and murder of Israeli women, critics say",FoxNews,"United Nations slammed for silence over Hamas rapes, mutilation and murder of Israeli women, critics say",1,16,104
https://www.foxnews.com/us/911-call-reveals-shock-utah-mommy-bloggers-alleged-child-abuse-shes-bad-lady,911 call reveals shock of Utah mommy bloggers' alleged child abuse: 'She's a bad lady',FoxNews,911 call reveals shock of Utah mommy bloggers' alleged child abuse: 'She's a bad lady',1,15,86
https://www.foxnews.com/media/superintendent-fired-crt-banned-moms-liberty-candidates-revamp-south-carolina-school-district,"Superintendent fired, CRT banned after Moms for Liberty candidates revamp South Carolina school district",FoxNews,"Superintendent fired, CRT banned after Moms for Liberty candidates revamp South Carolina school district",1,14,104
https://www.nbcnews.com/politics/2024-election/sarah-mcbride-launches-historic-bid-become-first-trans-member-congress-rcna91114,Sarah McBride launches historic bid to become first trans member of Congress,NBC,Sarah McBride launches historic bid to become first trans member of Congress,0,12,76
https://www.foxnews.com/media/vp-nominee-tim-walz-sits-rare-interview-discuss-gutter-maintenance-tiktoker,VP nominee Tim Walz sits for rare interview to discuss gutter maintenance with TikToker,FoxNews,VP nominee Tim Walz sits for rare interview to discuss gutter maintenance with TikToker,1,14,87
https://www.nbcnews.com/news/world/russia-ukraine-war-vladimir-putin-india-narendra-modi-moscow-visit-rcna160646,Indian Prime Minister Modi makes first visit to ally Russia since Ukraine invasion,NBC,Indian Prime Minister Modi makes first visit to ally Russia since Ukraine invasion,0,13,82
https://www.foxnews.com/world/hezbollah-hits-israel-deadliest-attack-months-long-conflict-idf-says-raising-fears-escalation.print,"Hezbollah hits Israel with deadliest attack in months long conflict, IDF says, raising fears of escalation",FoxNews,"Hezbollah hits Israel with deadliest attack in months long conflict, IDF says, raising fears of escalation",1,16,106
https://www.nbcnews.com/news/world/iran-election-votes-president-raisi-rcna159399,Iranians vote to replace late President Raisi,NBC,Iranians vote to replace late President Raisi,0,7,45
https://www.foxnews.com/entertainment/ozzy-sharon-osbourne-delay-move-back-england-due-rockers-health-la-used-nice,"Ozzy, Sharon Osbourne delay move back to England due to rocker's health: 'LA used to be nice'",FoxNews,"Ozzy, Sharon Osbourne delay move back to England due to rocker's health: 'LA used to be nice'",1,17,93
https://www.nbcnews.com/politics/donald-trump/trump-national-security-adviser-robert-obrien-meets-netanyahu-rcna153185,Trump allies meet with Netanyahu and other Israeli officials as pressure builds on prime minister,NBC,Trump allies meet with Netanyahu and other Israeli officials as pressure builds on prime minister,0,15,97
https://www.foxnews.com/politics/trump-blasts-doj-election-interference-calls-federal-case-scam-after-judge-unseals-smiths-key-filing,"Trump blasts DOJ for 'election interference,' calls Jack Smith case a 'scam' after judge unseals key filing",FoxNews,"Trump blasts DOJ for 'election interference,' calls Jack Smith case a 'scam' after judge unseals key filing",1,17,107
https://www.nbcnews.com/politics/justice-department/jan-6-rioter-manipulated-trump-fox-news-rcna127404,"Jan. 6 rioter asks for early release, says he was ‘manipulated’ by Trump and",NBC,"Jan. 6 rioter asks for early release, says he was ‘manipulated’ by Trump and",0,14,76
https://www.nbcnews.com/politics/2024-election/judge-rules-rfk-jrs-bid-appear-new-york-ballot-fall-rcna166316,Judge rules against RFK Jr.'s bid to appear on New York ballot this fall,NBC,Judge rules against RFK Jr.'s bid to appear on New York ballot this fall,0,14,72
https://www.foxnews.com/lifestyle/jack-carr-bestselling-author-former-seal-announces-nonfiction-series-targeted-terror-events.print,"Jack Carr, bestselling author and former SEAL, announces nonfiction series, 'Targeted,' on terror events",FoxNews,"Jack Carr, bestselling author and former SEAL, announces nonfiction series, 'Targeted,' on terror events",1,14,104
https://www.nbcnews.com/news/world/icj-united-nations-israel-settlement-violate-international-law-rcna162667,"Israeli settlements violate international law, U.N.'s top court says in a landmark opinion",NBC,"Israeli settlements violate international law, U.N.'s top court says in a landmark opinion",0,13,90
https://www.foxnews.com/politics/bernie-sanders-force-senate-vote-resolution-could-freeze-aid-israel,Bernie Sanders to force Senate vote on resolution that could freeze aid to Israel,FoxNews,Bernie Sanders to force Senate vote on resolution that could freeze aid to Israel,1,14,81
https://www.foxnews.com/media/former-obama-fundraiser-calls-trumps-fine-so-wrong-attempt-inflict-pain-before-ny-loses-appeal.print,"Former Obama fundraiser calls Trump's fine 'so wrong,' attempt to inflict 'pain' before NY loses in appeal",FoxNews,"Former Obama fundraiser calls Trump's fine 'so wrong,' attempt to inflict 'pain' before NY loses in appeal",1,17,106
https://www.foxnews.com/entertainment/liam-paynes-death-has-one-direction-creator-simon-cowell-feeling-empty,Liam Payne’s death has One Direction creator Simon Cowell feeling ‘empty’,FoxNews,Liam Payne’s death has One Direction creator Simon Cowell feeling ‘empty’,1,11,73
https://www.foxnews.com/lifestyle/meet-american-who-wrote-moon-landing-software-margaret-hamilton-computer-whiz-mom,"Meet the American who wrote the moon landing software: Margaret Hamilton, computer whiz mom",FoxNews,"Meet the American who wrote the moon landing software: Margaret Hamilton, computer whiz mom",1,14,91
https://www.nbcnews.com/politics/national-security/us-spy-agencies-are-ready-warn-voters-foreign-election-interference-rcna156895,U.S. officials say intel agencies are ready to warn the public over foreign election interference,NBC,U.S. officials say intel agencies are ready to warn the public over foreign election interference,0,15,97
https://www.foxnews.com/entertainment/americas-got-talent-judge-simon-cowell-makes-show-history-shocking-move,'America's Got Talent' judge Simon Cowell makes show history with shocking move,FoxNews,'America's Got Talent' judge Simon Cowell makes show history with shocking move,1,12,79
https://www.foxnews.com/media/gutfeld-draws-largest-audience-program-history-trump-appearance.print,'Gutfeld!' draws largest audience in program history with Trump appearance,FoxNews,'Gutfeld!' draws largest audience in program history with Trump appearance,1,10,74
https://www.foxnews.com/great-outdoors/national-parks-prepare-millions-visitors-summer-some-require-reservations,National parks prepare for millions to visit this summer; some now require reservations,FoxNews,National parks prepare for millions to visit this summer; some now require reservations,1,13,87
https://www.nbcnews.com/politics/white-house/us-qatar-agree-not-release-iran-6-billion-prisoner-swap-rcna120135,U.S. and Qatar agree not to release Iran's $6B,NBC,U.S. and Qatar agree not to release Iran's $6B,0,9,46
https://www.foxnews.com/media/biden-ripped-gun-control-speech-hours-after-hunters-firearm-conviction-we-live-clown-world,Biden ripped for gun control speech hours after Hunter's firearm conviction: 'We live in clown world',FoxNews,Biden ripped for gun control speech hours after Hunter's firearm conviction: 'We live in clown world',1,16,101
https://www.foxnews.com/entertainment/lori-loughlin-prison-stint-why-hasnt-spoken-daughter-olivia-jade-expert,Inside Lori Loughlin’s prison stint and why she potentially hasn’t spoken with daughter Olivia Jade: expert,FoxNews,Inside Lori Loughlin’s prison stint and why she potentially hasn’t spoken with daughter Olivia Jade: expert,1,16,107
https://www.foxnews.com/sports/guardians-closer-emmanuel-clase-shows-off-accolades-right-after-blowing-save-yankees-alcs.print,Guardians closer Emmanuel Clase shows off accolades right after blowing save to Yankees in ALCS,FoxNews,Guardians closer Emmanuel Clase shows off accolades right after blowing save to Yankees in ALCS,1,15,95
https://www.nbcnews.com/politics/nebraska-2024-presidential-map-politics-desk-rcna146257,How Nebraska could shake up the presidential map: From the Politics Desk,NBC,How Nebraska could shake up the presidential map: From the Politics Desk,0,12,72
https://www.nbcnews.com/news/world/north-korean-troops-russia-readying-combat-ukraine-war-rcna176070,"North Korean special forces in Russia readying for combat in Ukraine war, South Korea says",NBC,"North Korean special forces in Russia readying for combat in Ukraine war, South Korea says",0,15,90
https://www.nbcnews.com/politics/2024-election/ron-desantis-super-pac-never-back-down-jeff-roe-top-strategist-rcna130126,Ron DeSantis’ super PAC loses its top strategist in latest sign of turmoil,NBC,Ron DeSantis’ super PAC loses its top strategist in latest sign of turmoil,0,13,74
https://www.foxnews.com/media/survivor-hamas-terror-lost-many-friends-count-says-october-7-first-shot,"Survivor of Hamas terror lost too many friends to count, says October 7 was 'only the first shot'",FoxNews,"Survivor of Hamas terror lost too many friends to count, says October 7 was 'only the first shot'",1,18,97
https://www.foxnews.com/entertainment/matt-damons-advice-josh-hartnett-while-filming-oppenheimer-so-unhelpful,Matt Damon's advice to Josh Hartnett while filming 'Oppenheimer' was ‘so unhelpful’,FoxNews,Matt Damon's advice to Josh Hartnett while filming 'Oppenheimer' was ‘so unhelpful’,1,12,83
https://www.foxnews.com/politics/harris-trump-showdown-new-polls-indicate-who-has-edge-blue-wall-battle,Harris Trump showdown: New polls indicate who has the edge in the Blue Wall battle,FoxNews,Harris Trump showdown: New polls indicate who has the edge in the Blue Wall battle,1,15,82
https://www.foxnews.com/media/colorado-district-created-methodical-system-deceive-parents-in-school-social-transitions,Colorado district equity docs reveal methodical system to deceive parents on in school social transitions,FoxNews,Colorado district equity docs reveal methodical system to deceive parents on in school social transitions,1,15,105
https://www.foxnews.com/entertainment/ticketmaster-apologizes-taylor-swift-fans-sales-disaster,"Ticketmaster apologizes to Taylor Swift, fans over sales disaster",FoxNews,"Ticketmaster apologizes to Taylor Swift, fans over sales disaster",1,9,65
https://www.nbcnews.com/news/nbcblk/trump-stop-frisk-black-male-voters-rcna157084,Trump courts Black men as he pledges return to a policy that disproportionately targeted them,NBC,Trump courts Black men as he pledges return to a policy that disproportionately targeted them,0,15,93
https://www.foxnews.com/media/loneliness-crisis-sweeping-america-deadly-smoking-surgeon-general-warns,"Loneliness crisis sweeping America could be as deadly as smoking, surgeon general warns",FoxNews,"Loneliness crisis sweeping America could be as deadly as smoking, surgeon general warns",1,13,87
https://www.nbcnews.com/politics/elections/glenn-youngkin-united-virginia-republicans-15-week-abortion-ban-pushed-rcna119199,Glenn Youngkin united Virginia Republicans around a 15 week abortion ban. Some have pushed to go further.,NBC,Glenn Youngkin united Virginia Republicans around a 15 week abortion ban. Some have pushed to go further.,0,17,105
https://www.foxnews.com/politics/trump-harris-travel-new-york-city-shanksville-commemorate-9-11-attacks-just-hours-after-debate,"Trump, Harris shake hands in show of unity at Ground Zero for 9/11 commemoration",FoxNews,"Trump, Harris shake hands in show of unity at Ground Zero for 9/11 commemoration",1,14,80
https://www.foxnews.com/entertainment/king-charles-queen-camilla-reportedly-pulled-from-royal-outing-due-security-scare,"King Charles, Queen Camilla reportedly pulled from royal outing due to security scare",FoxNews,"King Charles, Queen Camilla reportedly pulled from royal outing due to security scare",1,13,85
https://www.foxnews.com/politics/white-house-says-trumps-tariffs-destroy-manufacturing-exacerbate-inflation,"White House says Trump’s tariffs will destroy manufacturing, exacerbate inflation",FoxNews,"White House says Trump’s tariffs will destroy manufacturing, exacerbate inflation",1,10,81
https://www.foxnews.com/media/time-magazine-owner-takes-kamala-harris-task-denying-interview-requests-we-believe-transparency,Time magazine owner takes Kamala Harris to task for denying interview requests: 'We believe in transparency',FoxNews,Time magazine owner takes Kamala Harris to task for denying interview requests: 'We believe in transparency',1,16,108
https://www.foxnews.com/media/harris-campaign-danger-zone-americans-worry-countrys-direction,"Harris campaign is in 'danger zone' as Americans worry about country's direction, says CNN data guru",FoxNews,"Harris campaign is in 'danger zone' as Americans worry about country's direction, says CNN data guru",1,16,100
https://www.nbcnews.com/news/world/top-israeli-legal-official-tells-netanyahu-fire-key-ally-supreme-court-rcna66473,Top Israeli legal official tells Netanyahu to fire key ally,NBC,Top Israeli legal official tells Netanyahu to fire key ally,0,10,59
https://www.foxnews.com/world/israel-strikes-hezbollah-targets-lebanon-after-two-rounds-device-explosions,Israel strikes Hezbollah targets in Lebanon after two rounds of device explosions,FoxNews,Israel strikes Hezbollah targets in Lebanon after two rounds of device explosions,1,12,81
https://www.nbcnews.com/select/shopping/best-gifts-new-parents-ncna1300748,21+ gifts for new parents that will help make life easier and more comfortable,NBC,21+ gifts for new parents that will help make life easier and more comfortable,0,14,78
https://www.foxnews.com/politics/abuse-power-house-gop-opens-probe-ukrainian-presidents-trip-battleground-pennsylvania,'Abuse of power': House GOP opens probe into Ukrainian president's trip to battleground Pennsylvania,FoxNews,'Abuse of power': House GOP opens probe into Ukrainian president's trip to battleground Pennsylvania,1,14,100
https://www.nbcnews.com/politics/2024-election/jd-vance-says-hard-trump-win-north-carolina-rcna171162,JD Vance says it would be 'very hard' for Trump to win without North Carolina,NBC,JD Vance says it would be 'very hard' for Trump to win without North Carolina,0,15,77
https://www.foxnews.com/politics/trump-defense-challenges-jury-selection-criminal-hush-money-trial.print,Trump defense challenges jury selection in criminal hush money trial,FoxNews,Trump defense challenges jury selection in criminal hush money trial,1,10,68
https://www.foxnews.com/sports/giants-rookie-phenom-malik-nabers-travis-scott-concert-backlash-got-own-life.print,Giants rookie phenom Malik Nabers on Travis Scott concert backlash: 'I still got my own life',FoxNews,Giants rookie phenom Malik Nabers on Travis Scott concert backlash: 'I still got my own life',1,16,93
https://www.nbcnews.com/news/asian-america/china-halts-foreign-adoptions-children-rcna169787,China halts foreign adoptions of its children,NBC,China halts foreign adoptions of its children,0,7,45
https://www.foxnews.com/politics/house-gop-doubts-grow-johnson-digs-funding-fight-playing-government-shutdown,House GOP doubts grow as Johnson digs in on funding fight: 'Playing with a government shutdown',FoxNews,House GOP doubts grow as Johnson digs in on funding fight: 'Playing with a government shutdown',1,16,95
https://www.foxnews.com/lifestyle/franklin-grahams-samaritans-purse-sponsors-21-ambulances-israel-replace-destroyed-hamas,Franklin Graham's Samaritan's Purse sponsors 21 ambulances in Israel to replace those destroyed by Hamas,FoxNews,Franklin Graham's Samaritan's Purse sponsors 21 ambulances in Israel to replace those destroyed by Hamas,1,15,104
https://www.nbcnews.com/news/world/russia-vladimir-putin-kremlin-lukoil-maganov-death-navalny-skripal-rcna46030,Death of Russian oil exec Ravil Maganovhighlights suspicious ends met by those who crossed the Kremlin,NBC,Death of Russian oil exec Ravil Maganovhighlights suspicious ends met by those who crossed the Kremlin,0,16,102
https://www.nbcnews.com/news/world/germany-issues-1st-arrest-warrant-2022-nord-stream-pipeline-blasts-rcna166526,Germany issues 1st arrest warrant for 2022 Nord Stream pipeline blasts,NBC,Germany issues 1st arrest warrant for 2022 Nord Stream pipeline blasts,0,11,70
https://www.foxnews.com/politics/sources-close-biden-furious-growing-calls-get-exit-race-report,Sources close to Biden 'furious' about growing calls to get him to exit race: report,FoxNews,Sources close to Biden 'furious' about growing calls to get him to exit race: report,1,15,84
https://www.nbcnews.com/news/world/israeli-prime-minister-netanyahu-hospitalized-rcna94428,Israeli Prime Minister Netanyahu hospitalized,NBC,Israeli Prime Minister Netanyahu hospitalized,0,5,45
https://www.nbcnews.com/tech/tech-news/fewer-people-using-elon-musks-x-struggles-keep-users-rcna144115,"Fewer people are using Elon Musk’s X as the platform struggles to attract and keep users, according to analysts",NBC,"Fewer people are using Elon Musk’s X as the platform struggles to attract and keep users, according to analysts",0,19,111
https://www.foxnews.com/lifestyle/best-vegetables-for-health-nutritionists,"The best vegetables for your health, according to nutritionists",FoxNews,"The best vegetables for your health, according to nutritionists",1,9,63
https://www.foxnews.com/media/fox-news-channel-dominates-cnn-msnbc-during-historic-news-cycle-of-third-quarter.print,"Channel dominates CNN, MSNBC during historic cycle of third quarter as 'The Five' makes history",FoxNews,"Channel dominates CNN, MSNBC during historic cycle of third quarter as 'The Five' makes history",1,15,95
https://www.nbcnews.com/tech/social-media/trump-logan-paul-podcast-interview-video-youtube-rcna157193,Trump appears on YouTuber Logan Paul’s podcast in a bid for young voters,NBC,Trump appears on YouTuber Logan Paul’s podcast in a bid for young voters,0,13,72
https://www.nbcnews.com/select/shopping/what-to-shop-4th-of-july-rcna158877,Amazon Prime Day v.s. 4th of July: What are the best deals to shop?,NBC,Amazon Prime Day v.s. 4th of July: What are the best deals to shop?,0,14,67
https://www.nbcnews.com/news/world/hungarian-insider-releases-audio-says-proof-orban-corruption-rcna145070,Former Hungarian insider releases audio he says is proof of corruption in embattled Orbán government,NBC,Former Hungarian insider releases audio he says is proof of corruption in embattled Orbán government,0,15,100
https://www.foxnews.com/us/anti-israel-yale-protesters-joining-columbia-students-in-tear-down-our-society-ivy-league-movement-law-prof,Anti Israel Yale protesters joining Columbia students in 'tear down our society' Ivy League movement: Law prof,FoxNews,Anti Israel Yale protesters joining Columbia students in 'tear down our society' Ivy League movement: Law prof,1,17,110
https://www.foxnews.com/health/ear-infections-young-children-could-lead-delayed-speech-study-finds,"Ear infections in young children could lead to delayed speech for them, study finds",FoxNews,"Ear infections in young children could lead to delayed speech for them, study finds",1,14,83
https://www.foxnews.com/politics/supreme-court-rules-favor-nra-key-first-amendment-case,Supreme Court rules in favor of NRA in key First Amendment case,FoxNews,Supreme Court rules in favor of NRA in key First Amendment case,1,12,63
https://www.foxnews.com/lifestyle/texas-woman-accidentally-swallows-partial-dentures-how-medical-team-saved,"Texas woman accidentally swallows partial dentures, here's how a medical team saved the day",FoxNews,"Texas woman accidentally swallows partial dentures, here's how a medical team saved the day",1,14,91
https://www.foxnews.com/world/hezbollah-rocket-attack-israel-hits-haifa-first-time,Hezbollah rocket attack on Israel hits Haifa for first time,FoxNews,Hezbollah rocket attack on Israel hits Haifa for first time,1,10,59
https://www.nbcnews.com/news/world/israeli-settlers-rampage-palestinian-town-hawara-west-bank-shooting-rcna72406,Israeli settlers rampage through a Palestinian town in revenge for shooting,NBC,Israeli settlers rampage through a Palestinian town in revenge for shooting,0,11,75
https://www.foxnews.com/us/trump-shooter-thomas-matthew-crooks-parents-registered-pennsylvania-professional-counselors-records,Trump shooter Thomas Matthew Crooks' parents registered Pennsylvania professional counselors: Records,FoxNews,Trump shooter Thomas Matthew Crooks' parents registered Pennsylvania professional counselors: Records,1,11,101
https://www.nbcnews.com/politics/jan-6-defendant-representing-questions-son-turned-fbi-rcna90621,"Jan. 6 defendant, representing himself, questions son who turned him into the FBI",NBC,"Jan. 6 defendant, representing himself, questions son who turned him into the FBI",0,13,81
https://www.foxnews.com/politics/federal-judge-blocks-biden-admin-move-give-legal-status-illegal-immigrant-spouses-us-citizens.print,Federal judge blocks Biden admin move to give legal status to illegal immigrant spouses of US citizens,FoxNews,Federal judge blocks Biden admin move to give legal status to illegal immigrant spouses of US citizens,1,17,102
https://www.nbcnews.com/news/latino/judge-esther-salas-law-son-killed-gunman-target-rcna62637,"Latina judge applauds law named after son, killed by gunman targeting her",NBC,"Latina judge applauds law named after son, killed by gunman targeting her",0,12,73
https://www.foxnews.com/opinion/dnc-party-shining-hopeful-spotlight-america-rnc-just-trump,"At DNC, my party is shining a hopeful spotlight on America. At RNC it was just on Trump",FoxNews,"At DNC, my party is shining a hopeful spotlight on America. At RNC it was just on Trump",1,18,87
https://www.nbcnews.com/politics/donald-trump/know-juan-merchan-judge-trump-indictment-case-rcna77611,Who's Judge Juan Merchan? Trump says he 'hates me' but lawyers say he's fair,NBC,Who's Judge Juan Merchan? Trump says he 'hates me' but lawyers say he's fair,0,14,76
https://www.nbcnews.com/politics/justice-department/stewart-rhodes-wrote-message-trump-jan-6-calling-republic-arrest-membe-rcna55216,Stewart Rhodes wrote message to Trump after Jan. 6 calling on him to 'save the Republic' and arrest members of Congress,NBC,Stewart Rhodes wrote message to Trump after Jan. 6 calling on him to 'save the Republic' and arrest members of Congress,0,21,119
https://www.foxnews.com/politics/georgia-judge-blocks-rule-requiring-clerks-hand-count-number-ballots,Georgia judge blocks rule requiring clerks to hand count number of ballots,FoxNews,Georgia judge blocks rule requiring clerks to hand count number of ballots,1,12,74
https://www.foxnews.com/entertainment/yellowstone-star-lainey-wilson-testifies-ai-using-voice-gut-punch,'Yellowstone' star Lainey Wilson testifies AI using her voice was 'gut punch': 'It is a personal violation',FoxNews,'Yellowstone' star Lainey Wilson testifies AI using her voice was 'gut punch': 'It is a personal violation',1,17,107
https://www.nbcnews.com/news/latino/migrants-selling-fruit-candy-new-yorks-subway-are-plagued-fear-uncerta-rcna175712,Migrants selling fruit and candy in New York's subway are plagued by fear and uncertainty,NBC,Migrants selling fruit and candy in New York's subway are plagued by fear and uncertainty,0,15,89
https://www.nbcnews.com/news/world/israel-music-festival-massacre-grounds-rcna120148,"Discarded sandals, open liquor bottles: Israel music festival grounds show remnants of a celebration cut short",NBC,"Discarded sandals, open liquor bottles: Israel music festival grounds show remnants of a celebration cut short",0,16,110
https://www.nbcnews.com/news/world/china-national-peoples-congress-premier-news-conference-scrapped-rcna141592,China scraps premier’s conference in surprise move ahead of big annual meeting,NBC,China scraps premier’s conference in surprise move ahead of big annual meeting,0,12,78
https://www.foxnews.com/world/researchers-unearth-find-dating-back-2400-years-ancient-greek-city,"Researchers unearth find dating back 2,400 years in ancient Greek city",FoxNews,"Researchers unearth find dating back 2,400 years in ancient Greek city",1,11,70
https://www.nbcnews.com/politics/justice-department/trump-supporter-charged-firing-gun-jan-6-capitol-attack-rcna142538,Trump supporter charged with firing a gun during the Jan. 6 Capitol attack,NBC,Trump supporter charged with firing a gun during the Jan. 6 Capitol attack,0,13,74
https://www.foxnews.com/opinion/parents-kidnapped-hamas-they-footnote-gaza-war-they-essence,"My parents were kidnapped by Hamas. They are not a footnote to Gaza war, they are its essence",FoxNews,"My parents were kidnapped by Hamas. They are not a footnote to Gaza war, they are its essence",1,18,93
https://www.foxnews.com/sports/travis-kelce-passionately-defends-guardians-fandom-after-teams-thrilling-win.print,Travis Kelce passionately defends Guardians fandom after team's thrilling win,FoxNews,Travis Kelce passionately defends Guardians fandom after team's thrilling win,1,10,77
https://www.foxnews.com/politics/biden-trump-struggle-lock-up-base-voters-ahead-first-debate,"'Warning signs flashing': Biden, Trump struggle to lock up base voters ahead of first debate",FoxNews,"'Warning signs flashing': Biden, Trump struggle to lock up base voters ahead of first debate",1,15,92
https://www.nbcnews.com/politics/justice-department/fbi-arrests-jan-6-rioter-confessed-front-courthouse-rcna100455,FBI arrests Jan. 6 rioter who confessed to assaulting an officer in front of courthouse,NBC,FBI arrests Jan. 6 rioter who confessed to assaulting an officer in front of courthouse,0,15,87
https://www.nbcnews.com/tech/internet/lieutenant-dan-tampa-florida-hurricane-milton-boat-mayor-cam-gofundme-rcna174647,A Florida man riding out Hurricane Milton on his boat alarms TikTok and local officials,NBC,A Florida man riding out Hurricane Milton on his boat alarms TikTok and local officials,0,15,87
https://www.foxnews.com/media/klobuchar-suggests-voting-democrat-will-help-stop-hurricanes-thats-why-weve-got-win-this,Amy Klobuchar suggests voting Democrat will help stop hurricanes: 'That's why we've got to win this',FoxNews,Amy Klobuchar suggests voting Democrat will help stop hurricanes: 'That's why we've got to win this',1,16,100
https://www.nbcnews.com/sports/nfl/rob-gronkowski-stunt-double-rcna175601,Being Gronk: How this actor and stunt double plays the NFL legend on screen,NBC,Being Gronk: How this actor and stunt double plays the NFL legend on screen,0,14,75
https://www.foxnews.com/us/floridians-prepare-worst-hurricane-milton-quickly-approaches,Floridians prepare for the worst as Hurricane Milton quickly approaches,FoxNews,Floridians prepare for the worst as Hurricane Milton quickly approaches,1,10,71
https://www.foxnews.com/politics/2024-showdown-trump-campaign-rejoices-harris-leans-in-key-issue-haunting-vice-presidency.print,2024 Showdown: Trump campaign rejoices after Harris leans in on key issue haunting her vice presidency,FoxNews,2024 Showdown: Trump campaign rejoices after Harris leans in on key issue haunting her vice presidency,1,16,102
https://www.foxnews.com/politics/border-patrol-union-endorses-controversial-senate-border-deal-far-better-status-quo,Border Patrol Union endorses controversial Senate border deal: ‘far better than the status quo’,FoxNews,Border Patrol Union endorses controversial Senate border deal: ‘far better than the status quo’,1,14,95
https://www.nbcnews.com/select/shopping/best-sunscreen-skiing-snowboarding-rcna175919,There’s no such thing as a waterproof sunscreen. Here’s what SPF to wear while skiing,NBC,There’s no such thing as a waterproof sunscreen. Here’s what SPF to wear while skiing,0,15,85
https://www.nbcnews.com/politics/white-house/biden-king-jordan-meet-hostage-release-talks-israel-hamas-war-rcna138379,Biden and king of Jordan discuss hostage release efforts at White House meeting,NBC,Biden and king of Jordan discuss hostage release efforts at White House meeting,0,13,79
https://www.foxnews.com/us/pennsylvania-sheriff-defends-local-officers-who-confronted-trump-rally-shooter,Pennsylvania sheriff defends local officers who confronted Trump rally shooter,FoxNews,Pennsylvania sheriff defends local officers who confronted Trump rally shooter,1,10,78
https://www.nbcnews.com/news/world/hamas-israel-cease-fire-talks-ended-rcna150779,CIA director may travel to Israel for more cease fire and hostage negotiations,NBC,CIA director may travel to Israel for more cease fire and hostage negotiations,0,13,78
https://www.foxnews.com/politics/blinken-meets-with-qatars-prime-minister.print,"Blinken meets Qatar PM, says Israeli actions are not 'retaliation,' but 'defending the lives of its people'",FoxNews,"Blinken meets Qatar PM, says Israeli actions are not 'retaliation,' but 'defending the lives of its people'",1,17,107
https://www.nbcnews.com/politics/donald-trump/trump-putin-talked-many-7-2021-new-book-claims-rcna174528,"Trump and Putin have talked as many as 7 times since 2021, new book claims",NBC,"Trump and Putin have talked as many as 7 times since 2021, new book claims",0,15,74
https://www.nbcnews.com/politics/2024-election/jill-biden-honor-husband-convention-monday-appearance-was-going-much-d-rcna166732,Jill Biden to honor her husband at convention Monday an appearance that once was going to be much different,NBC,Jill Biden to honor her husband at convention Monday an appearance that once was going to be much different,0,19,107
https://www.foxnews.com/lifestyle/meet-american-created-kentucky-derby-meriwether-lewis-clark-jr-born-pioneers,"Meet the American who created the Kentucky Derby, Meriwether Lewis Clark Jr., born of pioneers",FoxNews,"Meet the American who created the Kentucky Derby, Meriwether Lewis Clark Jr., born of pioneers",1,15,94
https://www.foxnews.com/media/nancy-pelosi-says-never-recommend-biden-debate-trump-stage-surprise-announcement,Nancy Pelosi says she 'would never recommend' Biden debate Trump on stage after surprise announcement,FoxNews,Nancy Pelosi says she 'would never recommend' Biden debate Trump on stage after surprise announcement,1,15,101
https://foxnews.com/politics/back-trail-top-biden-surrogate-newsom-now-campaigning-harris,Back on the trail: Top Biden surrogate Newsom now campaigning for Harris,FoxNews,Back on the trail: Top Biden surrogate Newsom now campaigning for Harris,1,12,72
https://www.foxnews.com/politics/trump-rejecting-advice-tries-mockery-insults-ai-against-kamala-working,"Trump, rejecting advice, tries mockery, insults, AI against Kamala, but is it working?",FoxNews,"Trump, rejecting advice, tries mockery, insults, AI against Kamala, but is it working?",1,13,86
https://www.foxnews.com/politics/do-potential-biden-replacements-have-what-takes-beat-trump,Do these potential Biden replacements have what it takes to beat Trump?,FoxNews,Do these potential Biden replacements have what it takes to beat Trump?,1,12,71
https://www.foxnews.com/politics/arizona-abortion-rights-group-secures-signatures-2024-ballot-referendum.print,Arizona abortion rights group secures signatures for 2024 ballot referendum,FoxNews,Arizona abortion rights group secures signatures for 2024 ballot referendum,1,10,75
https://www.foxnews.com/media/gretchen-whitmer-rejects-polls-showing-harris-up-5-points-against-trump-michigan-not-true,Gretchen Whitmer rejects polls showing Harris up 5 points against Trump in Michigan: 'It's just not true',FoxNews,Gretchen Whitmer rejects polls showing Harris up 5 points against Trump in Michigan: 'It's just not true',1,17,105
https://www.nbcnews.com/news/world/india-lord-ram-temple-ayodhya-narendra-modi-rcna134654,Modi opens grand Hindu temple with eye on India’s upcoming elections,NBC,Modi opens grand Hindu temple with eye on India’s upcoming elections,0,11,68
https://www.nbcnews.com/news/world/pressure-netanyahu-israeli-hostages-rcna122945,'Bring them home now': Pressure mounts on Netanyahu to prioritize Israeli hostages,NBC,'Bring them home now': Pressure mounts on Netanyahu to prioritize Israeli hostages,0,12,82
https://www.nbcnews.com/select/shopping/white-elephant-secret-santa-gifts-ncna1285678,21+ Secret Santa and White Elephant gifts that will make holiday shopping so much easier,NBC,21+ Secret Santa and White Elephant gifts that will make holiday shopping so much easier,0,15,88
https://www.nbcnews.com/select/shopping/best-carry-travel-backpacks-ncna1267028,"The best backpacks for long and short trips, according to travel bloggers",NBC,"The best backpacks for long and short trips, according to travel bloggers",0,12,73
https://www.foxnews.com/lifestyle/from-salmon-shark-best-worst-fish-health-according-experts,"From salmon to shark, here are the best and worst fish for your health, according to experts",FoxNews,"From salmon to shark, here are the best and worst fish for your health, according to experts",1,17,92
https://www.foxnews.com/media/farmers-ranchers-slam-biden-attack-farmers-epa-water-rule-complete-example-govt-overreach.print,"Farmers, ranchers slam Biden 'attack on farmers' with EPA water rule: 'Complete example of govt. overreach'",FoxNews,"Farmers, ranchers slam Biden 'attack on farmers' with EPA water rule: 'Complete example of govt. overreach'",1,16,107
https://www.nbcnews.com/select/shopping/slip-silk-sleep-mask-ncna1260550,Why I use my Slip silk sleep mask every night for a good night's sleep,NBC,Why I use my Slip silk sleep mask every night for a good night's sleep,0,15,70
https://www.foxnews.com/politics/jon-tester-casts-doubt-unfavorable-poll-montana-senate-race-give-me-break.print,Jon Tester casts doubt on unfavorable poll in Montana Senate race: 'Give me a break',FoxNews,Jon Tester casts doubt on unfavorable poll in Montana Senate race: 'Give me a break',1,15,84
https://www.nbcnews.com/news/world/travis-king-north-korea-american-runaway-united-nations-rcna95885,"No new talks over U.S. soldier detained in North Korea, U.S. officials say",NBC,"No new talks over U.S. soldier detained in North Korea, U.S. officials say",0,13,74
https://www.nbcnews.com/news/us-news/us-calls-un-security-council-vote-cease-fire-proposal-gaza-rcna156373,U.N. Security Council passes Gaza cease fire proposal drafted by the U.S.,NBC,U.N. Security Council passes Gaza cease fire proposal drafted by the U.S.,0,12,73
https://www.nbcnews.com/politics/elections/ohio-voters-enshrine-abortion-rights-state-constitution-fall-roe-v-wad-rcna122077,Ohio voters enshrine abortion rights in state constitution,NBC,Ohio voters enshrine abortion rights in state constitution,0,8,58
https://www.foxnews.com/media/iowa-farmer-blasts-biden-inflation-warns-monthly-grocery-bills-increase-1000,"Iowa farmer blasts Biden inflation, warns monthly grocery bills will increase $1,000",FoxNews,"Iowa farmer blasts Biden inflation, warns monthly grocery bills will increase $1,000",1,12,84
https://www.foxnews.com/politics/trump-harris-poll-dead-heat-nbc-news-survey-election-day-approaches,Trump and Harris poll in dead heat in survey as Election Day approaches,FoxNews,Trump and Harris poll in dead heat in survey as Election Day approaches,1,13,71
https://www.foxnews.com/politics/colorado-supreme-court-dismisses-lawsuit-against-christian-baker-who-refused-bake-trans-cake,Colorado Supreme Court dismisses lawsuit against Christian baker who refused to bake trans cake,FoxNews,Colorado Supreme Court dismisses lawsuit against Christian baker who refused to bake trans cake,1,14,95
https://www.nbcnews.com/politics/biden-vowed-consequences-saudi-arabia-oil-production-cut-us-no-plans-f-rcna59799,Biden vowed 'consequences' for Saudi Arabia after oil production cut. But the U.S. has no plans to follow through.,NBC,Biden vowed 'consequences' for Saudi Arabia after oil production cut. But the U.S. has no plans to follow through.,0,19,114
https://www.nbcnews.com/politics/2024-election/live-blog/nevada-caucus-live-updates-rcna137685#rcrd33541,Trump wins the Nevada GOP caucuses: Highlights,NBC,Trump wins the Nevada GOP caucuses: Highlights,0,7,46
https://www.foxnews.com/us/gold-star-families-gwot-memorial-national-mall,"Gold Star families want National Mall memorial for service members killed in war on terror, decry delays",FoxNews,"Gold Star families want National Mall memorial for service members killed in war on terror, decry delays",1,17,104
https://www.nbcnews.com/select/shopping/best-food-pet-awards-ncna1305988,Pet Awards: The best pet food recommended by veterinarians,NBC,Pet Awards: The best pet food recommended by veterinarians,0,9,58
https://www.foxnews.com/entertainment/jim-morrison-the-doors-memoir-robby-krieger,"The Doors' Jim Morrison had ‘a fascination with death’ before passing away at 27, bandmate Robby Krieger says",FoxNews,"The Doors' Jim Morrison had ‘a fascination with death’ before passing away at 27, bandmate Robby Krieger says",1,18,109
https://www.foxnews.com/health/are-noise-canceling-headphones-hazardous-health-audiology-experts-warnings,Are noise canceling headphones hazardous to your health? Audiology experts share warnings,FoxNews,Are noise canceling headphones hazardous to your health? Audiology experts share warnings,1,12,89
https://www.foxnews.com/health/ozempic-other-glp-1-drugs-could-reduce-arthritis-symptoms-some-experts-claim,"Ozempic and other GLP 1 drugs could reduce arthritis symptoms in some, experts claim",FoxNews,"Ozempic and other GLP 1 drugs could reduce arthritis symptoms in some, experts claim",1,14,84
https://www.nbcnews.com/select/shopping/best-lumbar-support-pillows-rcna142358,"If you sit in a chair all day, these lumbar support pillows will save your lower back",NBC,"If you sit in a chair all day, these lumbar support pillows will save your lower back",0,17,85
https://www.foxnews.com/entertainment/tom-hanks-movies-watch-self-isolation,Best Tom Hanks movies to watch during self isolation,FoxNews,Best Tom Hanks movies to watch during self isolation,1,9,52
https://www.nbcnews.com/news/world/gazans-back-two-state-solution-rcna144183,"Gazans increasingly back a two state solution, as support for Hamas drops",NBC,"Gazans increasingly back a two state solution, as support for Hamas drops",0,12,73
https://www.foxnews.com/lifestyle/singer-gavin-degraw-surprises-us-soldiers-rescue-pets-paws-war-initiative,Singer Gavin DeGraw surprises US soldiers with rescue pets through Paws of War initiative,FoxNews,Singer Gavin DeGraw surprises US soldiers with rescue pets through Paws of War initiative,1,14,89
https://www.foxnews.com/media/usa-today-under-fire-for-allowing-stacey-abrams-to-retroactively-edit-op-ed-to-downplay-boycott-support,USA Today under fire for allowing Stacey Abrams to retroactively edit op ed to downplay boycott support,FoxNews,USA Today under fire for allowing Stacey Abrams to retroactively edit op ed to downplay boycott support,1,17,103
https://www.nbcnews.com/select/shopping/best-october-prime-day-deals-2024-rcna173960,"Fall Prime Day is *technically* over, but we found 51+ great deals you can still shop",NBC,"Fall Prime Day is *technically* over, but we found 51+ great deals you can still shop",0,16,85
https://www.foxnews.com/media/biden-abandoned-top-democrats-pritzker-newsom-measure-drapes-absence,"Biden abandoned by top Democrats as Pritzker, Newsom 'measure the drapes' in absence",FoxNews,"Biden abandoned by top Democrats as Pritzker, Newsom 'measure the drapes' in absence",1,13,84
https://www.foxnews.com/live-news/may-30-trump-trial-jury-deliberations-day-2,"Trump convicted on all counts in NY trial, Bragg makes remarks",FoxNews,"Trump convicted on all counts in NY trial, Bragg makes remarks",1,11,62
https://www.foxnews.com/sports/guardians-use-long-ball-pull-off-miraculous-walk-off-win-after-squandering-late-lead,Guardians use long ball to pull off miraculous walk off win after squandering late lead,FoxNews,Guardians use long ball to pull off miraculous walk off win after squandering late lead,1,15,87
https://www.foxnews.com/media/major-cnn-trump-critic-brian-stelter-admits-trump-was-funny-during-al-smith-dinner-a-few-great-jokes,Major CNN Trump critic Brian Stelter admits Trump 'was funny' during Al Smith Dinner: 'A few great jokes',FoxNews,Major CNN Trump critic Brian Stelter admits Trump 'was funny' during Al Smith Dinner: 'A few great jokes',1,18,105
https://www.nbcnews.com/news/world/arabs-living-israels-desert-are-sitting-ducks-hamas-rcna120168,"No bomb shelters, no sirens, no Iron Dome: Israel’s long neglected Arab Bedouins",NBC,"No bomb shelters, no sirens, no Iron Dome: Israel’s long neglected Arab Bedouins",0,13,80
https://www.foxnews.com/us/georgia-high-school-shooting-biden-decries-more-senseless-gun-violence,Georgia high school shooting: Biden decries 'more senseless gun violence',FoxNews,Georgia high school shooting: Biden decries 'more senseless gun violence',1,10,73
https://www.foxnews.com/politics/justices-claim-immunity-ruling-allows-presidents-poison-staffers-have-navy-seals-kill-political-rivals,"Justices claim immunity ruling allows presidents to poison staff, have Navy SEALs kill political rivals",FoxNews,"Justices claim immunity ruling allows presidents to poison staff, have Navy SEALs kill political rivals",1,15,103
https://www.foxnews.com/sports/jets-offensive-coordinator-nathaniel-hackett-stripped-play-calling-duties-shake-up-continues,Jets offensive coordinator Nathaniel Hackett stripped of play calling duties as shake up continues,FoxNews,Jets offensive coordinator Nathaniel Hackett stripped of play calling duties as shake up continues,1,14,98
https://www.nbcnews.com/news/world/india-dalits-still-feel-bottom-caste-ladder-n1239846,They’re Hindu too but still feel at the bottom of India’s social ladder,NBC,They’re Hindu too but still feel at the bottom of India’s social ladder,0,13,71
https://www.foxnews.com/lifestyle/this-day-history-july-26-1990-president-george-h-w-bush-signs-americans-disabilities-act,"On this day in history, July 26, 1990, President George H.W. Bush signs Americans with Disabilities Act",FoxNews,"On this day in history, July 26, 1990, President George H.W. Bush signs Americans with Disabilities Act",1,17,103
https://www.foxnews.com/politics/georgia-gop-chair-shares-2-pronged-election-strategy-trump-works-win-back-peach-state.print,Georgia GOP chair shares 2 pronged election strategy as Trump works to win back Peach State,FoxNews,Georgia GOP chair shares 2 pronged election strategy as Trump works to win back Peach State,1,16,91
https://www.nbcnews.com/select/shopping/kitchen-cooking-gifts-mom-ncna1294776,Upgrade mom's kitchen with new cookware and bakeware this year,NBC,Upgrade mom's kitchen with new cookware and bakeware this year,0,10,62
https://www.nbcnews.com/select/shopping/how-to-clean-cast-iron-skillet-rcna172345,"Everything you need to properly season, clean and maintain a cast iron skillet",NBC,"Everything you need to properly season, clean and maintain a cast iron skillet",0,13,78
https://www.nbcnews.com/politics/congress/jan-6-panel-names-republican-lawmakers-sought-pardons-trump-rcna35090,Jan. 6 panel reveals GOP lawmakers sought Trump pardons after Capitol attack,NBC,Jan. 6 panel reveals GOP lawmakers sought Trump pardons after Capitol attack,0,12,76
https://www.nbcnews.com/politics/elections/democrats-block-gop-bid-take-control-virginia-state-government-rcna122104,Virginia Democrats block GOP bid to take full control of state government,NBC,Virginia Democrats block GOP bid to take full control of state government,0,12,73
https://www.foxnews.com/media/hillary-clinton-says-trump-poses-danger-our-country-world-after-assassination-attempt,Hillary Clinton says Trump poses 'danger to our country and the world' after assassination attempt,FoxNews,Hillary Clinton says Trump poses 'danger to our country and the world' after assassination attempt,1,15,98
https://www.foxnews.com/sports/former-lpga-tour-golfer-amy-olson-calls-trans-players-q-school-participation-unfair,Former LPGA Tour golfer Amy Olson calls trans player's Q School participation 'unfair',FoxNews,Former LPGA Tour golfer Amy Olson calls trans player's Q School participation 'unfair',1,13,86
https://www.foxnews.com/lifestyle/yum-yuck-delicious-things-can-do-salty-anchovies,Yum or yuck? 3 delicious recipes you can make with salty anchovies,FoxNews,Yum or yuck? 3 delicious recipes you can make with salty anchovies,1,12,66
https://www.nbcnews.com/news/world/indias-alleged-interference-canada-was-horrific-mistake-trudeau-says-rcna175863,"India's alleged interference in Canada was 'a horrific mistake,' Trudeau says",NBC,"India's alleged interference in Canada was 'a horrific mistake,' Trudeau says",0,11,77
https://www.nbcnews.com/select/shopping/how-maintain-knotless-braids-ncna1305048,"The seven essential steps to maintaining your braids, according to experts",NBC,"The seven essential steps to maintaining your braids, according to experts",0,11,74
https://www.nbcnews.com/politics/justice-department/fbi-captures-three-jan-6-fugitives-florida-ranch-third-anniversary-cap-rcna132626,FBI captures three Jan. 6 fugitives at Florida ranch on the third anniversary of the Capitol attack,NBC,FBI captures three Jan. 6 fugitives at Florida ranch on the third anniversary of the Capitol attack,0,17,99
https://www.foxnews.com/media/liberals-rage-over-cnns-disgusting-trump-town-hall-insanity-pulled-f-ing-air,Liberals rage over CNN's 'disgusting' Trump town hall: 'This insanity should be pulled off the f ing air',FoxNews,Liberals rage over CNN's 'disgusting' Trump town hall: 'This insanity should be pulled off the f ing air',1,18,105
https://www.foxnews.com/politics/pennsylvania-republicans-to-draft-bill-diverting-illegal-immigrants-from-secretive-biden-dhs-flights-to-delawa,Pennsylvania Republicans to draft bill to relocate migrants on Biden DHS flights to Delaware,FoxNews,Pennsylvania Republicans to draft bill to relocate migrants on Biden DHS flights to Delaware,1,14,92
https://www.foxnews.com/entertainment/one-directions-liam-payne-mourned-hollywood-after-death-31-absolutely-heartbreaking.print,One Direction’s Liam Payne mourned by Hollywood after death at 31: ‘Absolutely heartbreaking’,FoxNews,One Direction’s Liam Payne mourned by Hollywood after death at 31: ‘Absolutely heartbreaking’,1,13,93
https://www.foxnews.com/politics/miltons-gone-political-storm-keeps-raging-over-federal-governments-hurricane-efforts,"Milton's gone, but the political storm keeps raging over federal government's hurricane efforts",FoxNews,"Milton's gone, but the political storm keeps raging over federal government's hurricane efforts",1,13,95
https://www.nbcnews.com/politics/white-house/trump-announces-aid-puerto-rico-infusing-politics-apparent-play-florida-n1240491,"Trump announces aid for Puerto Rico, infusing politics in an apparent play for Florida voters",NBC,"Trump announces aid for Puerto Rico, infusing politics in an apparent play for Florida voters",0,15,93
https://www.foxnews.com/politics/florida-supreme-court-approves-abortion-ballot-initiative-upholding-15-week-ban,Florida Supreme Court approves abortion ballot initiative while upholding 15 week ban,FoxNews,Florida Supreme Court approves abortion ballot initiative while upholding 15 week ban,1,12,85
https://www.foxnews.com/media/media-figures-shocked-bidens-bad-debate-performance-total-complete-disaster,Media figures shocked at Biden's 'bad' debate performance: 'Total and complete disaster',FoxNews,Media figures shocked at Biden's 'bad' debate performance: 'Total and complete disaster',1,12,88
https://www.foxnews.com/lifestyle/americas-unique-thanksgiving-stuffing-preferences-state-by-state,America's 'unique' Thanksgiving stuffing preferences state by state,FoxNews,America's 'unique' Thanksgiving stuffing preferences state by state,1,8,67
https://www.nbcnews.com/politics/2024-election/four-mark-robinson-staffers-step-embattled-campaign-rcna172172,Four Mark Robinson staffers step down from embattled campaign,NBC,Four Mark Robinson staffers step down from embattled campaign,0,9,61
https://www.nbcnews.com/news/world/china-sanctions-5-us-defense-companies-taiwan-arms-sales-rcna132694,China sanctions 5 U.S. defense companies over Taiwan arms sales,NBC,China sanctions 5 U.S. defense companies over Taiwan arms sales,0,10,63
https://www.nbcnews.com/news/world/gaza-palestinian-israel-white-flag-shot-dead-killed-rcna135419,"A group of Palestinian men waving a white flag is shot at, killing 1",NBC,"A group of Palestinian men waving a white flag is shot at, killing 1",0,14,68
https://www.nbcnews.com/news/world/can-israel-take-out-tunnels-hamas-uses-move-fighters-weapons-rcna120315,Can Israel take out the tunnels Hamas uses to move fighters and weapons?,NBC,Can Israel take out the tunnels Hamas uses to move fighters and weapons?,0,13,72
https://www.foxnews.com/us/nashville-killer-audrey-hale-slept-with-journals-on-school-shootings-under-bed-court-docs-reveal,"Nashville killer Audrey Hale slept with journals on school shootings under bed, court docs reveal",FoxNews,"Nashville killer Audrey Hale slept with journals on school shootings under bed, court docs reveal",1,15,97
https://www.nbcnews.com/news/world/israeli-troops-raid-lions-den-nablus-palestinians-killed-rcna53841,5 Palestinians killed as Israeli troops raid 'Lions' Den' hideout,NBC,5 Palestinians killed as Israeli troops raid 'Lions' Den' hideout,0,10,65
https://www.foxnews.com/politics/biden-admin-under-fire-opening-borders-food-imports-potentially-containing-devastating-disease.print,Biden admin under fire for opening borders to food imports potentially containing devastating disease,FoxNews,Biden admin under fire for opening borders to food imports potentially containing devastating disease,1,14,101
https://www.foxnews.com/media/menendez-bros-attorney-speaks-out-case-amid-appeal,"Menendez bros' attorney speaks out about their case amid appeal: 'Everything you think you know...you don't""",FoxNews,"Menendez bros' attorney speaks out about their case amid appeal: 'Everything you think you know...you don't""",1,16,108
https://www.foxnews.com/food-drink/10-restaurants-best-best-us-says-tripadvisor,"These 10 restaurants are considered the 'best of the best' in the US, says Tripadvisor",FoxNews,"These 10 restaurants are considered the 'best of the best' in the US, says Tripadvisor",1,15,86
https://www.foxnews.com/politics/trump-visits-atlanta-chick-fil-a-buys-customers-chicken-shakes,"Trump visits Atlanta Chick fil A, buys customers chicken and shakes",FoxNews,"Trump visits Atlanta Chick fil A, buys customers chicken and shakes",1,11,67
https://www.nbcnews.com/politics/justice-department/fbi-failures-capitol-siege-avoided-jan-6-committees-scorn-not-long-rcna38615,FBI failures before the Capitol siege avoided the Jan. 6 committee's scorn. Not for long.,NBC,FBI failures before the Capitol siege avoided the Jan. 6 committee's scorn. Not for long.,0,15,89
https://www.nbcnews.com/politics/justice-department/sen-mike-lee-promotes-debunked-conspiracy-theory-jan-6-rioter-rcna125993,Sen. Mike Lee promotes a debunked conspiracy theory about a Jan. 6 rioter,NBC,Sen. Mike Lee promotes a debunked conspiracy theory about a Jan. 6 rioter,0,13,73
https://www.nbcnews.com/politics/2024-election/one-minnesota-college-got-nearly-90-voter-turnout-pushing-rcna175968,How one Minnesota college got nearly 90% voter turnout and is pushing for more,NBC,How one Minnesota college got nearly 90% voter turnout and is pushing for more,0,14,78
https://www.nbcnews.com/sports/mlb/mlb-playoff-viewership-surges-big-market-stars-vie-world-series-rcna175740,MLB playoff viewership surges as big market stars vie for World Series,NBC,MLB playoff viewership surges as big market stars vie for World Series,0,12,70
https://www.foxnews.com/travel/flight-attendant-goes-viral-tiktok-attempting-ease-common-flying-fear,Flight attendant goes viral on TikTok for attempting to ease common flying fear,FoxNews,Flight attendant goes viral on TikTok for attempting to ease common flying fear,1,13,79
https://www.nbcnews.com/politics/supreme-court/draft-supreme-court-opinion-indicates-roe-v-wade-will-overturned-polit-rcna27026,"Draft opinion indicates Supreme Court will overturn Roe v. Wade, Politico reports in extraordinary leak",NBC,"Draft opinion indicates Supreme Court will overturn Roe v. Wade, Politico reports in extraordinary leak",0,15,103
https://www.nbcnews.com/politics/2024-election/top-trump-vp-picks-2020-election-results-2024-outcome-rcna150872,Here's what top Trump VP picks say about the 2020 election results and whether they'll accept the 2024 outcome,NBC,Here's what top Trump VP picks say about the 2020 election results and whether they'll accept the 2024 outcome,0,19,110
https://www.foxnews.com/lifestyle/christian-nationalism-obsession-left-aims-marginalize-pro-life-christians-radio-host,'Christian nationalism' obsession by some on the left aims to marginalize pro life Christians: Radio host,FoxNews,'Christian nationalism' obsession by some on the left aims to marginalize pro life Christians: Radio host,1,16,105
https://www.nbcnews.com/news/world/iran-drone-attack-military-factory-israel-tensions-rcna68114,Iran says drone attack targeted military factory,NBC,Iran says drone attack targeted military factory,0,7,48
https://www.foxnews.com/us/nra-praises-court-order-striking-down-draconian-blue-states-handgun-law,NRA praises court order striking down ‘draconian’ blue state's handgun law,FoxNews,NRA praises court order striking down ‘draconian’ blue state's handgun law,1,11,74
https://www.foxnews.com/health/girl-who-cant-smile-rare-disorder-became-woman-greatest-gift,The girl who can’t smile: How a rare disorder became a young woman's ‘greatest gift’,FoxNews,The girl who can’t smile: How a rare disorder became a young woman's ‘greatest gift’,1,15,84
https://www.foxnews.com/media/kamala-harris-supporters-struggle-list-policy-accomplishments-during-her-time-politics,Kamala Harris supporters unsure when asked about VP's policy accomplishments,FoxNews,Kamala Harris supporters unsure when asked about VP's policy accomplishments,1,10,76
https://www.nbcnews.com/health/health-news/overdose-death-rate-increased-30-2020-staggering-rise-rcna38756,"Drug overdose death rates rose dramatically during the first year of the pandemic, CDC reports",NBC,"Drug overdose death rates rose dramatically during the first year of the pandemic, CDC reports",0,15,94
https://www.foxnews.com/politics/harris-trump-showdown-leading-law-enforcement-group-takes-sides-presidential-election,Harris Trump showdown: Group of former law enforcement leaders takes sides in presidential election,FoxNews,Harris Trump showdown: Group of former law enforcement leaders takes sides in presidential election,1,14,99
https://www.nbcnews.com/politics/donald-trump/judge-trumps-hush-money-trial-delays-sentencing-supreme-court-immunity-rcna160028,Judge in Trump's hush money trial delays sentencing following Supreme Court immunity ruling,NBC,Judge in Trump's hush money trial delays sentencing following Supreme Court immunity ruling,0,13,91
https://www.nbcnews.com/select/shopping/best-hyaluronic-acid-serums-creams-ncna1290282,Hyaluronic acid is a must have your dry skin routine here are the best products that will leave your skin glowy and hydrated,NBC,Hyaluronic acid is a must have your dry skin routine here are the best products that will leave your skin glowy and hydrated,0,23,124
https://www.foxnews.com/politics/republican-convention-gets-underway-two-days-after-trump-survived-assassination-attempt,Republican convention gets underway two days after Trump survived an assassination attempt,FoxNews,Republican convention gets underway two days after Trump survived an assassination attempt,1,12,90
https://www.nbcnews.com/politics/2024-election/mark-robinson-vows-stay-north-carolina-governor-race-cnn-report-rcna171860,Mark Robinson vows to stay in N.C. governor's race following report he made inflammatory comments on a porn site,NBC,Mark Robinson vows to stay in N.C. governor's race following report he made inflammatory comments on a porn site,0,19,112
https://www.foxnews.com/politics/harris-trump-cash-dash-former-president-flip-script-fundraising-swing-oil-country,Harris Trump cash dash: Former president looks to flip script with fundraising swing in oil country,FoxNews,Harris Trump cash dash: Former president looks to flip script with fundraising swing in oil country,1,16,99
https://www.foxnews.com/official-polls/fox-news-poll-trump-hedge-biden-potential-2024-rematch,Poll: Trump has edge over Biden in potential 2024 rematch,FoxNews,Poll: Trump has edge over Biden in potential 2024 rematch,1,10,57
https://www.foxnews.com/sports/bears-dick-butkus-takes-shot-packers-aaron-rodgers-after-verified-twitter,Bears legend Dick Butkus takes shot at Packers' Aaron Rodgers after getting verified on Twitter,FoxNews,Bears legend Dick Butkus takes shot at Packers' Aaron Rodgers after getting verified on Twitter,1,15,95
https://www.nbcnews.com/politics/justice-department/stewart-rhodes-says-fellow-oath-keepers-stupid-storm-capitol-jan-6-rcna55760,Stewart Rhodes says fellow Oath Keepers were 'stupid' to storm the Capitol on Jan. 6,NBC,Stewart Rhodes says fellow Oath Keepers were 'stupid' to storm the Capitol on Jan. 6,0,15,84
https://www.nbcnews.com/news/asian-america/soon-chung-park-worked-long-days-single-mom-bring-5-kids-korea-us-rcna514,Soon Chung Park worked long days as single mom to bring 5 kids from Korea to U.S.,NBC,Soon Chung Park worked long days as single mom to bring 5 kids from Korea to U.S.,0,17,81
https://www.nbcnews.com/news/world/women-banned-universities-afghanistan-taliban-rcna62612,Women banned from universities in Afghanistan by the Taliban,NBC,Women banned from universities in Afghanistan by the Taliban,0,9,60
https://www.foxnews.com/travel/3-american-cities-history-buffs-patriotic-travelers-this-summer,3 great American cities for history buffs and patriotic travelers this summer,FoxNews,3 great American cities for history buffs and patriotic travelers this summer,1,12,77
https://www.nbcnews.com/news/live-blog/israel-hamas-war-live-updates-rcna135801,"Israel Hamas war: ICJ stops short of ordering cease fire, tells Israel to prevent acts of genocide in Gaza",NBC,"Israel Hamas war: ICJ stops short of ordering cease fire, tells Israel to prevent acts of genocide in Gaza",0,19,106
https://www.foxnews.com/politics/who-yahya-sinwar-israeli-prisoner-militant-hamas-leader.print,Who was Yahya Sinwar? The Israeli prisoner turned terrorist Hamas leader killed by IDF troops,FoxNews,Who was Yahya Sinwar? The Israeli prisoner turned terrorist Hamas leader killed by IDF troops,1,15,93
https://www.nbcnews.com/select/shopping/best-reusable-water-bottles-ncna1267802,Not all reusable water bottles are created equal these are the best ones,NBC,Not all reusable water bottles are created equal these are the best ones,0,13,72
https://www.foxnews.com/politics/kamala-harris-border-crisis-timeline.print,Kamala Harris and the southern border crisis: A timeline,FoxNews,Kamala Harris and the southern border crisis: A timeline,1,9,56
https://www.nbcnews.com/news/world/dozens-children-drown-hindu-festival-india-rcna172969,Dozens of children drown during Hindu festival in India,NBC,Dozens of children drown during Hindu festival in India,0,9,55
https://www.nbcnews.com/news/investigations/top-secret-hamas-documents-show-terrorists-intentionally-targeted-elem-rcna120310,'Top secret' Hamas documents show that terrorists intentionally targeted elementary schools and a youth center,NBC,'Top secret' Hamas documents show that terrorists intentionally targeted elementary schools and a youth center,0,15,110
https://www.nbcnews.com/news/hamas-attack-bears-hallmarks-iranian-involvement-former-us-officials-s-rcna119400,"Hamas attack bears hallmarks of Iranian involvement, former U.S. officials say",NBC,"Hamas attack bears hallmarks of Iranian involvement, former U.S. officials say",0,11,78
https://www.foxnews.com/entertainment/bruce-willis-holds-family-tight-thanksgiving-battling-dementia,Bruce Willis holds family tight during Thanksgiving while battling dementia,FoxNews,Bruce Willis holds family tight during Thanksgiving while battling dementia,1,10,75
https://www.foxnews.com/media/trump-campaign-denies-ever-agreed-60-minutes-interview-after-cbs-news-claimed-he-backed-out,Trump campaign denies it ever agreed to '60 Minutes' interview after CBS claimed he backed out,FoxNews,Trump campaign denies it ever agreed to '60 Minutes' interview after CBS claimed he backed out,1,16,94
https://www.foxnews.com/entertainment/beatle-ringo-starr-peace-love-all-starr-tour.print,Beatle Ringo Starr reflects on spreading 'peace and love' following the '60s: 'It was part of how we felt',FoxNews,Beatle Ringo Starr reflects on spreading 'peace and love' following the '60s: 'It was part of how we felt',1,19,106
https://www.nbcnews.com/politics/2024-election/trump-death-hamas-yahya-sinwar-peace-deal-easier-rcna176179,Trump says the death of Hamas leader Yahya Sinwar makes a peace deal ‘easier’,NBC,Trump says the death of Hamas leader Yahya Sinwar makes a peace deal ‘easier’,0,14,77
https://www.foxnews.com/entertainment/smokey-robinson-urges-vaccination-following-harrowing-covid-19-hospitalization,Smokey Robinson urges vaccination following harrowing COVID 19 hospitalization,FoxNews,Smokey Robinson urges vaccination following harrowing COVID 19 hospitalization,1,9,78
https://www.foxnews.com/lifestyle/diet-coke-obsessed-mom-kentucky-reveals-viral-collection-joy-it-brings-me,Diet Coke obsessed mom from Kentucky reveals her viral collection and 'the joy it brings me',FoxNews,Diet Coke obsessed mom from Kentucky reveals her viral collection and 'the joy it brings me',1,16,92
https://www.nbcnews.com/politics/donald-trump/trump-launches-group-seeking-black-support-detroit-church-event-rcna156825,Trump launches group to build Black support at Detroit church event,NBC,Trump launches group to build Black support at Detroit church event,0,11,67
https://www.nbcnews.com/news/asian-america/connecting-chinese-adoptees-birth-families-couple-makes-discovery-about-china-n1172301,"In connecting Chinese adoptees to birth families, couple makes discovery about China’s one child policy",NBC,"In connecting Chinese adoptees to birth families, couple makes discovery about China’s one child policy",0,15,103
https://www.foxnews.com/media/rfk-jr-shrugs-off-biden-family-corruption-allegations-wont-spear-tip-campaign,RFK Jr. shrugs off Biden family corruption allegations: Won't be a 'spear tip to my campaign',FoxNews,RFK Jr. shrugs off Biden family corruption allegations: Won't be a 'spear tip to my campaign',1,16,93
https://www.foxnews.com/entertainment/shawn-mendes-camila-cabello-split-break-up-relationship,Shawn Mendes and Camila Cabello break up: We 'will continue to be best friends',FoxNews,Shawn Mendes and Camila Cabello break up: We 'will continue to be best friends',1,14,79
https://www.foxnews.com/media/trumps-name-incorrectly-used-la-times-o-j-simpson-obituary-freud-lives,Trump's name 'incorrectly' used in LA Times' OJ Simpson obituary: 'Freud Lives',FoxNews,Trump's name 'incorrectly' used in LA Times' OJ Simpson obituary: 'Freud Lives',1,12,79
https://www.foxnews.com/media/fox-news-media-proposes-trump-harris-debate-moderated-martha-maccallum-bret-baier.print,"Media proposes Trump Harris debate moderated by Martha MacCallum, Bret Baier",FoxNews,"Media proposes Trump Harris debate moderated by Martha MacCallum, Bret Baier",1,11,76
https://www.nbcnews.com/politics/congress/congress-vote-second-covid-19-relief-package-n1251966,"Trump blasts Covid relief bill just passed by Congress, demands changes",NBC,"Trump blasts Covid relief bill just passed by Congress, demands changes",0,11,71
https://www.foxnews.com/entertainment/jelly-roll-gives-powerful-testimony-congress-fentanyl-part-problem,Jelly Roll gives powerful testimony to Congress on fentanyl: 'I was part of the problem',FoxNews,Jelly Roll gives powerful testimony to Congress on fentanyl: 'I was part of the problem',1,15,88
https://www.foxnews.com/media/cnn-brian-stelter-andrew-cuomo-sexual-harassment-scandal,CNN's Brian Stelter forced to address Cuomo sex scandal after network delayed coverage of first accuser,FoxNews,CNN's Brian Stelter forced to address Cuomo sex scandal after network delayed coverage of first accuser,1,16,103
https://www.nbcnews.com/politics/politics-news/911-group-blasts-trump-hosting-saudi-backed-golf-league-tournament-see-rcna38691,"9/11 group blasts Trump for hosting Saudi backed golf league tournament, seeks meeting",NBC,"9/11 group blasts Trump for hosting Saudi backed golf league tournament, seeks meeting",0,13,86
https://www.foxnews.com/sports/transgender-high-school-volleyball-player-appears-feature-spike-injured-opponent-highlight-reel.print,Transgender high school volleyball player appears to feature spike that injured opponent in highlight reel,FoxNews,Transgender high school volleyball player appears to feature spike that injured opponent in highlight reel,1,15,106
https://www.nbcnews.com/select/shopping/vaccine-card-holders-covid-ncna1278122,Where to buy Covid vaccination card holders,NBC,Where to buy Covid vaccination card holders,0,7,43
https://www.foxnews.com/politics/trump-ups-his-ante-september-fundraising-haul,Trump ups his ante with September fundraising haul,FoxNews,Trump ups his ante with September fundraising haul,1,8,50
https://www.foxnews.com/entertainment/cher-hit-victorias-secret-runway-after-casting-controversy,Cher to hit Victoria's Secret runway after casting controversy,FoxNews,Cher to hit Victoria's Secret runway after casting controversy,1,9,62
https://www.nbcnews.com/politics/justice-department/antifa-january-6-capitol-riot-conspiracy-theory-social-media-rcna125369,Jan. 6 rioters the far right claimed were antifa keep getting unmasked as Trump supporters,NBC,Jan. 6 rioters the far right claimed were antifa keep getting unmasked as Trump supporters,0,15,90
https://www.foxnews.com/politics/harris-trump-camps-launch-dueling-ad-blitzes-define-vp-voters,"Harris, Trump camps launch dueling ad blitzes to define VP for voters",FoxNews,"Harris, Trump camps launch dueling ad blitzes to define VP for voters",1,12,69
https://www.foxnews.com/politics/cardinal-dolan-upset-harris-skipping-al-smith-dinner.print,Cardinal Dolan 'upset' that Harris skipping Al Smith Dinner,FoxNews,Cardinal Dolan 'upset' that Harris skipping Al Smith Dinner,1,9,59
https://www.foxnews.com/media/trump-says-there-no-third-debate-claiming-victory-against-harris-tuesdays-showdown,"Trump says 'there will be no third debate,' claiming victory against Harris in Tuesday's showdown",FoxNews,"Trump says 'there will be no third debate,' claiming victory against Harris in Tuesday's showdown",1,15,97
https://www.foxnews.com/world/kings-speech-opens-parliament-new-uk-labour-government-plans-national-renewal,"Parliament for new UK Labour government opens with King's Speech, plans for 'national renewal'",FoxNews,"Parliament for new UK Labour government opens with King's Speech, plans for 'national renewal'",1,14,94
https://www.nbcnews.com/nbc-out/out-politics-and-policy/rnc-speakers-lean-homophobic-transphobic-rhetoric-rcna162505,RNC speakers lean into homophobic and transphobic rhetoric,NBC,RNC speakers lean into homophobic and transphobic rhetoric,0,8,58
https://www.foxnews.com/us/hurricane-helene-wreaks-havoc-across-asheville-nc-national-guard-deployed-119-rescued,"Hurricane Helene wreaks havoc across Asheville, NC; National Guard deployed, 119 rescued",FoxNews,"Hurricane Helene wreaks havoc across Asheville, NC; National Guard deployed, 119 rescued",1,12,88
https://www.nbcnews.com/news/world/floods-casualties-torrential-rain-central-europe-rcna171187,Floods claim two more casualties as torrential rain batters central Europe,NBC,Floods claim two more casualties as torrential rain batters central Europe,0,11,74
https://www.foxnews.com/media/trump-says-he-surprised-vp-kamala-harris-skipped-al-smith-dinner-terrible-decision.print,Trump says he was 'surprised' VP Kamala Harris skipped Al Smith dinner: 'Terrible decision',FoxNews,Trump says he was 'surprised' VP Kamala Harris skipped Al Smith dinner: 'Terrible decision',1,14,91
https://www.nbcnews.com/politics/2024-election/harris-campaign-office-damaged-gunfire-arizona-rcna172463,Harris campaign office damaged by gunfire in Arizona,NBC,Harris campaign office damaged by gunfire in Arizona,0,8,52
https://www.nbcnews.com/news/world/live-blog/israel-hamas-war-live-updates-gaza-hit-shelling-israel-defends-evacuat-rcna120419/rcrd21310?canonicalCard=true,"Hundreds waiting at Rafah crossing as it remains closed, says woman trapped in Gaza",NBC,"Hundreds waiting at Rafah crossing as it remains closed, says woman trapped in Gaza",0,14,83
https://www.foxnews.com/media/columbia-university-professor-describes-hamas-terrorist-attacks-indigenous-palestinian-resistance,Columbia University professor describes Hamas terrorist attacks as 'indigenous Palestinian resistance',FoxNews,Columbia University professor describes Hamas terrorist attacks as 'indigenous Palestinian resistance',1,11,102
https://www.foxnews.com/politics/harris-barnstorms-wisconsin-1-day-swing-state-tour-targeting-young-voters,Harris barnstorms Wisconsin in 1 day swing state tour targeting young voters,FoxNews,Harris barnstorms Wisconsin in 1 day swing state tour targeting young voters,1,12,76
https://www.foxnews.com/politics/biden-us-lawmakers-praise-death-hamas-leader-yahya-sinwar-israel-the-world-safer-place.print,"Biden, US lawmakers praise death of Hamas leader Yahya Sinwar by Israel: 'The world is a safer place'",FoxNews,"Biden, US lawmakers praise death of Hamas leader Yahya Sinwar by Israel: 'The world is a safer place'",1,18,101
https://www.foxnews.com/politics/louisiana-classifies-abortion-drugs-controlled-dangerous-substances-gov-landry-greenlights-proposal,"Louisiana classifies abortion drugs as controlled, dangerous substances after Gov. Landry greenlights proposal",FoxNews,"Louisiana classifies abortion drugs as controlled, dangerous substances after Gov. Landry greenlights proposal",1,13,110
https://www.foxnews.com/entertainment/taylor-swift-eras-tour-leaves-us-months-making-history-causing-chaos.print,Taylor Swift's Eras Tour leaves US after months of making history and causing chaos,FoxNews,Taylor Swift's Eras Tour leaves US after months of making history and causing chaos,1,14,83
https://www.nbcnews.com/politics/politics-news/us-military-members-conscientious-objector-status-israel-gaza-war-rcna158265,U.S. military members discuss seeking conscientious objector status over support of Israel in Gaza,NBC,U.S. military members discuss seeking conscientious objector status over support of Israel in Gaza,0,14,98
https://www.foxnews.com/opinion/black-history-month-1776-unites-resilience-bob-woodson,Bob Woodson: Black History Month here's how we celebrate resilience and the promise of 1776,FoxNews,Bob Woodson: Black History Month here's how we celebrate resilience and the promise of 1776,1,15,91
https://www.nbcnews.com/politics/donald-trump/trump-bring-country-together-abortion-meet-the-press-rcna105311,Trump criticizes Republicans pushing abortion bans with no exceptions: 'You're not going to win',NBC,Trump criticizes Republicans pushing abortion bans with no exceptions: 'You're not going to win',0,14,96
https://www.foxnews.com/media/media-rushes-declare-kamala-harris-border-czar-immigration-crisis-haunts-campaign,Axios hit with community note after claiming Harris was never 'border czar',FoxNews,Axios hit with community note after claiming Harris was never 'border czar',1,12,75
https://www.foxnews.com/entertainment/top-gun-maverick-star-glen-powell-affair-rumors-co-star-sydney-sweeney,'Top Gun: Maverick' star Glen Powell addresses affair rumors with co star Sydney Sweeney,FoxNews,'Top Gun: Maverick' star Glen Powell addresses affair rumors with co star Sydney Sweeney,1,14,88
https://www.foxnews.com/health/new-alzheimers-research-reveals-quiet-phase-disease-before-symptoms-appear,"New Alzheimer’s research reveals ‘quiet’ phase of the disease, before symptoms appear",FoxNews,"New Alzheimer’s research reveals ‘quiet’ phase of the disease, before symptoms appear",1,12,85
https://www.foxnews.com/politics/trump-immunity-case-supreme-court-rules-ex-presidents-substantial-protection-prosecution.print,Trump immunity case: Supreme Court rules ex presidents have substantial protection from prosecution,FoxNews,Trump immunity case: Supreme Court rules ex presidents have substantial protection from prosecution,1,13,99
https://www.nbcnews.com/select/shopping/walmart-early-deals-cyber-monday-2022-ncna1301063,45+ best deals from Walmart's Black Friday sale to shop right now,NBC,45+ best deals from Walmart's Black Friday sale to shop right now,0,12,65
https://www.foxnews.com/politics/trump-vows-cut-business-tax-rate-15-create-government-efficiency-commission-led-elon-musk,"Trump vows to cut business tax rate to 15%, create government efficiency commission led by Elon Musk",FoxNews,"Trump vows to cut business tax rate to 15%, create government efficiency commission led by Elon Musk",1,17,100
https://www.foxnews.com/politics/flashback-harris-campaign-senior-adviser-several-insensitive-comments-women-gay-people,"FLASHBACK: New Harris campaign senior adviser made several insensitive comments about women, gay people",FoxNews,"FLASHBACK: New Harris campaign senior adviser made several insensitive comments about women, gay people",1,14,103
https://www.nbcnews.com/tech/security/russian-disinformation-peddlers-are-targeting-harris-walz-campaign-fak-rcna171476,"Russian disinformation peddlers are targeting Harris Walz campaign with fake videos, Microsoft says",NBC,"Russian disinformation peddlers are targeting Harris Walz campaign with fake videos, Microsoft says",0,13,99
https://www.foxnews.com/entertainment/bruce-willis-daughter-gives-update-on-his-health-shares-famous-parents-advice-about-working-in-hollywood.print,"Bruce Willis' daughter gives update on his health, shares famous parents' advice about working in Hollywood",FoxNews,"Bruce Willis' daughter gives update on his health, shares famous parents' advice about working in Hollywood",1,16,107
https://www.foxnews.com/world/cold-case-team-may-know-betrayed-anne-frank,"Anne Frank's Nazi arrest in Amsterdam may have stemmed from Jewish businessman's tip, book claims",FoxNews,"Anne Frank's Nazi arrest in Amsterdam may have stemmed from Jewish businessman's tip, book claims",1,15,97
https://www.foxnews.com/politics/biden-says-he-kamala-harris-singing-from-same-song-sheet-she-tries-distancing-herself,Biden says he and Kamala Harris are 'singing from the same song sheet' as she tries distancing herself,FoxNews,Biden says he and Kamala Harris are 'singing from the same song sheet' as she tries distancing herself,1,18,102
https://www.foxnews.com/lifestyle/grand-ole-opry-us-military-salute-troops-memorial-day,Grand Ole Opry honors US military at Salute the Troops event ahead of Memorial Day,FoxNews,Grand Ole Opry honors US military at Salute the Troops event ahead of Memorial Day,1,15,82
https://www.foxnews.com/lifestyle/meet-american-who-invented-band-aids-cotton-buyer-devoted-husband-earle-dickson,Meet the American who invented Band Aids: cotton buyer and devoted husband Earle Dickson,FoxNews,Meet the American who invented Band Aids: cotton buyer and devoted husband Earle Dickson,1,14,88
https://www.foxnews.com/travel/reservations-election-week-getaway-sells-out-seconds-unplugged-travel-spot-offers-steal-deal,Reservations for election week getaway sell out in seconds as 'unplugged' travel spot offers steal of a deal,FoxNews,Reservations for election week getaway sell out in seconds as 'unplugged' travel spot offers steal of a deal,1,18,108
https://www.nbcnews.com/politics/2024-election/harris-interview-walz-cnn-takeaways-2024-election-policies-rcna168706,Five takeaways from Harris' first major interview as the Democratic nominee,NBC,Five takeaways from Harris' first major interview as the Democratic nominee,0,11,75
https://www.foxnews.com/entertainment/randy-travis-uses-ai-new-music-after-stroke-damaged-brain-speech,"Randy Travis uses AI for new music after stroke damaged brain, speech",FoxNews,"Randy Travis uses AI for new music after stroke damaged brain, speech",1,12,69
https://www.nbcnews.com/news/world/death-heartbreak-every-turn-kibbutz-gaza-was-ambushed-hamas-rcna119975,Death and heartbreak at every turn in kibbutz near Gaza that was ambushed by Hamas,NBC,Death and heartbreak at every turn in kibbutz near Gaza that was ambushed by Hamas,0,15,82
https://www.nbcnews.com/select/shopping/best-weighted-comforters-weighted-blankets-ncna1193596,"How to buy a weighted comforter, the next step in weighted blankets",NBC,"How to buy a weighted comforter, the next step in weighted blankets",0,12,67
https://www.foxnews.com/lifestyle/devices-to-help-sleep-better,10 gadgets to help you sleep better,FoxNews,10 gadgets to help you sleep better,1,7,35
https://www.foxnews.com/health/autoimmune-disease-sufferers-ginger-may-play-critical-role-controlling-inflammation-study-finds,"For autoimmune disease sufferers, ginger may 'play a critical role' in controlling inflammation, study finds",FoxNews,"For autoimmune disease sufferers, ginger may 'play a critical role' in controlling inflammation, study finds",1,15,108
https://www.foxnews.com/media/missing-korean-war-airman-fox-nation,Children of missing Korean War airman hold US to leave no man behind,FoxNews,Children of missing Korean War airman hold US to leave no man behind,1,13,68
https://www.foxnews.com/health/aging-speeds-massively-two-points-lifetime-stanford-study-finds-abrupt-changes.print,"Aging speeds up 'massively' at two points in one's lifetime, Stanford study finds: ‘Abrupt changes’",FoxNews,"Aging speeds up 'massively' at two points in one's lifetime, Stanford study finds: ‘Abrupt changes’",1,15,99
https://www.nbcnews.com/news/afghan-accused-plotting-terror-attack-worked-cia-guard-officials-say-rcna174783,"Afghan accused of plotting terror attack worked as CIA guard, officials say",NBC,"Afghan accused of plotting terror attack worked as CIA guard, officials say",0,12,75
https://www.foxnews.com/official-polls/fox-news-poll-biden-trump-tie-wisconsin-head-to-head-matchup,Poll: Biden and Trump tie in Wisconsin head to head matchup,FoxNews,Poll: Biden and Trump tie in Wisconsin head to head matchup,1,11,59
https://www.foxnews.com/politics/dems-run-border-bill-republicans-say-was-never-designed-solve-problem.print,Dems run on border bill Republicans say 'was never designed to solve the problem',FoxNews,Dems run on border bill Republicans say 'was never designed to solve the problem',1,14,81
https://www.nbcnews.com/select/shopping/bala-weights-fitness-gear-ncna1267112,"A shopping guide to Bala fitness gear, from Bangles to Bars",NBC,"A shopping guide to Bala fitness gear, from Bangles to Bars",0,11,59
https://www.foxnews.com/official-polls/fox-news-poll-harris-trump-locked-tight-race-battleground-pennsylvania,"Poll: Harris, Trump locked in tight race in battleground Pennsylvania",FoxNews,"Poll: Harris, Trump locked in tight race in battleground Pennsylvania",1,10,69
https://www.foxnews.com/media/the-view-host-attacks-brittany-mahomes-indicating-support-trump-shes-interracial-marriage,'The View' host attacks Brittany Mahomes for indicating support for Trump: 'She's in an interracial marriage',FoxNews,'The View' host attacks Brittany Mahomes for indicating support for Trump: 'She's in an interracial marriage',1,16,109
https://www.nbcnews.com/select/shopping/best-sunscreens-sensitive-skin-ncna1305369,"Sensitive skin? Here's what to look for in sunscreen, according to dermatologists",NBC,"Sensitive skin? Here's what to look for in sunscreen, according to dermatologists",0,12,81
https://www.nbcnews.com/politics/elections/trump-johnson-noncitizen-voting-illegal-rare-rcna147567,Trump and Mike Johnson zero in on noncitizen voting. It’s already illegal and very rare.,NBC,Trump and Mike Johnson zero in on noncitizen voting. It’s already illegal and very rare.,0,15,88
https://www.foxnews.com/politics/top-five-clashes-harris-trump-presidential-debate-im-talking-now,Top five clashes of the Harris Trump presidential debate: 'I'm talking now',FoxNews,Top five clashes of the Harris Trump presidential debate: 'I'm talking now',1,12,75
https://www.nbcnews.com/news/world/israel-hamas-war-schools-struck-gaza-dozens-killed-rcna161064,Dozens killed as '4 schools in the last 4 days' struck in Gaza,NBC,Dozens killed as '4 schools in the last 4 days' struck in Gaza,0,13,62
https://www.nbcnews.com/news/world/israel-gaza-hamas-war-cease-fire-talks-us-breakthrough-rcna160368,"U.S. sees promising 'breakthrough' in Israel Hamas cease fire talks, officials say",NBC,"U.S. sees promising 'breakthrough' in Israel Hamas cease fire talks, officials say",0,12,82
https://www.nbcnews.com/politics/justice-department/jan-6-rioter-holding-stop-steal-sign-swung-officers-trump-flag-fbi-say-rcna142335,"Jan. 6 rioter holding 'stop the steal' sign swung at officers with a Trump flag, FBI says",NBC,"Jan. 6 rioter holding 'stop the steal' sign swung at officers with a Trump flag, FBI says",0,17,89
https://www.foxnews.com/politics/top-house-committee-ramps-up-pressure-obtain-important-docs-harris-role-border-crisis,Top House committee ramps up pressure to obtain 'important' docs on Harris' role in border crisis,FoxNews,Top House committee ramps up pressure to obtain 'important' docs on Harris' role in border crisis,1,16,97
https://www.foxnews.com/politics/rick-scott-leads-effort-up-secret-service-protections-after-2nd-assassination-attempt-trump.print,Rick Scott leads effort to up Secret Service protections after 2nd assassination attempt on Trump,FoxNews,Rick Scott leads effort to up Secret Service protections after 2nd assassination attempt on Trump,1,15,97
https://foxnews.com/sports/nba-great-magic-johnson-slammed-calling-obamas-dnc-speeches-best-history-our-country,NBA great Magic Johnson slammed for calling Obama’s DNC speeches the best in ‘history of our country’,FoxNews,NBA great Magic Johnson slammed for calling Obama’s DNC speeches the best in ‘history of our country’,1,17,101
https://www.foxnews.com/health/home-hospital-care-brings-phenomenal-benefits-patients-providers-study,"Home hospital care brings ‘phenomenal’ benefits to patients and providers, study finds",FoxNews,"Home hospital care brings ‘phenomenal’ benefits to patients and providers, study finds",1,12,86
https://www.nbcnews.com/news/world/china-qin-gang-removes-foreign-minister-wolf-warrior-diplomacy-rcna96135,China’s foreign minister removed from post,NBC,China’s foreign minister removed from post,0,6,42
https://www.nbcnews.com/politics/congress/democrats-force-vote-protections-ivf-election-year-messaging-heats-rcna156413,Democrats to force vote for protections for IVF as election year messaging heats up,NBC,Democrats to force vote for protections for IVF as election year messaging heats up,0,14,83
https://www.nbcnews.com/politics/justice-department/capitol-police-officer-eugene-goodman-offers-new-jan-6-details-trial-q-rcna48577,Capitol Police Officer Eugene Goodman offers new Jan. 6 details at trial of QAnon believer,NBC,Capitol Police Officer Eugene Goodman offers new Jan. 6 details at trial of QAnon believer,0,15,90
https://www.foxnews.com/entertainment/kurt-cobain-courtney-love-attempted-escape-craziness-fame,Kurt Cobain and Courtney Love attempted to escape 'craziness' of fame,FoxNews,Kurt Cobain and Courtney Love attempted to escape 'craziness' of fame,1,11,69
https://www.foxnews.com/us/trump-shooting-site-gives-birds-eye-view-disorganized-rally-scene-witnesses-say,"Trump shooting site gives bird's eye view of 'disorganized' rally scene, witnesses say",FoxNews,"Trump shooting site gives bird's eye view of 'disorganized' rally scene, witnesses say",1,13,86
https://www.nbcnews.com/politics/white-house/biden-harris-werent-invited-arlington-abbey-gate-trump-rcna169154,White House says Biden and Harris weren’t invited to Arlington Cemetery by families of service members killed during Afghanistan withdrawal,NBC,White House says Biden and Harris weren’t invited to Arlington Cemetery by families of service members killed during Afghanistan withdrawal,0,20,139
https://www.foxnews.com/entertainment/victorias-secret-fashion-show-wildest-moments-gisele-bundchen-fur-flap12m-bra-awkward-exes.print,"Victoria's Secret fashion show wildest moments included Gisele Bündchen fur flap, $12M bras, awkward exes",FoxNews,"Victoria's Secret fashion show wildest moments included Gisele Bündchen fur flap, $12M bras, awkward exes",1,15,105
https://www.foxnews.com/politics/biden-admin-rigged-internal-analysis-softening-blow-power-plant-regulations-report,"Biden administration rigged internal analysis, softening blow of power plant regulations: report",FoxNews,"Biden administration rigged internal analysis, softening blow of power plant regulations: report",1,12,96
https://www.nbcnews.com/politics/elections/fcc-looks-fine-conservative-activists-5-million-false-mail-voting-n1277569,FCC looks to fine conservative activists $5 million for false mail voting robocalls,NBC,FCC looks to fine conservative activists $5 million for false mail voting robocalls,0,13,83
https://www.foxnews.com/politics/lawmakers-torch-feds-cuba-regulation-adjustment-lifeline-greatest-enemy-our-hemisphere,Biden's move to lift financial restrictions on notorious dictatorship triggers backlash,FoxNews,Biden's move to lift financial restrictions on notorious dictatorship triggers backlash,1,11,87
https://www.nbcnews.com/news/nbcblk/sneakers-generated-70b-last-year-black-retailers-saw-little-rcna3546,Sneakers generated $70B last year. Black retailers saw little of that.,NBC,Sneakers generated $70B last year. Black retailers saw little of that.,0,11,70
https://www.nbcnews.com/health/health-news/pauses-embryo-transfers-alabama-leave-ivf-patients-options-rcna140052,Pauses on embryo transfers out of Alabama leave IVF patients with few options,NBC,Pauses on embryo transfers out of Alabama leave IVF patients with few options,0,13,77
https://www.nbcnews.com/tech/tech-news/nft-boom-digital-collectibles-rcna430,What's an NFT? Behind the boom for digital collectibles,NBC,What's an NFT? Behind the boom for digital collectibles,0,9,55
https://www.foxnews.com/lifestyle/pet-lovers-roundup-deals-useful-pet-supplies-accessories,Pet lovers' roundup: Cool deals on useful pet supplies and accessories,FoxNews,Pet lovers' roundup: Cool deals on useful pet supplies and accessories,1,11,70
https://www.foxnews.com/politics/supreme-court-overturn-roe-draft-leaked-draft-opinion-report,"Supreme Court set to overturn Roe v. Wade, leaked draft opinion shows: report",FoxNews,"Supreme Court set to overturn Roe v. Wade, leaked draft opinion shows: report",1,13,77
https://www.foxnews.com/politics/republican-aiming-flip-key-senate-seat-dark-blue-state-deadlocked-democrat-poll,New poll reveals Republican Senate candidate deadlocked with Dem in crucial deep blue state,FoxNews,New poll reveals Republican Senate candidate deadlocked with Dem in crucial deep blue state,1,14,91
https://www.foxnews.com/media/fetterman-reams-ny-times-platforming-terrorist-propaganda-after-interview-senior-hamas-official,Fetterman reams out NY Times for platforming terrorist propaganda after interview with senior Hamas official,FoxNews,Fetterman reams out NY Times for platforming terrorist propaganda after interview with senior Hamas official,1,15,108
https://www.nbcnews.com/politics/congress/sen-ted-cruz-comes-under-fire-after-photos-purportedly-show-n1258249,'Obviously a mistake': Sen. Ted Cruz says he regrets going to Cancún while Texans froze,NBC,'Obviously a mistake': Sen. Ted Cruz says he regrets going to Cancún while Texans froze,0,15,87
https://www.foxnews.com/media/meet-everyday-heroes-commemorated-fox-nation-2023-patriot-awards,Meet the everyday heroes commemorated at Nation's 2023 Patriot Awards,FoxNews,Meet the everyday heroes commemorated at Nation's 2023 Patriot Awards,1,10,69
https://www.nbcnews.com/news/world/us-new-palestinian-government-political-reform-rcna145717,U.S. welcomes a new Palestinian government after making repeated calls for political reform,NBC,U.S. welcomes a new Palestinian government after making repeated calls for political reform,0,13,91
https://www.nbcnews.com/politics/elections/ohio-issue-one-reject-loss-abortion-rights-ballot-measure-rcna98842,"In a win for abortion rights supporters, Ohio voters reject Issue 1",NBC,"In a win for abortion rights supporters, Ohio voters reject Issue 1",0,12,67
https://www.nbcnews.com/politics/politics-news/secret-service-director-kimberly-cheatle-expected-tell-house-hearing-a-rcna163010,House committee skewers Secret Service director for not answering major questions on Trump assassination attempt,NBC,House committee skewers Secret Service director for not answering major questions on Trump assassination attempt,0,15,112
https://www.nbcnews.com/news/world/israel-protest-netanyahus-judicial-overhaul-rcna70535,Tens of thousands protest Netanyahu's contentious plan to overhaul Israel's judicial system,NBC,Tens of thousands protest Netanyahu's contentious plan to overhaul Israel's judicial system,0,12,91
https://www.foxnews.com/media/harris-media-blitz-massive-missed-opportunity-disrupt-razor-thin-race-msnbc-op-ed-says.print,Harris' media blitz was a 'massive missed opportunity' to disrupt razor thin race: MSNBC column,FoxNews,Harris' media blitz was a 'massive missed opportunity' to disrupt razor thin race: MSNBC column,1,15,95
https://www.foxnews.com/media/james-carville-warns-biden-every-time-he-listens-left-hes-screwed,"James Carville warns Biden every time he listens to the left, he's 'screwed'",FoxNews,"James Carville warns Biden every time he listens to the left, he's 'screwed'",1,13,76
https://www.foxnews.com/politics/secret-service-protocol-changed-amid-presidential-assassination-attempts-through-years,How Secret Service protocol has changed amid presidential assassination attempts through the years,FoxNews,How Secret Service protocol has changed amid presidential assassination attempts through the years,1,13,98
https://www.foxnews.com/media/hakeem-jeffries-boasts-democrats-effectively-governing-majority-house-just-facts,Hakeem Jeffries boasts Democrats are 'effectively' governing as the majority in the House: 'Just the facts',FoxNews,Hakeem Jeffries boasts Democrats are 'effectively' governing as the majority in the House: 'Just the facts',1,16,107
https://www.nbcnews.com/select/shopping/how-much-water-to-drink-rcna140219,How much water do you really need to drink?,NBC,How much water do you really need to drink?,0,9,43
https://www.nbcnews.com/health/health-news/fentanyl-xylazine-west-virginia-rcna128327,This state is counting the human casualties from a drug meant for animals,NBC,This state is counting the human casualties from a drug meant for animals,0,13,73
https://www.nbcnews.com/politics/congress/two-trump-white-house-officials-expected-testify-prime-time-jan-6-hear-rcna38832,2 Trump White House officials expected to testify at prime time Jan. 6 hearing Thursday,NBC,2 Trump White House officials expected to testify at prime time Jan. 6 hearing Thursday,0,15,87
https://www.nbcnews.com/news/world/shooting-us-embassy-beirut-lebanon-israel-hezbollah-offensive-rcna155552,Gunman attacks U.S. Embassy; Israel 'prepared for intense action' on Lebanon,NBC,Gunman attacks U.S. Embassy; Israel 'prepared for intense action' on Lebanon,0,11,76
https://www.foxnews.com/politics/ex-usda-official-blasts-mind-boggling-biden-regulations-farming-menthol.print,"Ex USDA official blasts 'mind boggling' Biden regulations on farming, menthol: 'Doesn't seem very American'",FoxNews,"Ex USDA official blasts 'mind boggling' Biden regulations on farming, menthol: 'Doesn't seem very American'",1,15,107
https://www.foxnews.com/media/tom-cotton-turns-tables-cnns-dana-bash-guns-brings-up-harris-past-remarks-school-shootings,"Tom Cotton turns tables on CNN's Dana Bash on guns, brings up Harris' past remarks on school shootings",FoxNews,"Tom Cotton turns tables on CNN's Dana Bash on guns, brings up Harris' past remarks on school shootings",1,18,102
https://www.nbcnews.com/news/law-protecting-alabama-ivf-may-harm-good-critics-say-rcna142288,"Law protecting Alabama IVF may do more harm than good, critics say",NBC,"Law protecting Alabama IVF may do more harm than good, critics say",0,12,66
https://www.foxnews.com/tech/elon-musk-moving-spacex-headquarters-texas-frustration-california-laws,Elon Musk says he’s moving SpaceX headquarters to Texas amid frustration with California laws,FoxNews,Elon Musk says he’s moving SpaceX headquarters to Texas amid frustration with California laws,1,14,93
https://www.foxnews.com/opinion/nova-music-festival-massacre-survivor-vows-never-again.print,A Nova music festival massacre survivor vows ‘Never again’,FoxNews,A Nova music festival massacre survivor vows ‘Never again’,1,9,58
https://www.nbcnews.com/politics/justice-department/trump-republicans-jan-6-hostages-violence-capitol-police-rcna143888,Meet some of the violent Jan. 6 rioters Donald Trump keeps calling 'hostages',NBC,Meet some of the violent Jan. 6 rioters Donald Trump keeps calling 'hostages',0,13,77
https://www.foxnews.com/media/mother-migrant-crime-victim-angered-over-vp-harris-answers-she-does-owe-us-apology,Mother of migrant crime victim angered over VP Harris' answers: 'She does' owe us an apology,FoxNews,Mother of migrant crime victim angered over VP Harris' answers: 'She does' owe us an apology,1,16,92
https://www.nbcnews.com/select/shopping/best-kids-kn95-masks-ncna1275419,What to know about kids KN95 masks,NBC,What to know about kids KN95 masks,0,7,34
https://www.foxnews.com/world/russia-ukraine-war-donbas-fight-zelenskyy,"Russia Ukraine war: Deadly fight in Donbas 'one of the most brutal battles... for Europe,' Zelenskyy says",FoxNews,"Russia Ukraine war: Deadly fight in Donbas 'one of the most brutal battles... for Europe,' Zelenskyy says",1,17,105
https://www.nbcnews.com/news/world/progress-not-peace-breaking-down-trump-brokered-deals-between-israel-n1240298,"Why the Trump brokered deals between Israel, Arab states mean progress, not peace",NBC,"Why the Trump brokered deals between Israel, Arab states mean progress, not peace",0,13,81
https://www.nbcnews.com/news/world/palestinian-gunman-kills-2-officials-meet-discuss-surge-violence-rcna72369,Palestinian gunman kills 2 as officials meet to discuss surge in violence,NBC,Palestinian gunman kills 2 as officials meet to discuss surge in violence,0,12,73
https://www.nbcnews.com/select/shopping/hatch-restore-2-review-rcna143055,I tried the newest Hatch sunrise alarm clock for 4 months now I can’t sleep without it,NBC,I tried the newest Hatch sunrise alarm clock for 4 months now I can’t sleep without it,0,17,86
https://www.foxnews.com/politics/texas-supreme-court-rejects-challenge-state-abortion-bans-medical-exceptions,Texas Supreme Court rejects challenge to state abortion ban's medical exceptions,FoxNews,Texas Supreme Court rejects challenge to state abortion ban's medical exceptions,1,11,80
https://www.foxnews.com/politics/trump-stage-mar-a-lago-press-conference-stark-contrast-harris-she-avoids-media,Trump stages Mar a Lago press conference in 'stark contrast' with Harris as she avoids media,FoxNews,Trump stages Mar a Lago press conference in 'stark contrast' with Harris as she avoids media,1,16,92
https://www.foxnews.com/politics/pennsylvania-leaders-talk-very-exciting-ground-game-gop-seeks-undo-dem-gains-a-massive-shift,Pennsylvania leaders in both parties talk ground game as GOP seeks to undo Dem gains: 'Massive shift',FoxNews,Pennsylvania leaders in both parties talk ground game as GOP seeks to undo Dem gains: 'Massive shift',1,17,101
https://www.foxnews.com/lifestyle/gratitude-9-11-heroes-charlie-daniels-patriot-awards-honors-three-generation-family-first-responders,Gratitude for 9/11 heroes: Charlie Daniels Patriot Awards honors three generation family of first responders,FoxNews,Gratitude for 9/11 heroes: Charlie Daniels Patriot Awards honors three generation family of first responders,1,15,108
https://www.nbcnews.com/politics/white-house/white-house-condemns-university-presidents-contentious-congressional-h-rcna128373,White House condemns university presidents after contentious congressional hearing on antisemitism,NBC,White House condemns university presidents after contentious congressional hearing on antisemitism,0,11,98
https://www.nbcnews.com/news/us-news/texas-husband-held-1m-bond-wifes-strangulation-death-was-first-reporte-rcna176173,Texas husband held on $1M bond in wife's strangulation death that was first reported as suicide,NBC,Texas husband held on $1M bond in wife's strangulation death that was first reported as suicide,0,16,95
https://www.foxnews.com/us/delphi-murders-trial-suspect-richard-allen-attorneys-make-stunning-revelation-about-hair-crime-scene,Delphi murders trial: Suspect Richard Allen's attorneys make stunning revelation about hair at crime scene,FoxNews,Delphi murders trial: Suspect Richard Allen's attorneys make stunning revelation about hair at crime scene,1,15,106
https://www.nbcnews.com/politics/congress/top-meadows-aide-cassidy-hutchinson-testify-jan-6-hearing-rcna35633,Top Meadows aide Cassidy Hutchinson to testify at Jan. 6 hearing,NBC,Top Meadows aide Cassidy Hutchinson to testify at Jan. 6 hearing,0,11,64
https://www.foxnews.com/politics/secret-service-told-locals-would-take-care-of-building-crooks-shot-trump-from,Secret Service told locals they would ‘take care of’ building used by Thomas Crooks to shoot Trump,FoxNews,Secret Service told locals they would ‘take care of’ building used by Thomas Crooks to shoot Trump,1,17,98
https://www.nbcnews.com/meet-the-press/data-download/super-bowl-nfl-defy-partisan-trends-us-rcna70272,"Super Bowl, NFL defy partisan trends in U.S.",NBC,"Super Bowl, NFL defy partisan trends in U.S.",0,8,44
https://www.nbcnews.com/news/world/biden-top-adviser-saudi-crown-prince-israel-normalization-jake-sulliva-rcna96818,Biden dispatches top adviser for talks with Saudi crown prince,NBC,Biden dispatches top adviser for talks with Saudi crown prince,0,10,62
https://www.nbcnews.com/politics/white-house/biden-signs-executive-order-shutting-southern-border-rcna155426,Biden signs executive action drastically tightening border,NBC,Biden signs executive action drastically tightening border,0,7,58
https://www.nbcnews.com/news/us-news/charges-beverly-hills-attack-jewish-couple-amount-life-prison-rcna129432,Charges in Beverly Hills attack on Jewish couple could amount to life in prison,NBC,Charges in Beverly Hills attack on Jewish couple could amount to life in prison,0,14,79
https://www.foxnews.com/media/abc-debate-moderators-spark-fury-aggressive-fact-checking-trump-easy-treatment-harris,"ABC debate moderators spark fury for aggressive fact checking of Trump, easy treatment of Harris",FoxNews,"ABC debate moderators spark fury for aggressive fact checking of Trump, easy treatment of Harris",1,15,96
https://www.foxnews.com/lifestyle/this-day-history-september-17-1937-abraham-lincoln-carving-officially-dedicated-mount-rushmore,"On this day in history, September 17, 1937, Abraham Lincoln carving is officially dedicated at Mount Rushmore",FoxNews,"On this day in history, September 17, 1937, Abraham Lincoln carving is officially dedicated at Mount Rushmore",1,17,109
https://www.nbcnews.com/select/shopping/best-pregnancy-safe-skin-care-rcna100065,"The skin care ingredients you should avoid while pregnant, according to doctors",NBC,"The skin care ingredients you should avoid while pregnant, according to doctors",0,12,79
https://www.foxnews.com/politics/iran-trying-sabotage-trumps-presidential-campaign-us-intelligence,Iran trying to sabotage Trump's presidential campaign: US intelligence,FoxNews,Iran trying to sabotage Trump's presidential campaign: US intelligence,1,9,70
https://www.foxnews.com/entertainment/bradley-cooper-supports-brad-pitt-brooke-shields-real-life-hollywood-hero,"Bradley Cooper supports Brad Pitt, Brooke Shields as real life Hollywood hero",FoxNews,"Bradley Cooper supports Brad Pitt, Brooke Shields as real life Hollywood hero",1,12,77
https://www.nbcnews.com/news/asian-america/big-techs-big-problem-also-best-kept-secret-caste-discrimination-rcna33692,Big Tech's big problem is also its 'best kept secret': Caste discrimination,NBC,Big Tech's big problem is also its 'best kept secret': Caste discrimination,0,12,75
https://www.nbcnews.com/tech/tech-news/x-blocked-brazil-supreme-court-panel-upholds-suspension-order-rcna169257,X blocked in Brazil after supreme court panel upholds suspension order,NBC,X blocked in Brazil after supreme court panel upholds suspension order,0,11,70
https://www.foxnews.com/entertainment/bruce-willis-daughter-tallulah-gets-emotional-photos-dad-my-whole-damn-heart,"Bruce Willis' daughter Tallulah gets emotional over photos with dad, 'my whole damn heart'",FoxNews,"Bruce Willis' daughter Tallulah gets emotional over photos with dad, 'my whole damn heart'",1,14,90
https://www.foxnews.com/sports/womens-soccer-club-features-several-transgender-players-wins-league-title-finishes-undefeated,"Women's soccer club that features several transgender players wins league title, finishes undefeated",FoxNews,"Women's soccer club that features several transgender players wins league title, finishes undefeated",1,13,100
https://www.foxnews.com/health/study-discovers-trigger-gene-ibd-researchers-look-drugs-prevent-bowel-disease,Study discovers 'trigger gene' in IBD as researchers look for drugs to prevent the bowel disease,FoxNews,Study discovers 'trigger gene' in IBD as researchers look for drugs to prevent the bowel disease,1,16,96
https://www.foxnews.com/us/after-video-armed-venezuelan-gang-shared-local-official-goes-viral-colorado-city-takes-action.print,"After video of armed Venezuelan gang shared by local official goes viral, Colorado city takes action",FoxNews,"After video of armed Venezuelan gang shared by local official goes viral, Colorado city takes action",1,16,100
https://www.foxnews.com/sports/san-jose-state-police-battle-womens-volleyball-transgender-culture-war,Inside San Jose State's police battle to protect women's athletes threatened by a transgender culture war,FoxNews,Inside San Jose State's police battle to protect women's athletes threatened by a transgender culture war,1,16,105
https://www.nbcnews.com/politics/2020-election/wisconsin-set-vote-national-guard-called-out-many-polling-places-n1178206,"Wisconsin voters face long waits, lines amid coronavirus outbreak",NBC,"Wisconsin voters face long waits, lines amid coronavirus outbreak",0,9,65
https://www.foxnews.com/sports/kentucky-derby-what-know-first-leg-horse-racings-triple-crown,Kentucky Derby 2023: What to know about the first leg of horse racing's Triple Crown,FoxNews,Kentucky Derby 2023: What to know about the first leg of horse racing's Triple Crown,1,15,84
https://www.nbcnews.com/politics/donald-trump/donald-trump-jd-vance-relationship-rcna171181,Inside Trump and Vance's 'buddy level' relationship,NBC,Inside Trump and Vance's 'buddy level' relationship,0,7,51
https://www.foxnews.com/media/rolling-stones-tour-sponsored-aarp-80-year-old-rocker-mick-jagger-set-hit-road,Rolling Stones tour sponsored by AARP as 80 year old rocker Mick Jagger set to hit the road,FoxNews,Rolling Stones tour sponsored by AARP as 80 year old rocker Mick Jagger set to hit the road,1,18,91
https://www.foxnews.com/sports/pat-mahomes-sr-pleads-guilty-dwi-3rd-more-charge,Pat Mahomes Sr pleads guilty to DWI 3rd time or more charge,FoxNews,Pat Mahomes Sr pleads guilty to DWI 3rd time or more charge,1,12,59
https://www.nbcnews.com/news/asian-america/asian-american-evangelicals-theology-conservative-doesnt-mean-vote-way-rcna175947,Asian American evangelicals’ theology is conservative. But that doesn’t mean they vote that way.,NBC,Asian American evangelicals’ theology is conservative. But that doesn’t mean they vote that way.,0,14,96
https://www.nbcnews.com/politics/congress/house-leaves-town-september-little-show-voters-rcna163638,House leaves town until September with little to show voters,NBC,House leaves town until September with little to show voters,0,10,60
https://www.foxnews.com/media/michael-moore-warns-kamala-harris-not-go-centrist,Michael Moore warns Kamala Harris to not go ‘centrist’,FoxNews,Michael Moore warns Kamala Harris to not go ‘centrist’,1,9,54
https://www.nbcnews.com/politics/2024-election/key-trump-allies-charged-fake-electors-scheme-wisconsin-rcna155395,Key Trump allies charged in fake electors scheme in Wisconsin,NBC,Key Trump allies charged in fake electors scheme in Wisconsin,0,10,61
https://www.nbcnews.com/politics/2024-election/poll-numbers-key-groups-moved-biden-harris-trump-rcna172013,Inside the poll numbers: Which key groups have moved and which ones haven't since Biden's exit,NBC,Inside the poll numbers: Which key groups have moved and which ones haven't since Biden's exit,0,16,94
https://www.nbcnews.com/news/world/bangladesh-prime-minister-reportedly-ousted-student-led-protests-rcna165110,Bangladesh prime minister is ousted after weeks of deadly protests,NBC,Bangladesh prime minister is ousted after weeks of deadly protests,0,10,66
https://www.nbcnews.com/politics/donald-trump/judge-hits-pause-trump-federal-election-case-presidential-immunity-app-rcna129603,Judge hits pause on Trump federal election case over presidential immunity appeal,NBC,Judge hits pause on Trump federal election case over presidential immunity appeal,0,12,81
https://www.foxnews.com/politics/harris-visits-crucial-border-state-immigration-record-sparks-scrutiny-timeline,Harris visits crucial border state as immigration record sparks scrutiny: A timeline,FoxNews,Harris visits crucial border state as immigration record sparks scrutiny: A timeline,1,12,84
https://www.foxnews.com/entertainment/bruce-willis-shares-sweet-embrace-daughter-tallulah-makes-funny-faces-playful-snaps.print,Bruce Willis shares sweet embrace with daughter Tallulah and makes funny faces in playful snaps,FoxNews,Bruce Willis shares sweet embrace with daughter Tallulah and makes funny faces in playful snaps,1,15,95
https://www.foxnews.com/entertainment/rock-roll-hall-fame-foundation-moves-forward-dolly-parton-nomination,Rock & Roll Hall of Fame Foundation moves forward with Dolly Parton's nomination despite icon's opposition,FoxNews,Rock & Roll Hall of Fame Foundation moves forward with Dolly Parton's nomination despite icon's opposition,1,16,106
https://www.foxnews.com/lifestyle/meet-american-who-reported-first-sensational-ufo-encounters-puritan-leader-john-winthrop,"Meet the American who reported the first sensational UFO encounters, Puritan leader John Winthrop",FoxNews,"Meet the American who reported the first sensational UFO encounters, Puritan leader John Winthrop",1,14,97
https://www.foxnews.com/us/rachel-morin-murder-eerily-similar-high-profile-cases-female-joggers-killed-strangers,Rachel Morin murder eerily similar to high profile cases of female joggers killed by strangers,FoxNews,Rachel Morin murder eerily similar to high profile cases of female joggers killed by strangers,1,15,94
https://www.foxnews.com/lifestyle/new-york-veteran-105-shares-secret-fulfilling-life-faith-family-no-regrets,"New York veteran, 105, shares her secret to a fulfilling life: Faith, family and 'no regrets'",FoxNews,"New York veteran, 105, shares her secret to a fulfilling life: Faith, family and 'no regrets'",1,16,93
https://www.nbcnews.com/news/nbcblk/nba-player-karl-anthony-towns-losing-8-relatives-covid-19-rcna3398,NBA player Karl Anthony Towns on losing 8 relatives from Covid 19,NBC,NBA player Karl Anthony Towns on losing 8 relatives from Covid 19,0,12,65
https://www.foxnews.com/lifestyle/rare-us-coin-130-years-ago-worth-millions-expert-confirms-9-could-out-there,"Rare US coin from 130 years ago worth millions, expert confirms only 9 could be out there",FoxNews,"Rare US coin from 130 years ago worth millions, expert confirms only 9 could be out there",1,17,89
https://www.nbcnews.com/politics/2024-election/-form-therapy-kamala-harris-sips-beers-jokes-talk-show-tour-rcna174738,'My form of therapy': Kamala Harris sips beers and jokes in talk show tour,NBC,'My form of therapy': Kamala Harris sips beers and jokes in talk show tour,0,14,74
https://www.foxnews.com/politics/gop-demands-trump-have-same-level-secret-service-protection-biden-after-2nd-assassination-attempt,GOP demands Trump have 'same level' Secret Service protection as Biden after 2nd assassination attempt,FoxNews,GOP demands Trump have 'same level' Secret Service protection as Biden after 2nd assassination attempt,1,15,102
https://www.foxnews.com/lifestyle/veterans-day-lessons-leadership-america-former-marine-mission,"This Veterans Day, four key lessons on leadership in America from a former Marine: 'Sense of mission'",FoxNews,"This Veterans Day, four key lessons on leadership in America from a former Marine: 'Sense of mission'",1,17,101
https://www.nbcnews.com/politics/2024-election/ruben-gallego-kari-lake-square-sharp-edged-arizona-senate-debate-rcna174378,Ruben Gallego and Kari Lake square off in sharp edged Arizona Senate debate,NBC,Ruben Gallego and Kari Lake square off in sharp edged Arizona Senate debate,0,13,75
https://www.foxnews.com/politics/lauren-boebert-wont-further-imperil-slim-gop-majority-running-special-election-ken-bucks-seat,Lauren Boebert won't 'further imperil' slim GOP majority by running in special election for Ken Buck's seat,FoxNews,Lauren Boebert won't 'further imperil' slim GOP majority by running in special election for Ken Buck's seat,1,17,107
https://www.foxnews.com/politics/mayorkas-grilled-by-lawmakers-on-release-of-laken-rileys-alleged-killer-into-us-your-policies-in-action,Lawmakers berate Mayorkas on Laken Riley murder: ‘Your policies in action’,FoxNews,Lawmakers berate Mayorkas on Laken Riley murder: ‘Your policies in action’,1,11,74
https://www.nbcnews.com/news/world/qatar-re-evaluating-role-mediator-gaza-cease-fire-talks-rcna148336,Qatar re evaluating its role as mediator in Gaza cease fire talks,NBC,Qatar re evaluating its role as mediator in Gaza cease fire talks,0,12,65
https://www.nbcnews.com/select/shopping/best-mattresses-side-sleepers-rcna163394,Are you a side sleeper? Here’s what experts say to look for in a mattress,NBC,Are you a side sleeper? Here’s what experts say to look for in a mattress,0,15,73
https://www.nbcnews.com/politics/2024-primary-elections/arizona-senate-results,Arizona Senate Primary Election 2024 Live Results,NBC,Arizona Senate Primary Election 2024 Live Results,0,7,49
https://www.foxnews.com/politics/tough-call-atlanta-voters-split-who-win-georgia.print,'Tough call': Atlanta voters split on who will win Georgia,FoxNews,'Tough call': Atlanta voters split on who will win Georgia,1,10,58
https://www.foxnews.com/lifestyle/spring-cleaning-forgotten-spaces-tips-tidying-home,"10 spots you can't forget when you're spring cleaning, from an expert",FoxNews,"10 spots you can't forget when you're spring cleaning, from an expert",1,12,69
https://www.nbcnews.com/politics/2024-election/benjamin-netanyahu-meet-gov-ron-desantis-rcna80898,Benjamin Netanyahu says he will meet with Florida Gov. Ron DeSantis in Israel,NBC,Benjamin Netanyahu says he will meet with Florida Gov. Ron DeSantis in Israel,0,13,77
https://www.nbcnews.com/health/health-news/gaza-hospitals-airstrikes-children-supplies-power-rcna119877,Gaza hospitals face a ‘tsunami of wounded’ as supplies and power run out,NBC,Gaza hospitals face a ‘tsunami of wounded’ as supplies and power run out,0,13,72
https://www.foxnews.com/politics/tim-walz-courts-firefighters-at-intl-association-of-fire-fighters-convention-well-have-your-back,Tim Walz attempts to court firefighters during speech at Boston convention: 'We'll have your back',FoxNews,Tim Walz attempts to court firefighters during speech at Boston convention: 'We'll have your back',1,15,98
https://www.nbcnews.com/news/world/weary-israelis-endure-more-hamas-rocket-barrages-n1267371,Weary Israelis endure more Hamas rocket barrages,NBC,Weary Israelis endure more Hamas rocket barrages,0,7,48
https://www.foxnews.com/politics/vance-walz-spar-on-immigration-during-vp-debate-been-to-the-border-more-than-our-border-czar.print,"Vance, Walz spar on immigration during VP debate: Been to the border 'more than our border czar'",FoxNews,"Vance, Walz spar on immigration during VP debate: Been to the border 'more than our border czar'",1,17,96
https://www.nbcnews.com/select/shopping/best-indoor-garden-kits-ncna1267376,You don’t need outdoor space to have fresh produce here’s how to grow it right on your countertop,NBC,You don’t need outdoor space to have fresh produce here’s how to grow it right on your countertop,0,18,97
https://www.foxnews.com/lifestyle/this-day-history-oct-17-1835-texas-rangers-formally-proposed-settlers-frontier,"On this day in history, October 17, 1835, Texas Rangers formally proposed among settlers patrolling frontier",FoxNews,"On this day in history, October 17, 1835, Texas Rangers formally proposed among settlers patrolling frontier",1,16,108
https://www.foxnews.com/politics/trump-edges-biden-again-new-2024-poll-builds-support-younger-voters,"Trump edges Biden again in new 2024 poll, builds support with younger voters",FoxNews,"Trump edges Biden again in new 2024 poll, builds support with younger voters",1,13,76
https://www.nbcnews.com/politics/2024-election/sam-amy-brown-abortion-nevada-gop-republican-senate-race-rcna136826,"Amy Brown, wife of GOP Senate candidate Sam Brown, opens up about her abortion for the first time publicly",NBC,"Amy Brown, wife of GOP Senate candidate Sam Brown, opens up about her abortion for the first time publicly",0,19,106
https://www.nbcnews.com/select/shopping/best-fitness-apparel-wellness-awards-ncna1304730,The best fitness apparel we tried for workouts and recovery,NBC,The best fitness apparel we tried for workouts and recovery,0,10,59
https://www.nbcnews.com/news/us-news/their-inaction-cost-lives-u-s-capitol-police-union-rebukes-n1255882,'Their inaction cost lives': U.S. Capitol Police union rebukes leadership,NBC,'Their inaction cost lives': U.S. Capitol Police union rebukes leadership,0,10,73
https://www.nbcnews.com/select/shopping/best-ice-cream-makers-ncna1306882,Expert tips for making the perfect scoop of ice cream at home,NBC,Expert tips for making the perfect scoop of ice cream at home,0,12,61
https://www.nbcnews.com/news/world/india-modi-accused-hate-speech-calling-muslims-infiltrators-rcna148916,Modi accused of hate speech for calling Muslims 'infiltrators' at a rally days into India's election,NBC,Modi accused of hate speech for calling Muslims 'infiltrators' at a rally days into India's election,0,16,100
https://www.nbcnews.com/tech/instagram-launches-sleep-notifications-teens-rcna134468,Instagram will use 'nudges' to start suggesting teens log off at night,NBC,Instagram will use 'nudges' to start suggesting teens log off at night,0,12,70
https://www.foxnews.com/media/left-died-emergence-kamala-harris-democrats-cnns-van-jones.print,"Left 'just died' with the emergence of 'Kamala Harris Democrats,' says CNN's Van Jones",FoxNews,"Left 'just died' with the emergence of 'Kamala Harris Democrats,' says CNN's Van Jones",1,14,86
https://www.foxnews.com/health/taking-10k-steps-associated-reduction-risk-cancer-cardiovascular-disease-deaths-study.print,"Taking 10K steps may be associated with reduction in risk of cancer, cardiovascular disease deaths: study",FoxNews,"Taking 10K steps may be associated with reduction in risk of cancer, cardiovascular disease deaths: study",1,16,105
